domain,price,description,for_sale,personal_store,auto_renew,unicode,descript-IDNA,translate-IDNA,tags
xn--69qa8270d,,,False,False,True,龙凹凹,Chinese/Japanese/Korean,,"PUNY_IDNA,CJK"
xn--cjzu29a3zn,,,False,False,True,黑神话,Chinese/Japanese/Korean,,"PUNY_IDNA,CJK"
xn--4gq537o9vbc6b,,,False,False,True,驼一阵风,Chinese/Japanese/Korean,,"PUNY_IDNA,CJK"
xn--x8t30ksr4c,,,False,False,True,风无怨,Chinese/Japanese/Korean,,"PUNY_IDNA,CJK"
xn--53tu51j,,,False,False,True,长征,Chinese/Japanese/Korean,,"PUNY_IDNA,CJK"
xn--prrz31l,,,False,False,True,遥吻,Chinese/Japanese/Korean,,"PUNY_IDNA,CJK"
xn--ect323j,,"CH/ZH 'overnight' [adverb: overnight, all night long, the whole night]",False,False,True,通宵,Chinese/Japanese/Korean,,"PUNY_IDNA,CJK"
xn--fhq102n,,,False,False,True,迷上,Chinese/Japanese/Korean,,"PUNY_IDNA,CJK"
xn--g23a,,,False,False,True,輟,Chinese/Japanese/Korean,,"PUNY_IDNA,CJK"
xn--g02a,,,False,False,True,訐,Chinese/Japanese/Korean,,"PUNY_IDNA,CJK"
xn--look,,,False,False,True,䕳䕸,"Letters + CJK UNIFIED IDEOGRAPH-4573, CJK UNIFIED IDEOGRAPH-4578",,PUNY_IDNA
xn--45qu04cprp,,,False,False,True,紅八月,Chinese/Japanese/Korean,,"PUNY_IDNA,CJK"
xn--uvz,,"CH/ZH 'Pen' [noun: pen, pencil, stroke; verb: write, compose]",False,False,True,笔,Chinese/Japanese/Korean,,"PUNY_IDNA,CJK"
xn--ehq45fkxb6w6e,,CH/ZH '183',False,False,True,百八十三,Chinese/Japanese/Korean,,"PUNY_IDNA,CJK"
xn--lcy850f,,,False,False,True,玩风,Chinese/Japanese/Korean,,"PUNY_IDNA,CJK"
xn--z7xaa,333,CH/ZH 'cat cat cat',True,True,True,猫猫猫,Chinese/Japanese/Korean,,"PUNY_IDNA,CJK"
xn--24x,8888,CH/ZH 'mad',True,True,True,狅,Chinese/Japanese/Korean,,"PUNY_IDNA,CJK"
xn--gmqq18e,,,False,False,True,游人,Chinese/Japanese/Korean,,"PUNY_IDNA,CJK"
xn--00w46q,333,CHZH ‘white’,True,True,True,浮白,Chinese/Japanese/Korean,,"PUNY_IDNA,CJK"
xn--tfr361du9f,,,False,False,True,沈力男,Chinese/Japanese/Korean,,"PUNY_IDNA,CJK"
xn--94qv64c,,,False,False,True,未免,Chinese/Japanese/Korean,,"PUNY_IDNA,CJK"
xn--gmq182bese,,,False,False,True,无心人,Chinese/Japanese/Korean,,"PUNY_IDNA,CJK"
xn--5suv74k,,,False,False,True,拉麵,Chinese/Japanese/Korean,,"PUNY_IDNA,CJK"
xn--ltr54y,,,False,False,True,性命,Chinese/Japanese/Korean,,"PUNY_IDNA,CJK"
xn--qrq961b,,,False,False,True,怂佳,Chinese/Japanese/Korean,,"PUNY_IDNA,CJK"
xn--p5t330d,,,False,False,True,德稻,Chinese/Japanese/Korean,,"PUNY_IDNA,CJK"
xn--fiq23l18g,,,False,False,True,安可中,Chinese/Japanese/Korean,,"PUNY_IDNA,CJK"
xn--fiqrep10a7ue,,,False,False,True,学习中国,Chinese/Japanese/Korean,,"PUNY_IDNA,CJK"
xn--4qsveow,,,False,False,True,姜大声,Chinese/Japanese/Korean,,"PUNY_IDNA,CJK"
xn--dvso25e,,,False,False,True,妄祁,Chinese/Japanese/Korean,,"PUNY_IDNA,CJK"
xn--rsss09j,,,False,False,True,天逆,Chinese/Japanese/Korean,,"PUNY_IDNA,CJK"
xn--fiq92vjza28m9wtsyo,,,False,False,True,天堂中的平民,Chinese/Japanese/Korean,,"PUNY_IDNA,CJK"
xn--uxqy9saa,,,False,False,True,大大大偉,Chinese/Japanese/Korean,,"PUNY_IDNA,CJK"
xn--kis,55,,True,True,True,埄,Chinese/Japanese/Korean,,"PUNY_IDNA,CJK"
xn--3bs63j2w3c,,,False,False,True,团小课,Chinese/Japanese/Korean,,"PUNY_IDNA,CJK"
xn--chq2c4jaa705e,,,False,False,True,十万个买买买,Chinese/Japanese/Korean,,"PUNY_IDNA,CJK"
xn--55q5d944a,,,False,False,True,公安军,Chinese/Japanese/Korean,,"PUNY_IDNA,CJK"
xn--4kqw3e63mcrc,,,False,False,True,公安二师,Chinese/Japanese/Korean,,"PUNY_IDNA,CJK"
xn--45qa42l6w6e,880,CHZH ‘880’,True,True,True,八百八十,Chinese/Japanese/Korean,,"PUNY_IDNA,CJK"
xn--45q11cm41a,,CH/ZH 'Baguazhang',False,False,True,八卦掌,Chinese/Japanese/Korean,,"PUNY_IDNA,CJK"
xn--45qqoj7c44m,,,False,False,True,八分君子,Chinese/Japanese/Korean,,"PUNY_IDNA,CJK"
xn--15q26v,1234,CHZH ‘all seasons’,True,True,True,全季,Chinese/Japanese/Korean,,"PUNY_IDNA,CJK"
xn--zoq,,CH/ZH 'mad',False,False,True,伓,Chinese/Japanese/Korean,,"PUNY_IDNA,CJK"
xn--zz-dh3c,,,False,False,True,任zz,Chinese/Japanese/Korean,,"PUNY_IDNA,CJK"
xn--ihqur60ar5y,,,False,False,True,今天不信,Chinese/Japanese/Korean,,"PUNY_IDNA,CJK"
xn--flq,,CH/ZH '4',False,False,True,亖,Chinese/Japanese/Korean,,"PUNY_IDNA,CJK"
xn--ipad-kt5fz95h,,,False,False,True,二手ipad,Chinese/Japanese/Korean,,"PUNY_IDNA,CJK"
xn--fiq241nqud,,,False,False,True,中間进,Chinese/Japanese/Korean,,"PUNY_IDNA,CJK"
xn--fiqr1kovf8vfd89d,,,False,False,True,中央警卫师,Chinese/Japanese/Korean,,"PUNY_IDNA,CJK"
xn--fiqr1kb8cf1cus5h,,,False,False,True,中央警卫团,Chinese/Japanese/Korean,,"PUNY_IDNA,CJK"
xn--fiq86kg7ekzk,,,False,False,True,中央厨房,Chinese/Japanese/Korean,,"PUNY_IDNA,CJK"
xn--ehq95fexb6w6e,360,CHZH ‘360’,True,True,True,三百六十,Chinese/Japanese/Korean,,"PUNY_IDNA,CJK"
xn--ehq0m06e,365,CHZH ‘3 6 5’,True,True,True,三六五,Chinese/Japanese/Korean,,"PUNY_IDNA,CJK"
xn--4gqra70b,3210,CHZH ‘3 2 1’,True,True,True,三二一,Chinese/Japanese/Korean,,"PUNY_IDNA,CJK"
xn--5gqr5yss2a,222,CHZH 'ding rice',True,True,True,丁大米,Chinese/Japanese/Korean,,"PUNY_IDNA,CJK"
xn--4gqu4ltz1b,,,False,False,True,一程又,Chinese/Japanese/Korean,,"PUNY_IDNA,CJK"
xn--88j6eta,,,False,False,True,をする,Japanese,,"PUNY_IDNA,Japanese"
xn--cekaa,,,False,False,True,ヨヨヨ,Japanese,,"PUNY_IDNA,Japanese"
xn--n8j9a9dug,,,False,False,True,ばんざい,Japanese,,"PUNY_IDNA,Japanese"
xn--idk9b,,,False,False,True,ニュ,Japanese,,"PUNY_IDNA,Japanese"
xn--u8j9d,,,False,False,True,かぶ,Japanese,,"PUNY_IDNA,Japanese"
xn--r8j6a8h,,,False,False,True,えもじ,Japanese,,"PUNY_IDNA,Japanese"
xn--2w2b155a,,KO ‘tsar’,False,False,True,차르,"Letters + HANGUL SYLLABLE CA, HANGUL SYLLABLE REU",,PUNY_IDNA
xn--le5bt3b,,,False,False,True,이안,"Letters + HANGUL SYLLABLE I, HANGUL SYLLABLE AN",,PUNY_IDNA
xn--3n1b4fa743m,,,False,False,True,도도덱스,"Letters + HANGUL SYLLABLE DO, HANGUL SYLLABLE DO, HANGUL SYLLABLE DEG, HANGUL SYLLABLE SEU",,PUNY_IDNA
xn--b00bies,,,False,False,True,끙끓끗끝,"Letters + HANGUL SYLLABLE GGEUNG, HANGUL SYLLABLE GGEULH, HANGUL SYLLABLE GGEUS, HANGUL SYLLABLE GGEUT",,PUNY_IDNA
xn--2me,55555,,False,False,True,ᕤ,Letters + CANADIAN SYLLABICS THO,,PUNY_IDNA
xn--oidg6c1h,,,False,False,True,ဖခင်,"Letters + MYANMAR LETTER PHA, MYANMAR LETTER KHA, MYANMAR LETTER NGA, MYANMAR SIGN ASAT",,PUNY_IDNA
xn--hmf,,,False,False,True,ᨘ,Letters + BUGINESE VOWEL SIGN U,,PUNY_IDNA
xn--uvc6bd3rpi,,,False,False,True,അച്ഛൻ,Malayalam,,"PUNY_IDNA,Malayalam"
xn--goc6dh4c1dzd,,,False,False,True,తండ్రి,"Letters + TELUGU LETTER TA, TELUGU SIGN ANUSVARA, TELUGU LETTER DDA, TELUGU SIGN VIRAMA, TELUGU LETTER RA, TELUGU VOWEL SIGN I",,PUNY_IDNA
xn--rlcal3kxa,,,False,False,True,தந்தை,Tamil,,"PUNY_IDNA,Tamil"
xn--9hcd8cb,,,False,False,True,ବାପା,"Letters + ORIYA LETTER BA, ORIYA VOWEL SIGN AA, ORIYA LETTER PA, ORIYA VOWEL SIGN AA",,PUNY_IDNA
xn--gecl5dc,,,False,False,True,પિતા,"Letters + GUJARATI LETTER PA, GUJARATI VOWEL SIGN I, GUJARATI LETTER TA, GUJARATI VOWEL SIGN AA",,PUNY_IDNA
xn--d9b4ae0a3gef,,,False,False,True,ਦੀਕਿਤਾਬ,"Letters + GURMUKHI LETTER DA, GURMUKHI VOWEL SIGN II, GURMUKHI LETTER KA, GURMUKHI VOWEL SIGN I, GURMUKHI LETTER TA, GURMUKHI VOWEL SIGN AA, GURMUKHI LETTER BA",,PUNY_IDNA
xn--85bhk3j,,,False,False,True,বন্য,"Letters + BENGALI LETTER BA, BENGALI LETTER NA, BENGALI SIGN VIRAMA, BENGALI LETTER YA",,PUNY_IDNA
xn--r5b8b8bj,,,False,False,True,গাভী,"Letters + BENGALI LETTER GA, BENGALI VOWEL SIGN AA, BENGALI LETTER BHA, BENGALI VOWEL SIGN II",,PUNY_IDNA
xn--11bug7bu8bwg8ang,555,Hindi 'Skateboard',True,True,True,स्केटबोर्ड,Devanagari (Hindi),,"PUNY_IDNA,Hindi"
xn--e2b8ah9b,,,False,False,True,वडील,Devanagari (Hindi),,"PUNY_IDNA,Hindi"
xn--11bo3d2c1c,,,False,False,True,क्रीज,Devanagari (Hindi),,"PUNY_IDNA,Hindi"
xn--l1b6a5b9a9f,,,False,False,True,अभीतक,Devanagari (Hindi),,"PUNY_IDNA,Hindi"
xn--mgbc6cyb,,,False,False,True,غالب,Arabic/Urdu/Uyghur,,"PUNY_IDNA,Arabic"
xn--mgbpl1fsa,,,False,False,True,سيدنا,Arabic/Urdu/Uyghur,,"PUNY_IDNA,Arabic"
xn--mgbpbq3ib,,,False,False,True,دادىسى,Arabic/Urdu/Uyghur,,"PUNY_IDNA,Arabic"
xn--ggb5fxg,,,False,False,True,پيء,Arabic/Urdu/Uyghur,,"PUNY_IDNA,Arabic"
xn--9dbr0a,,,False,False,True,קמו,Hebrew,,"PUNY_IDNA,Hebrew"
xn--4dbagida3all0j,,,False,False,True,ארכאולוגיה,Hebrew,,"PUNY_IDNA,Hebrew"
xn--y9aowv9c,,,False,False,True,հայրը,Armenian,,"PUNY_IDNA,Armenian"
xn--lodaogin3b,,,False,False,True,მთავარი,Georgian,,"PUNY_IDNA,Georgian"
xn--loda5ab,,,False,False,True,მამა,Georgian,,"PUNY_IDNA,Georgian"
xn--r1abl7a,,,False,False,True,чуят,Cyrillic (Russian/Ukrainian),,"PUNY_IDNA,Cyrillic"
xn--80aaq9bh,,,False,False,True,ужаса,Cyrillic (Russian/Ukrainian),,"PUNY_IDNA,Cyrillic"
xn--e1apl,,,False,False,True,сне,Cyrillic (Russian/Ukrainian),,"PUNY_IDNA,Cyrillic"
xn--80aal6bi,,,False,False,True,падар,Cyrillic (Russian/Ukrainian),,"PUNY_IDNA,Cyrillic"
xn--e1ar1a,,,False,False,True,оче,Cyrillic (Russian/Ukrainian),,"PUNY_IDNA,Cyrillic"
xn--80auevl,,,False,False,True,маску,Cyrillic (Russian/Ukrainian),,"PUNY_IDNA,Cyrillic"
xn--j1aiaaavco,,BU 'cat photo',False,False,True,котофото,Cyrillic (Russian/Ukrainian),,"PUNY_IDNA,Cyrillic"
xn--h1adalean,,,False,False,True,коронки,Cyrillic (Russian/Ukrainian),,"PUNY_IDNA,Cyrillic"
xn--80apmj,,,False,False,True,имао,Cyrillic (Russian/Ukrainian),,"PUNY_IDNA,Cyrillic"
xn--80aaty1a,,,False,False,True,знаат,Cyrillic (Russian/Ukrainian),,"PUNY_IDNA,Cyrillic"
xn--b1aqlekei,,RU 'here is a vacation',False,False,True,вотпуск,Cyrillic (Russian/Ukrainian),,"PUNY_IDNA,Cyrillic"
xn--80aab1h,,,False,False,True,баща,Cyrillic (Russian/Ukrainian),,"PUNY_IDNA,Cyrillic"
xn--80aab1b7ctb,,,False,False,True,бацька,Cyrillic (Russian/Ukrainian),,"PUNY_IDNA,Cyrillic"
xn--80ab2aqs4d,,,False,False,True,батько,Cyrillic (Russian/Ukrainian),,"PUNY_IDNA,Cyrillic"
xn--80aag,,,False,False,True,аав,Cyrillic (Russian/Ukrainian),,"PUNY_IDNA,Cyrillic"
xn--ohm-e0c,,,False,False,True,ωohm,Greek,,"PUNY_IDNA,Greek"
xn--mxa6ajj,,[travel],False,False,True,χαρτ,Greek,,"PUNY_IDNA,Greek"
xn--ixahb1dhnd,,,False,False,True,πατέρασ,Greek,,"PUNY_IDNA,Greek"
xn--tvas-vva,,,False,False,True,tėvas,European (Latin Extended),,"PUNY_IDNA,European"
xn--tat-cpa,,,False,False,True,tată,European (Latin Extended),,"PUNY_IDNA,European"
xn--ster-vqa,,,False,False,True,sôter,Letters + LATIN SMALL LETTER O WITH CIRCUMFLEX,,PUNY_IDNA
xn--shutter-m43kr94o,,,False,False,True,shutter中文,Chinese/Japanese/Korean,,"PUNY_IDNA,CJK"
xn--shuttered-yl6n486r,,,False,False,True,shuttered中文,Chinese/Japanese/Korean,,"PUNY_IDNA,CJK"
xn--pps-5ycb,,,False,False,True,pξpξs,Greek,,"PUNY_IDNA,Greek"
xn--oe-ema,,,False,False,True,oče,European (Latin Extended),,"PUNY_IDNA,European"
xn--koa00ik53b,,,False,False,True,ɴғᴛ,Cyrillic (Russian/Ukrainian),,"PUNY_IDNA,Cyrillic"
xn--nft-eza,,,False,False,True,nftś,European (Latin Extended),,"PUNY_IDNA,European"
xn--ms-ry2cs33g,,,False,False,True,ms中文,Chinese/Japanese/Korean,,"PUNY_IDNA,CJK"
xn--meditation-4t2py55t,,,False,False,True,meditation中文,Chinese/Japanese/Korean,,"PUNY_IDNA,CJK"
xn--meditating-4t2py55t,,,False,False,True,meditating中文,Chinese/Japanese/Korean,,"PUNY_IDNA,CJK"
xn--makuakne-m7a,,,False,False,True,makuakāne,Hawaiian,,"PUNY_IDNA,Hawaiian"
xn--lebeb-8ra,,,False,False,True,lebebè,Letters + LATIN SMALL LETTER E WITH GRAVE,,PUNY_IDNA
xn--u71h4a,,,False,False,True,𝕀𝕏,,,PUNY_ALT
xn--hvn-xr5ab,,[ETH],False,False,True,h☰v☰n,"Letters + TRIGRAM FOR HEAVEN, TRIGRAM FOR HEAVEN",,PUNY_IDNA
xn--entrs-esa,,,False,False,True,entrés,Letters + LATIN SMALL LETTER E WITH ACUTE,,PUNY_IDNA
xn--cde-ho6a,,,False,False,True,c❄de,Letters + SNOWFLAKE,,PUNY_IDNA
xn--ai-on6cx8l,,,False,False,True,ai域名,Chinese/Japanese/Korean,,"PUNY_IDNA,CJK"
xn--yvhej,,,False,False,True,⓶⓸⓻,"Letters + DOUBLE CIRCLED DIGIT TWO, DOUBLE CIRCLED DIGIT FOUR, DOUBLE CIRCLED DIGIT SEVEN",,PUNY_IDNA
xn--g77hwa349aca,,,False,False,True,🛰🇨🇳🛰,"Letters + SATELLITE, REGIONAL INDICATOR SYMBOL LETTER C, REGIONAL INDICATOR SYMBOL LETTER N, SATELLITE",,PUNY_IDNA
xn--lo8hk4aycty,,,False,False,True,🚫😢🐝😂,"Letters + NO ENTRY SIGN, CRYING FACE, HONEYBEE, FACE WITH TEARS OF JOY",,PUNY_IDNA
xn--eih9625p,,,False,False,True,🚫⌛,"Letters + NO ENTRY SIGN, HOURGLASS",,PUNY_IDNA
xn--j38h5g,,,False,False,True,🚘😨,"Letters + ONCOMING AUTOMOBILE, FEARFUL FACE",,PUNY_IDNA
xn--on8ha90h53aca,,,False,False,True,🙏🏽🕉🙏🏽,"Letters + PERSON WITH FOLDED HANDS, EMOJI MODIFIER FITZPATRICK TYPE-4, OM SYMBOL, PERSON WITH FOLDED HANDS, EMOJI MODIFIER FITZPATRICK TYPE-4",,PUNY_IDNA
xn--qn8h4iq8b,,,False,False,True,🙌🏿💎,"Letters + PERSON RAISING BOTH HANDS IN CELEBRATION, EMOJI MODIFIER FITZPATRICK TYPE-6, GEM STONE",,PUNY_IDNA
xn--i48hg6chc,,,False,False,True,🙊🦧🦍,"Letters + SPEAK-NO-EVIL MONKEY, ORANGUTAN, GORILLA",,PUNY_IDNA
xn--ss8hpz,,,False,False,True,🙈💰,"Letters + SEE-NO-EVIL MONKEY, MONEY BAG",,PUNY_IDNA
xn--v4h5480o,,,False,False,True,🙄☮,FACE WITH ROLLING EYES + PEACE SYMBOL,,PUNY_IDNA
xn--v4h9380o,,,False,False,True,😿☮,CRYING CAT FACE + PEACE SYMBOL,,PUNY_IDNA
xn--z38hde,,,False,False,True,😺😸😻,SMILING CAT FACE WITH OPEN MOUTH + GRINNING CAT FACE WITH SMILING EYES + SMILING CAT FACE WITH HEART-SHAPED EYES,,PUNY_IDNA
xn--1o8hr6a,,,False,False,True,😶🐭,FACE WITHOUT MOUTH + MOUSE FACE,,PUNY_IDNA
xn--r28hnc,,,False,False,True,😴😍,SLEEPING FACE + SMILING FACE WITH HEART-SHAPED EYES,,PUNY_IDNA
xn--t38hmg,,,False,False,True,😲🚘,"Letters + ASTONISHED FACE, ONCOMING AUTOMOBILE",,PUNY_IDNA
xn--r28hvb,,,False,False,True,😨😍,FEARFUL FACE + SMILING FACE WITH HEART-SHAPED EYES,,PUNY_IDNA
xn--r28hpb,,,False,False,True,😥😍,DISAPPOINTED BUT RELIEVED FACE + SMILING FACE WITH HEART-SHAPED EYES,,PUNY_IDNA
xn--r28hfb,,,False,False,True,😠😍,ANGRY FACE + SMILING FACE WITH HEART-SHAPED EYES,,PUNY_IDNA
xn--gs8hvx,,,False,False,True,😟💤,WORRIED FACE + SLEEPING SYMBOL,,PUNY_IDNA
xn--g08h1f,,,False,False,True,😚🖼,"Letters + KISSING FACE WITH CLOSED EYES, FRAME WITH PICTURE",,PUNY_IDNA
xn--g08hzf,,,False,False,True,😙🖼,"Letters + KISSING FACE WITH SMILING EYES, FRAME WITH PICTURE",,PUNY_IDNA
xn--nl8h91b,,,False,False,True,😘🎶,"Letters + FACE THROWING A KISS, MULTIPLE MUSICAL NOTES",,PUNY_IDNA
xn--ml8hc63p,,,False,False,True,😖🎵🎶,"Letters + CONFOUNDED FACE, MUSICAL NOTE, MULTIPLE MUSICAL NOTES",,PUNY_IDNA
xn--ml8hc72p,,,False,False,True,😓🎵🎶,"Letters + FACE WITH COLD SWEAT, MUSICAL NOTE, MULTIPLE MUSICAL NOTES",,PUNY_IDNA
xn--xv8h9o,,,False,False,True,😐🔞,NEUTRAL FACE + NO ONE UNDER EIGHTEEN SYMBOL,,PUNY_IDNA
xn--r28hoc,,,False,False,True,😍😴,SMILING FACE WITH HEART-SHAPED EYES + SLEEPING FACE,,PUNY_IDNA
xn--r28hwb,,,False,False,True,😍😨,SMILING FACE WITH HEART-SHAPED EYES + FEARFUL FACE,,PUNY_IDNA
xn--r28hgb,,,False,False,True,😍😠,SMILING FACE WITH HEART-SHAPED EYES + ANGRY FACE,,PUNY_IDNA
xn--r28hma,,,False,False,True,😍😓,SMILING FACE WITH HEART-SHAPED EYES + FACE WITH COLD SWEAT,,PUNY_IDNA
xn--r28hi8c,,,False,False,True,😍🥱,SMILING FACE WITH HEART-SHAPED EYES + YAWNING FACE,,PUNY_IDNA
xn--98h2529m,,,False,False,True,😍⛈,"Letters + SMILING FACE WITH HEART-SHAPED EYES, THUNDER CLOUD AND RAIN",,PUNY_IDNA
xn--n3h9280o,,,False,False,True,😍☃,"Letters + SMILING FACE WITH HEART-SHAPED EYES, SNOWMAN",,PUNY_IDNA
xn--9o8h12a,,,False,False,True,😃🐵,SMILING FACE WITH OPEN MOUTH + MONKEY FACE,,PUNY_IDNA
xn--vg8hh1c,,,False,False,True,😃🌏,"Letters + SMILING FACE WITH OPEN MOUTH, EARTH GLOBE ASIA-AUSTRALIA",,PUNY_IDNA
xn--ug8hj1c,,,False,False,True,😃🌎,"Letters + SMILING FACE WITH OPEN MOUTH, EARTH GLOBE AMERICAS",,PUNY_IDNA
xn--tg8hl1c,,,False,False,True,😃🌍,"Letters + SMILING FACE WITH OPEN MOUTH, EARTH GLOBE EUROPE-AFRICA",,PUNY_IDNA
xn--x77ha412a,,,False,False,True,😃🇹🇹,SMILING FACE WITH OPEN MOUTH + REGIONAL INDICATOR SYMBOL LETTER T + REGIONAL INDICATOR SYMBOL LETTER T,,PUNY_IDNA
xn--v77hd512a,,,False,False,True,😃🇹🇷,SMILING FACE WITH OPEN MOUTH + REGIONAL INDICATOR SYMBOL LETTER T + REGIONAL INDICATOR SYMBOL LETTER R,,PUNY_IDNA
xn--s77hja512a,,,False,False,True,😃🇹🇴,SMILING FACE WITH OPEN MOUTH + REGIONAL INDICATOR SYMBOL LETTER T + REGIONAL INDICATOR SYMBOL LETTER O,,PUNY_IDNA
xn--h77h5a70v,,,False,False,True,😃🇹🇩,SMILING FACE WITH OPEN MOUTH + REGIONAL INDICATOR SYMBOL LETTER T + REGIONAL INDICATOR SYMBOL LETTER D,,PUNY_IDNA
xn--v77hga112a,,,False,False,True,😃🇷🇺,SMILING FACE WITH OPEN MOUTH + REGIONAL INDICATOR SYMBOL LETTER R + REGIONAL INDICATOR SYMBOL LETTER U,,PUNY_IDNA
xn--t77hia412a,,,False,False,True,😃🇵🇹,SMILING FACE WITH OPEN MOUTH + REGIONAL INDICATOR SYMBOL LETTER P + REGIONAL INDICATOR SYMBOL LETTER T,,PUNY_IDNA
xn--p77hd332a,,,False,False,True,😃🇳🇱,SMILING FACE WITH OPEN MOUTH + REGIONAL INDICATOR SYMBOL LETTER N + REGIONAL INDICATOR SYMBOL LETTER L,,PUNY_IDNA
xn--m77hd242a,,,False,False,True,😃🇰🇮,SMILING FACE WITH OPEN MOUTH + REGIONAL INDICATOR SYMBOL LETTER K + REGIONAL INDICATOR SYMBOL LETTER I,,PUNY_IDNA
xn--m77hwa412a,,,False,False,True,😃🇮🇹,SMILING FACE WITH OPEN MOUTH + REGIONAL INDICATOR SYMBOL LETTER I + REGIONAL INDICATOR SYMBOL LETTER T,,PUNY_IDNA
xn--m77hsa022a,,,False,False,True,😃🇮🇷,SMILING FACE WITH OPEN MOUTH + REGIONAL INDICATOR SYMBOL LETTER I + REGIONAL INDICATOR SYMBOL LETTER R,,PUNY_IDNA
xn--m77hqa322a,,,False,False,True,😃🇮🇶,SMILING FACE WITH OPEN MOUTH + REGIONAL INDICATOR SYMBOL LETTER I + REGIONAL INDICATOR SYMBOL LETTER Q,,PUNY_IDNA
xn--m77hma922a,,,False,False,True,😃🇮🇴,SMILING FACE WITH OPEN MOUTH + REGIONAL INDICATOR SYMBOL LETTER I + REGIONAL INDICATOR SYMBOL LETTER O,,PUNY_IDNA
xn--m77hia532a,,,False,False,True,😃🇮🇲,SMILING FACE WITH OPEN MOUTH + REGIONAL INDICATOR SYMBOL LETTER I + REGIONAL INDICATOR SYMBOL LETTER M,,PUNY_IDNA
xn--m77hga832a,,,False,False,True,😃🇮🇱,SMILING FACE WITH OPEN MOUTH + REGIONAL INDICATOR SYMBOL LETTER I + REGIONAL INDICATOR SYMBOL LETTER L,,PUNY_IDNA
xn--h77hja842a,,,False,False,True,😃🇮🇩,SMILING FACE WITH OPEN MOUTH + REGIONAL INDICATOR SYMBOL LETTER I + REGIONAL INDICATOR SYMBOL LETTER D,,PUNY_IDNA
xn--i77h6a30v,,,False,False,True,😃🇪🇺,SMILING FACE WITH OPEN MOUTH + REGIONAL INDICATOR SYMBOL LETTER E + REGIONAL INDICATOR SYMBOL LETTER U,,PUNY_IDNA
xn--g5h3270o,,,False,False,True,😃♂,"Letters + SMILING FACE WITH OPEN MOUTH, MALE SIGN",,PUNY_IDNA
xn--e5h7270o,,,False,False,True,😃♀,"Letters + SMILING FACE WITH OPEN MOUTH, FEMALE SIGN",,PUNY_IDNA
xn--ns8hnvne,,,False,False,True,😂😵💫,FACE WITH TEARS OF JOY + DIZZY FACE + DIZZY SYMBOL,,PUNY_IDNA
xn--g28hib,,,False,False,True,😂😖,FACE WITH TEARS OF JOY + CONFOUNDED FACE,,PUNY_IDNA
xn--5biy519m,,,False,False,True,😂✊,"Letters + FACE WITH TEARS OF JOY, RAISED FIST",,PUNY_IDNA
xn--h4hz770o,,,False,False,True,😂☠,"Letters + FACE WITH TEARS OF JOY, SKULL AND CROSSBONES",,PUNY_IDNA
xn--8ov0180g,88,,True,True,True,🧧有,Chinese/Japanese/Korean,,"PUNY_IDNA,CJK"
xn--1o8hz4g,,,False,False,True,🧚🐭,"Letters + FAIRY, MOUSE FACE",,PUNY_IDNA
xn--q68hp5c,,,False,False,True,🧐🚘,"Letters + FACE WITH MONOCLE, ONCOMING AUTOMOBILE",,PUNY_IDNA
xn--dv8hj8e,,,False,False,True,🦯🔊,"Letters + PROBING CANE, SPEAKER WITH THREE SOUND WAVES",,PUNY_IDNA
xn--dv8h16e,,,False,False,True,🦘🔊,"Letters + KANGAROO, SPEAKER WITH THREE SOUND WAVES",,PUNY_IDNA
xn--zn8h52g,,,False,False,True,🦘🐈,"Letters + KANGAROO, CAT",,PUNY_IDNA
xn--p28hx9c,,,False,False,True,🦇😋,"Letters + BAT, FACE SAVOURING DELICIOUS FOOD",,PUNY_IDNA
xn--2p8h96f,,,False,False,True,🦃👑,"Letters + TURKEY, CROWN",,PUNY_IDNA
xn--r28hh8c,,,False,False,True,🥱😍,YAWNING FACE + SMILING FACE WITH HEART-SHAPED EYES,,PUNY_IDNA
xn--pr9hwa23a,,,False,False,True,🥓🥞🧈,"Letters + BACON, PANCAKES, BUTTER",,PUNY_IDNA
xn--us8hz5e,,,False,False,True,🤯💲,"Letters + SHOCKED FACE WITH EXPLODING HEAD, HEAVY DOLLAR SIGN",,PUNY_IDNA
xn--ug8h71h,,,False,False,True,🤯🌎,"Letters + SHOCKED FACE WITH EXPLODING HEAD, EARTH GLOBE AMERICAS",,PUNY_IDNA
xn--v4h1191o,,,False,False,True,🤯☮,SHOCKED FACE WITH EXPLODING HEAD + PEACE SYMBOL,,PUNY_IDNA
xn--v4h9091o,,,False,False,True,🤬☮,SERIOUS FACE WITH SYMBOLS COVERING MOUTH + PEACE SYMBOL,,PUNY_IDNA
xn--2p8h50f,,,False,False,True,🤡👑,"Letters + CLOWN FACE, CROWN",,PUNY_IDNA
xn--5p9hia,,,False,False,True,🤝🤡,"Letters + HANDSHAKE, CLOWN FACE",,PUNY_IDNA
xn--5p9hga,111,IDNA handshake cowboy,True,True,True,🤝🤠,"Letters + HANDSHAKE, FACE WITH COWBOY HAT",,PUNY_IDNA
xn--em8hzc61p,,,False,False,True,🤚🏽🏐,"Letters + RAISED BACK OF HAND, EMOJI MODIFIER FITZPATRICK TYPE-4, VOLLEYBALL",,PUNY_IDNA
xn--qn8h4ih0j,,,False,False,True,🤙🏿💎,"Letters + CALL ME HAND, EMOJI MODIFIER FITZPATRICK TYPE-6, GEM STONE",,PUNY_IDNA
xn--0p9hyl,,,False,False,True,🤘🧔,"Letters + SIGN OF THE HORNS, BEARDED PERSON",,PUNY_IDNA
xn--1o8ht2f,,,False,False,True,🤗🐭,HUGGING FACE + MOUSE FACE,,PUNY_IDNA
xn--ai-wl03a,,,False,False,True,🤑ai,MONEY-MOUTH FACE + LATIN SMALL LETTER A + LATIN SMALL LETTER I,,PUNY_IDNA
xn--7biw910n,,,False,False,True,🤏✌,"Letters + PINCHING HAND, VICTORY HAND",,PUNY_IDNA
xn--e18h0m,,,False,False,True,🗝🚪,"Letters + OLD KEY, DOOR",,PUNY_IDNA
xn--g08h2f,,,False,False,True,🖼😚,"Letters + FRAME WITH PICTURE, KISSING FACE WITH CLOSED EYES",,PUNY_IDNA
xn--g08h0f,,,False,False,True,🖼😙,"Letters + FRAME WITH PICTURE, KISSING FACE WITH SMILING EYES",,PUNY_IDNA
xn--qn8h4ik0a,,,False,False,True,🖖🏿💎,"Letters + RAISED HAND WITH PART BETWEEN MIDDLE AND RING FINGERS, EMOJI MODIFIER FITZPATRICK TYPE-6, GEM STONE",,PUNY_IDNA
xn--cz8ha914a,,,False,False,True,🖕🧣🖕,"Letters + REVERSED HAND WITH MIDDLE FINGER EXTENDED, SCARF, REVERSED HAND WITH MIDDLE FINGER EXTENDED",,PUNY_IDNA
xn--cz8ha61y,,,False,False,True,🖕🤚🖕,"Letters + REVERSED HAND WITH MIDDLE FINGER EXTENDED, RAISED BACK OF HAND, REVERSED HAND WITH MIDDLE FINGER EXTENDED",,PUNY_IDNA
xn--e77hibw7p,222,thumb AU,False,False,True,🖕🇦🇺,"Letters + REVERSED HAND WITH MIDDLE FINGER EXTENDED, REGIONAL INDICATOR SYMBOL LETTER A, REGIONAL INDICATOR SYMBOL LETTER U",,PUNY_IDNA
xn--64hx850o,,,False,False,True,🖕☹,"Letters + REVERSED HAND WITH MIDDLE FINGER EXTENDED, WHITE FROWNING FACE",,PUNY_IDNA
xn--2p8htq,,,False,False,True,🕛👑,"Letters + CLOCK FACE TWELVE OCLOCK, CROWN",,PUNY_IDNA
xn--9n8hpt,,,False,False,True,🕊🐒,"Letters + DOVE OF PEACE, MONKEY",,PUNY_IDNA
xn--r77hna07v,,,False,False,True,🔭🇺🇳,"Letters + TELESCOPE, REGIONAL INDICATOR SYMBOL LETTER U, REGIONAL INDICATOR SYMBOL LETTER N",,PUNY_IDNA
xn--nm8h1t,,,False,False,True,🔗🏙,"Letters + LINK SYMBOL, CITYSCAPE",,PUNY_IDNA
xn--lv8hii,,,False,False,True,🔒🖖,"Letters + LOCK, RAISED HAND WITH PART BETWEEN MIDDLE AND RING FINGERS",,PUNY_IDNA
xn--dv8hk8e,,,False,False,True,🔊🦯,"Letters + SPEAKER WITH THREE SOUND WAVES, PROBING CANE",,PUNY_IDNA
xn--1q8hnj,,,False,False,True,🔊👳,"Letters + SPEAKER WITH THREE SOUND WAVES, MAN WITH TURBAN",,PUNY_IDNA
xn--0q8hpj,,,False,False,True,🔊👲,"Letters + SPEAKER WITH THREE SOUND WAVES, MAN WITH GUA PI MAO",,PUNY_IDNA
xn--2p8hjl,,,False,False,True,🔆👑,"Letters + HIGH BRIGHTNESS SYMBOL, CROWN",,PUNY_IDNA
xn--tu8hiu,,,False,False,True,📷😻,"Letters + CAMERA, SMILING CAT FACE WITH HEART-SHAPED EYES",,PUNY_IDNA
xn--tu8h40e,,,False,False,True,📷🤦,"Letters + CAMERA, FACE PALM",,PUNY_IDNA
xn--zt8hzb,,,False,False,True,📷📚,"Letters + CAMERA, BOOKS",,PUNY_IDNA
xn--cr8hth,,,False,False,True,📷👽,"Letters + CAMERA, EXTRATERRESTRIAL ALIEN",,PUNY_IDNA
xn--h4hx930o,,,False,False,True,📷☠,"Letters + CAMERA, SKULL AND CROSSBONES",,PUNY_IDNA
xn--0t8hb,,,False,False,True,📜📛,"Letters + SCROLL, NAME BADGE",,PUNY_IDNA
xn--5k8h7s,,,False,False,True,📖🎥,"Letters + OPEN BOOK, MOVIE CAMERA",,PUNY_IDNA
xn--0s8ha884a,,,False,False,True,💸🤝💸,"Letters + MONEY WITH WINGS, HANDSHAKE, MONEY WITH WINGS",,PUNY_IDNA
xn--vs8hdjn,,,False,False,True,💵💸💳💻,"Letters + BANKNOTE WITH DOLLAR SIGN, MONEY WITH WINGS, CREDIT CARD, PERSONAL COMPUTER",,PUNY_IDNA
xn--ns8h02f,,,False,False,True,💫🦘,"Letters + DIZZY SYMBOL, KANGAROO",,PUNY_IDNA
xn--is8ha8b,,,False,False,True,💦💵💦,"Letters + SPLASHING SWEAT SYMBOL, BANKNOTE WITH DOLLAR SIGN, SPLASHING SWEAT SYMBOL",,PUNY_IDNA
xn--is8hka,,,False,False,True,💦💫,SPLASHING SWEAT SYMBOL + DIZZY SYMBOL,,PUNY_IDNA
xn--2p8hhf,,,False,False,True,💥👑,"Letters + COLLISION SYMBOL, CROWN",,PUNY_IDNA
xn--v77hga61r,,,False,False,True,💖🇷🇺,SPARKLING HEART + REGIONAL INDICATOR SYMBOL LETTER R + REGIONAL INDICATOR SYMBOL LETTER U,,PUNY_IDNA
xn--1ug1455p8fa,,,False,False,True,💕👏,,,"PUNY_ALT,PUNY_INVALID"
xn--g6h9410oeaesot60sdxq,,hearts galore,False,False,True,💓🖤♥💙💔🧡💞💕💛,BEATING HEART + BLACK HEART + BLACK HEART SUIT + BLUE HEART + BROKEN HEART + ORANGE HEART + REVOLVING HEARTS + TWO HEARTS + YELLOW HEART,,PUNY_IDNA
xn--2p8h3cy7m,,,False,False,True,💀🤝👑,"Letters + SKULL, HANDSHAKE, CROWN",,PUNY_IDNA
xn--fr8hsc,,,False,False,True,💀💩,"Letters + SKULL, PILE OF POO",,PUNY_IDNA
xn--2p8h3c,111,IDNA skull crown,True,True,True,💀👑,"Letters + SKULL, CROWN",,PUNY_IDNA
xn--1q8hoj,,,False,False,True,👳🔊,"Letters + MAN WITH TURBAN, SPEAKER WITH THREE SOUND WAVES",,PUNY_IDNA
xn--0q8hqj,,,False,False,True,👲🔊,"Letters + MAN WITH GUA PI MAO, SPEAKER WITH THREE SOUND WAVES",,PUNY_IDNA
xn--on8hea15ab,,,False,False,True,👰🏽👰🏿,"Letters + BRIDE WITH VEIL, EMOJI MODIFIER FITZPATRICK TYPE-4, BRIDE WITH VEIL, EMOJI MODIFIER FITZPATRICK TYPE-6",,PUNY_IDNA
xn--2p8hpby7a,,,False,False,True,👩🔬👑,"Letters + WOMAN, MICROSCOPE, CROWN",,PUNY_IDNA
xn--2p8hnb29a,,,False,False,True,👨🔬👑,"Letters + MAN, MICROSCOPE, CROWN",,PUNY_IDNA
xn--2p8h4c,111,IDNA crown skull,True,True,True,👑💀,"Letters + CROWN, SKULL",,PUNY_IDNA
xn--rn8h7e,,,False,False,True,👑🐀,"Letters + CROWN, RAT",,PUNY_IDNA
xn--1ug1455p9fa,,,False,False,True,👏💕,,,"PUNY_ALT,PUNY_INVALID"
xn--xp8hyg,,,False,False,True,👌💸,"Letters + OK HAND SIGN, MONEY WITH WINGS",,PUNY_IDNA
xn--mn8h7ez3c,,,False,False,True,👌🏻😍,"Letters + OK HAND SIGN, EMOJI MODIFIER FITZPATRICK TYPE-1-2, SMILING FACE WITH HEART-SHAPED EYES",,PUNY_IDNA
xn--qei0348muta,,,False,False,True,👁❤🔥,"Letters + EYE, HEAVY BLACK HEART, FIRE",,PUNY_IDNA
xn--9o8hqe95ck0epa,,,False,False,True,🐵🙃🤓🤖👽,"Letters + MONKEY FACE, UPSIDE-DOWN FACE, NERD FACE, ROBOT FACE, EXTRATERRESTRIAL ALIEN",,PUNY_IDNA
xn--9o8hqe95ck0eqa,,,False,False,True,🐵🙃🤓👽🤖,"Letters + MONKEY FACE, UPSIDE-DOWN FACE, NERD FACE, EXTRATERRESTRIAL ALIEN, ROBOT FACE",,PUNY_IDNA
xn--9o8hkhx1j,,,False,False,True,🐵🤝💪,"Letters + MONKEY FACE, HANDSHAKE, FLEXED BICEPS",,PUNY_IDNA
xn--7o8hd,,,False,False,True,🐵🐳,"Letters + MONKEY FACE, SPOUTING WHALE",,PUNY_IDNA
xn--1o8hs6a,,,False,False,True,🐭😶,MOUSE FACE + FACE WITHOUT MOUTH,,PUNY_IDNA
xn--1o8h04g,,,False,False,True,🐭🧚,"Letters + MOUSE FACE, FAIRY",,PUNY_IDNA
xn--1o8hu2f,,,False,False,True,🐭🤗,MOUSE FACE + HUGGING FACE,,PUNY_IDNA
xn--6biz918m1uabaa,,,False,False,True,🐦✋🐦🐦🌳,"Letters + BIRD, RAISED HAND, BIRD, BIRD, DECIDUOUS TREE",,PUNY_IDNA
xn--pciv848mbda,,,False,False,True,🐝✝👀,"Letters + HONEYBEE, LATIN CROSS, EYES",,PUNY_IDNA
xn--53h0179n6wabe48i,22,-bee-tea-see-rocket-moon-,True,True,True,🐝☕👀🚀🌑,"Letters + HONEYBEE, HOT BEVERAGE, EYES, ROCKET, NEW MOON SYMBOL",,PUNY_IDNA
xn--g77hwa02n,,,False,False,True,🐋🇨🇳,"Letters + WHALE, REGIONAL INDICATOR SYMBOL LETTER C, REGIONAL INDICATOR SYMBOL LETTER N",,PUNY_IDNA
xn--mm8het,,,False,False,True,🏘🔊,"Letters + HOUSE BUILDINGS, SPEAKER WITH THREE SOUND WAVES",,PUNY_IDNA
xn--3k8h1a,,,False,False,True,🎱🎣,"Letters + BILLIARDS, FISHING POLE AND FISH",,PUNY_IDNA
xn--wine-9f53c,,,False,False,True,🍇wine,Letters + GRAPES,,PUNY_IDNA
xn--ug8h7a,,,False,False,True,🌟🌎,"Letters + GLOWING STAR, EARTH GLOBE AMERICAS",,PUNY_IDNA
xn--9g8hit,111,,True,True,True,🌝👑,"Letters + FULL MOON WITH FACE, CROWN",,PUNY_IDNA
xn--ug8h89h,,,False,False,True,🌎🦯,"Letters + EARTH GLOBE AMERICAS, PROBING CANE",,PUNY_IDNA
xn--ug8h03h,,,False,False,True,🌎🥋,"Letters + EARTH GLOBE AMERICAS, MARTIAL ARTS UNIFORM",,PUNY_IDNA
xn--ug8h82h,,,False,False,True,🌎🤿,"Letters + EARTH GLOBE AMERICAS, DIVING MASK",,PUNY_IDNA
xn--ug8h80h,,,False,False,True,🌎🤟,"Letters + EARTH GLOBE AMERICAS, I LOVE YOU HAND SIGN",,PUNY_IDNA
xn--kg8hm6a,,,False,False,True,🌄🔊,"Letters + SUNRISE OVER MOUNTAINS, SPEAKER WITH THREE SOUND WAVES",,PUNY_IDNA
xn--kg8h8m,,,False,False,True,🌄🏕,"Letters + SUNRISE OVER MOUNTAINS, CAMPING",,PUNY_IDNA
xn--dux-u19a,,,False,False,True,⭐dux,WHITE MEDIUM STAR + LATIN SMALL LETTER D + LATIN SMALL LETTER U + LATIN SMALL LETTER X,,PUNY_IDNA
xn--qei4438muga,,,False,False,True,❤👌🏿,"Letters + HEAVY BLACK HEART, OK HAND SIGN, EMOJI MODIFIER FITZPATRICK TYPE-6",,PUNY_IDNA
xn--qeiz367mmba,,,False,False,True,❤🇸🇨,HEAVY BLACK HEART + REGIONAL INDICATOR SYMBOL LETTER S + REGIONAL INDICATOR SYMBOL LETTER C,,PUNY_IDNA
xn--75gy1u,,,False,False,True,❤↔,"Letters + HEAVY BLACK HEART, LEFT RIGHT ARROW",,PUNY_IDNA
xn--8biw468m,,,False,False,True,✍💅,"Letters + WRITING HAND, NAIL POLISH",,PUNY_IDNA
xn--6bi2648mteaa,,,False,False,True,✋🏿🐴🐴,"Letters + RAISED HAND, EMOJI MODIFIER FITZPATRICK TYPE-6, HORSE FACE, HORSE FACE",,PUNY_IDNA
xn--6bi2648mkbaa,,,False,False,True,✋🏿🐎🐎,"Letters + RAISED HAND, EMOJI MODIFIER FITZPATRICK TYPE-6, HORSE, HORSE",,PUNY_IDNA
xn--g77ha6ab282g,888,China HNS,True,True,True,🇨🇳🤝🇨🇳,"Letters + REGIONAL INDICATOR SYMBOL LETTER C, REGIONAL INDICATOR SYMBOL LETTER N, HANDSHAKE, REGIONAL INDICATOR SYMBOL LETTER C, REGIONAL INDICATOR SYMBOL LETTER N",,PUNY_IDNA
xn--g77hwa23s,,,False,False,True,🇨🇳💵,"Letters + REGIONAL INDICATOR SYMBOL LETTER C, REGIONAL INDICATOR SYMBOL LETTER N, BANKNOTE WITH DOLLAR SIGN",,PUNY_IDNA
xn--f77hbd1d,,,False,False,True,🇨🇩🇧🇷,REGIONAL INDICATOR SYMBOL LETTER C + REGIONAL INDICATOR SYMBOL LETTER D + REGIONAL INDICATOR SYMBOL LETTER B + REGIONAL INDICATOR SYMBOL LETTER R,,PUNY_IDNA
xn--ivy-q192b4c,,AU,False,False,True,🇦🇺ivy,REGIONAL INDICATOR SYMBOL LETTER A + REGIONAL INDICATOR SYMBOL LETTER U + LATIN SMALL LETTER I + LATIN SMALL LETTER V + LATIN SMALL LETTER Y,,PUNY_IDNA
xn--e77hiby7p,11,IDNA AU thumb,False,False,True,🇦🇺🖕,"Letters + REGIONAL INDICATOR SYMBOL LETTER A, REGIONAL INDICATOR SYMBOL LETTER U, REVERSED HAND WITH MIDDLE FINGER EXTENDED",,PUNY_IDNA
xn--e77hib.xn--nn8hc254cfa,,,False,False,True,🇦🇺.🫱🏼🫲🏽,"Letters + REGIONAL INDICATOR SYMBOL LETTER A, REGIONAL INDICATOR SYMBOL LETTER U, RIGHTWARDS HAND, EMOJI MODIFIER FITZPATRICK TYPE-3, LEFTWARDS HAND, EMOJI MODIFIER FITZPATRICK TYPE-4",,PUNY_IDNA
xn--m9h2678m,,,False,False,True,⛔💩,"Letters + NO ENTRY, PILE OF POO",,PUNY_IDNA
xn--57h4771o,,,False,False,True,⚡🥁,"Letters + HIGH VOLTAGE SIGN, DRUM WITH DRUMSTICKS",,PUNY_IDNA
xn--57h0579n,,,False,False,True,⚡🎹,"Letters + HIGH VOLTAGE SIGN, MUSICAL KEYBOARD",,PUNY_IDNA
xn--26hwd1683fba,,,False,False,True,♻️⚛️,,,PUNY_ALT
xn--64h4989nca,,,False,False,True,☹🎶🎵,"Letters + WHITE FROWNING FACE, MULTIPLE MUSICAL NOTES, MUSICAL NOTE",,PUNY_IDNA
xn--64h4989nda,,,False,False,True,☹🎵🎶,"Letters + WHITE FROWNING FACE, MUSICAL NOTE, MULTIPLE MUSICAL NOTES",,PUNY_IDNA
xn--64h4989n,,,False,False,True,☹🎵,"Letters + WHITE FROWNING FACE, MUSICAL NOTE",,PUNY_IDNA
xn--v4h8220o,,,False,False,True,☮💓,PEACE SYMBOL + BEATING HEART,,PUNY_IDNA
xn--v4h83a2671i,,,False,False,True,☮✊🏾,"Letters + PEACE SYMBOL, RAISED FIST, EMOJI MODIFIER FITZPATRICK TYPE-5",,PUNY_IDNA
xn--h4h8091oja,,,False,False,True,☠🤝🤠,"Letters + SKULL AND CROSSBONES, HANDSHAKE, FACE WITH COWBOY HAT",,PUNY_IDNA
xn--h4h2510oi9c,,,False,False,True,☠🤝👑,"Letters + SKULL AND CROSSBONES, HANDSHAKE, CROWN",,PUNY_IDNA
xn--h4h2510o,111,IDNA skull crown,True,True,True,☠👑,"Letters + SKULL AND CROSSBONES, CROWN",,PUNY_IDNA
xn--43h4080o,,,False,False,True,☔😍,"Letters + UMBRELLA WITH RAIN DROPS, SMILING FACE WITH HEART-SHAPED EYES",,PUNY_IDNA
xn--l3h20aja22528bfaghij,,,False,False,True,☁⛅⛈🌤🌥🌦🌧🌨🌩,"Letters + CLOUD, SUN BEHIND CLOUD, THUNDER CLOUD AND RAIN, WHITE SUN WITH SMALL CLOUD, WHITE SUN BEHIND CLOUD, WHITE SUN BEHIND CLOUD WITH RAIN, CLOUD WITH RAIN, CLOUD WITH SNOW, CLOUD WITH LIGHTNING",,PUNY_IDNA
xn--hoh66f56ag053i,,,False,False,True,⏰➕👃☕,"Letters + ALARM CLOCK, HEAVY PLUS SIGN, NOSE, HOT BEVERAGE",,PUNY_IDNA
10170,10,,True,True,True,,,,5D
24680,111,,True,True,True,,,,5D
700101,700101,,True,True,True,,,,6D
1011970,10,,True,True,True,,,,7D
13572468,1122,,True,True,True,,,,
19700101,11,700101,True,True,True,,,,
10100111001,7331,binary of 1337 decimal [leet = elite],True,True,True,,,,
000acr,99,ooo's of acres [for sale],True,True,True,,,,
00no,222,oooohh nooo...! n Get https://www.namebase.io/domains/onoo too!,True,True,True,,,,4C
00zy,222,"ooozy :-) slime! Or, incognito uzi",True,True,True,,,,4C
0level,55,,True,True,True,,,,
0x00club,222,,True,True,True,,,,
0xtax,,[kath],False,False,True,,,,5C
0xusa,222,,True,True,True,,,,5C
0xvc,1234,,True,True,True,,,,4C
1000words,1111,Just picture it .....!,True,True,True,,,,
2040ad,22,,True,True,True,,,,
2050ad,22,,True,True,True,,,,
2060ad,22,,True,True,True,,,,
2070ad,22,,True,True,True,,,,
2080ad,22,,True,True,True,,,,
247w3,111,,True,True,True,,,,5C
2finity,22,,True,True,True,,,,
365health,444,,False,False,True,,,,
4zen,444,,True,True,True,,,,4C
52-cardpickup,52,,True,True,True,,,,
696-696,22,,True,True,True,,,,
6gun,666,,True,True,True,,,,4C
7two7,22,,True,True,True,,,,5C
aaalife,222,,False,False,True,,,,
aac1,1234,,True,True,True,,,,4C
abau,77,,True,True,True,,,,4L
abcdiners,22,,True,True,True,,,,
abcloudz,22,,False,False,True,,,,
abrogating,55,Now abrogating this domain .. care to take it off my hands..?,True,True,True,,,,
acciontrabajo,11,ES action work,True,True,True,,,,
activewager,22,,True,True,True,,,,
adatao,22,,True,True,True,,,,
addresso,11,,True,True,True,,,,
adh4,1234,"Of course, anyone ADHD will hav realised the fourth letter is 'D' lol :-) !",True,True,True,,,,4C
adu0,444,a Duo,True,True,True,,,,4C
afo0,444,a Foo was 'ere :-),True,True,True,,,,4C
afrostudio,22,,True,True,True,,,,
agemoon,22,,True,True,True,,,,
ageright,22,,False,False,True,,,,
agiftforyou,55,,True,True,True,,,,
aievolves,55,,True,True,True,,,,
aiguides,222,,True,True,True,,,,
aiquery,222,,True,True,True,,,,
airpaper,55,,True,True,True,,,,
airside,22,,False,False,True,,,,
aklame,55,Haitian Creole 'acclaimed',True,True,True,,,,
alienfistbump,11,,True,True,True,,,,
allfact,22,,True,True,True,,,,
allmugs,22,,True,True,True,,,,
alphashake,33,,True,True,True,,,,
altcoinfans,44,,True,True,True,,,,
alwayslost,22,,True,True,True,,,,
amazingpoetry,11,,True,True,True,,,,
ambonga,11,,True,True,True,,,,
amemelord,22,,True,True,True,,,,
amemesia,22,"A disorder, where in which a person sends a meme to the same person again, or to whom initially showed them the same meme",True,True,True,,,,
amibisexual,22,,True,True,True,,,,
amwongg,11,,True,True,True,,,,
andata,222,and data [OR .. IT 'gone'],True,True,True,,,,
andudu,111,".. and doodoo .. well, wot a load of ..........!",True,True,True,,,,
annualsailingtrip,,,False,False,True,,,,
anonone,1111,,True,True,True,,,,
anypain,22,,True,True,True,,,,
apatetic,,,False,False,True,,,,
apefriend,33,,True,True,True,,,,
apes3d,333,,True,True,True,,,,
apeshub,111,,True,True,True,,,,
apesmint,22,,True,True,True,,,,
apisweb,22,,True,True,True,,,,
apktech,111,,True,True,True,,,,
apologyvideo,22,,True,True,True,,,,
app1a,22,,True,True,True,,,,5C
appproposal,22,,True,True,True,,,,
arcadeshop,22,,True,True,True,,,,
archiex,22,,True,True,True,,,,
arealmaps,11,,True,True,True,,,,
arewehere,11,,True,True,True,,,,
argolas,22,"PT ring, hoop, link",True,True,True,,,,
arrieiro,11,Galician carrier,True,True,True,,,,
arroiodaseca,11,PT stream-drought,True,True,True,,,,
arsenal-fan,33,,True,True,True,,,,
arsit,11,,True,True,True,,,,5L
artgalley,33,,True,True,True,,,,
artmajors,22,,True,True,True,,,,
artofzoo,55,,True,True,True,,,,
artpsycho,22,,True,True,True,,,,
artutor,44,,True,True,True,,,,
asianextension,11,,True,True,True,,,,
asianeye,55,,True,True,True,,,,
asiansupplies,55,,True,True,True,,,,
ask8ball,111,,True,True,True,,,,
asktheinternet,222,,True,True,True,,,,
assassassin,22,,True,True,True,,,,
assassina,22,,True,True,True,,,,
astrodawn,55,,True,True,True,,,,
astronews,66,,True,True,True,,,,
ate88,888,,True,True,True,,,,5C
atimise,11,,True,True,True,,,,
aussiemuscle,555,,True,True,True,,,,
australianmuscle,555,,True,True,True,,,,
autospecialties,11,,True,True,True,,,,
avogadrian,22,,True,True,True,,,,
awesomemaxim,11,,True,True,True,,,,
awetastic,22,,True,True,True,,,,
axinim,22,axin' 'im [giving him the bootsack],True,True,True,,,,
azevedosodre,22,PT sourdough,True,True,True,,,,
aztecmask,22,,True,True,True,,,,
b4buy,22,,True,True,True,,,,5C
baba-jaga,22,,True,True,True,,,,
babywagon,22,,True,True,True,,,,
bacchic,22,,True,True,True,,,,
badburger,33,,True,True,True,,,,
badkarma,11,,True,True,True,,,,
badneck,22,,True,True,True,,,,
bagaco,222,bag a co [grab a company]  PT 'brandy',True,True,True,,,,
baiabranca,22,PT white bay,True,True,True,,,,
bamnia,22,"Jhabua district, Madhya Pradesh, India",True,True,True,,,,
banagram,22,,True,True,True,,,,
bananapocket,22,"Town in Whitsunday (Queensland) is a town in Australia ... or .. is that a banana in your pocket, or are you just glad to see me...?",True,True,True,,,,
banbaria,22,,True,True,True,,,,
bangaroo,444,Just don't ask awkward questions.......!,False,False,True,,,,
barbituism,,,False,False,True,,,,
bardish,55,,True,True,True,,,,
barnaclebob,11,"An octopus from the Freddi Fish series; he always says everything in rhyme.... OR .... A celebrity living among a group of people, unknown.",True,True,True,,,,
barnap,22,,True,True,True,,,,
basicpets,22,,True,True,True,,,,
bboying,22,,True,True,True,,,,
beastepic,22,,True,True,True,,,,
beefprice,111,,True,True,True,,,,
beerfeast,22,,True,True,True,,,,
beltandroadinitiative,11,china,True,True,True,,,,
bestauthors,33,,True,True,True,,,,
bestcoins,444,,True,True,True,,,,
bestdealtoday,22,,True,True,True,,,,
bestdishes,55,,True,True,True,,,,
bestsoundtrack,11,,True,True,True,,,,
bet-wins,22,,True,True,True,,,,
betquit,55,,True,True,True,,,,
betraders,22,,True,True,True,,,,
biairdrop,22,,True,True,True,,,,
bicyclegenerator,33,,True,True,True,,,,
bidblitz,22,,True,True,True,,,,
biddeston,22,"Rural town and locality in the Toowoomba Region, Queensland, Australia. In the 2016 census, Biddeston had a population of 284 people.",True,True,True,,,,
biddingworks,22,,True,True,True,,,,
bidonart,55,,True,True,True,,,,
bigbell,22,,True,True,True,,,,
bigbog,55,,True,True,True,,,,
bighandshake,555,,True,True,True,,,,
bikehazard,11,,True,True,True,,,,
binaryarea,22,,True,True,True,,,,
biologyforkids,22,,True,True,True,,,,
birdlime,22,,True,True,True,,,,
birthchip,44,,True,True,True,,,,
birthdaybot,22,,True,True,True,,,,
bitcoinstacker,111,,True,True,True,,,,
blackflat,22,"coffee, or bitumen ... ?? :-)",True,True,True,,,,
blackmount,111,,True,True,True,,,,
blankbackground,11,,True,True,True,,,,
bligation,22,,True,True,True,,,,
blockcorp,1515,,True,True,True,,,,
blood-sausage,11,,True,True,True,,,,
bloodbone,111,,True,True,True,,,,
bloodinstinct,22,,True,True,True,,,,
blowagasket,22,,True,True,True,,,,
blueknob,22,,True,True,True,,,,
bluesartists,33,,True,True,True,,,,
bluetoothearrings,11,,True,True,True,,,,
bluetrips,22,,True,True,True,,,,
bluffrock,22,,True,True,True,,,,
bmxmag,55,,True,True,True,,,,
boassa,99,PT 'goodness',True,True,True,,,,
boatdeck,,,False,False,True,,,,
bodgi,222,,True,True,True,,,,5L
bogearth,11,,True,True,True,,,,
boggyplain,11,,True,True,True,,,,
bokowen,55,Polish sideways,True,True,True,,,,
bolshoylog,22,"Botanical reserve of regional importance in Krasnensky District of the Belgorod Oblast, Russia.",True,True,True,,,,
bongaverse,55,,True,True,True,,,,
bookcircus,33,,True,True,True,,,,
booksused,22,,True,True,True,,,,
booktrain,22,,True,True,True,,,,
bookyards,22,,True,True,True,,,,
boot-leg,22,,True,True,True,,,,
bootos,3333,boot OS,True,True,True,,,,
boredaip,55,,True,True,True,,,,
bosseye,555,In jamaica this word means looking or waiting for a bus; in trinidad it means looking or wanting to get punched [urbandictionary].,True,True,True,,,,
boundaryrider,33,,True,True,True,,,,
branchise,444,,True,True,True,,,,
brandget,22,,True,True,True,,,,
brilo,22,,True,True,True,,,,5L
brokenigger,55,broke nigger | broken nigger,True,True,True,,,,
bromised,22,bro promise[d],True,True,True,,,,
brooklyntourism,22,,False,False,True,,,,
bruijst,44,Dutch 'fizz',True,True,True,,,,
btc_archive,666,,True,True,True,,,,
btcprincess,444,,True,True,True,,,,
btcsimilar,99,,True,True,True,,,,
btcstockpile,111,,True,True,True,,,,
bucketing,22,,True,True,True,,,,
budslaw,22,,True,True,True,,,,
buggerie,22,,True,True,True,,,,
buidlweb3,33,,True,True,True,,,,
buildmake,4444,,True,True,True,,,,
buildsolar,22,,True,True,True,,,,
bullride,333,,True,True,True,,,,
bungenie,22,,True,True,True,,,,
burnparty,22,,True,True,True,,,,
bushmin,22,,True,True,True,,,,
busyguru,22,,True,True,True,,,,
buxcard,55,,True,True,True,,,,
buyadrink,111,,True,True,True,,,,
buzinanbi,11,PT 'horn horn',True,True,True,,,,
buzingo,22,PT 'horn',True,True,True,,,,
bychikha,22,,True,True,True,,,,
byiv,444,by intravenous | In Vitro | _many_ [https://acronyms.thefreedictionary.com/IV],True,True,True,,,,4L
bytecoinbroker,111,,True,True,True,,,,
cafesito,44,ES 'little coffee',True,True,True,,,,
cafespice,55,,True,True,True,,,,
caioxo,90,"Portuguese, caio: ENGLISH, fall ..n'get well soon' or 'kiss it better' :-) n",True,True,True,,,,
calendarjournal,22,,True,True,True,,,,
californiagold,22,,True,True,True,,,,
calligraphyart,55,,True,True,True,,,,
campersusa,55,,True,True,True,,,,
campervanusa,44,,True,True,True,,,,
campingholiday,222,,False,False,True,,,,
campingidea,22,,False,False,True,,,,
campingplay,33,,True,True,True,,,,
canadaworkvisa,222,,True,True,True,,,,
canihavethat,22,,True,True,True,,,,
cantori,555,IT 'singers',True,True,True,,,,
carbonita,111,ES 'carbonite',True,True,True,,,,
cardhatch,,t-,False,False,True,,,,
carribeanislands,11111,carribean islands,True,True,True,,,,
carryshit,22,,True,True,True,,,,
carwifi,111,,True,True,True,,,,
catbites,22,,True,True,True,,,,
catbits,111,,True,True,True,,,,
catboat,22,,True,True,True,,,,
catbond,22,,True,True,True,,,,
catcrew,55,,True,True,True,,,,
catdiva,22,,True,True,True,,,,
catdivas,22,,True,True,True,,,,
catgeek,111,,True,True,True,,,,
catgems,22,,True,True,True,,,,
catkat,22,,True,True,True,,,,
catluck,55,,True,True,True,,,,
catmood,111,,True,True,True,,,,
catnerd,111,,True,True,True,,,,
catpros,222,,True,True,True,,,,
catsaga,111,,True,True,True,,,,
catsnames,55,,True,True,True,,,,
catspaws,555,,True,True,True,,,,
cattek,22,,True,True,True,,,,
cdtab,55,,True,True,True,,,,5L
celeres,22,,True,True,True,,,,
centones,11,,True,True,True,,,,
certech,22,,True,True,True,,,,
cevichebar,22,,True,True,True,,,,
chaa-khol,44,https://en.wikipedia.org/wiki/Chaa-Kholn Russia .. OR .. a phonetic fire fuel,True,True,True,,,,
chainarts,22,,True,True,True,,,,
chainrek,22,,True,True,True,,,,
chakrapara,22,ES chakra 'tofor',True,True,True,,,,
chakratala,22,small cymbals,True,True,True,,,,
chaletski,22,,False,False,True,,,,
changeblockchain,22,,True,True,True,,,,
changestate,22,,True,True,True,,,,
charababil,11,"village in Raipur, India",True,True,True,,,,
chartz,555,,True,True,True,,,,
chausi,44,"chausi [or chausie] is a cross between a domestic cat and another non-Felis silvestris, the jungle cat found in Asia",True,True,True,,,,
cheapeat,22,,True,True,True,,,,
cheappart,22,,True,True,True,,,,
cheaptutor,22,,True,True,True,,,,
childoriented,22,,True,True,True,,,,
chinamania,111,,True,True,True,,,,
chinarang,888,,True,True,True,,,,
chinarati,888,,True,True,True,,,,
chinavstaiwan,44,,True,True,True,,,,
chinesewine,888,,True,True,True,,,,
chingoje,80,"A park in Iringa, Tanzania; or Spanish 'shit' (by Ggl-Transl8).",True,True,True,,,,
chocolatecup,55,,True,True,True,,,,
choffee,333,,True,True,True,,,,
christmasraffle,11,,True,True,True,,,,
ciertas,44,"ES 'certain, sure, definite'",True,True,True,,,,
cilk,1234,,True,True,True,,,,4L
clearsunglasses,22,,True,True,True,,,,
clickpower,55,,True,True,True,,,,
clockpot,22,,True,True,True,,,,
closetimes,22,,True,True,True,,,,
clothmask,22,,True,True,True,,,,
cloudcannabis,999,,True,True,True,,,,
cloudokids,22,,True,True,True,,,,
coderow,44,,True,True,True,,,,
codesk,333,,False,False,True,,,,
coinbeg,555,,True,True,True,,,,
coindav,11,,True,True,True,,,,
coinpush,99,,True,True,True,,,,
colorword,22,,True,True,True,,,,
comunidadrodeo,11,ES community rodeo,True,True,True,,,,
conductasurvey,22,,True,True,True,,,,
conefrens,22,,True,True,True,,,,
confuciuss,11,,True,True,True,,,,
contagiousabortion,11,,True,True,True,,,,
cookingwithbeer,22,,True,True,True,,,,
coolary,111,a Studio on Scratch,True,True,True,,,,
copycatnft,22,,True,True,True,,,,
costumemania,22,,True,True,True,,,,
coughremedy,33,,True,True,True,,,,
countme,555,,True,True,True,,,,
craftgenius,22,,True,True,True,,,,
craftskill,44,,True,True,True,,,,
createjob,22,,True,True,True,,,,
createyourhappy,11,,True,True,True,,,,
creativekitchen,44,,True,True,True,,,,
creditprovider,22,,True,True,True,,,,
crewnow,22,,True,True,True,,,,
crohnsquiz,55,,True,True,True,,,,
crooksncastles,444,https://crooksncastles.com/pages/about-us,True,True,True,,,,
cryptmonk,111,,True,True,True,,,,
cryptoasians,888,,True,True,True,,,,
cryptoblue,333,,True,True,True,,,,
cryptofact,333,,True,True,True,,,,
cryptominersgroup,170,,True,True,True,,,,
cryptopersia,777,,True,True,True,,,,
cryptoruin,22,,True,True,True,,,,
cryptoshoot,2112,,True,True,True,,,,
cryptospare,22,,True,True,True,,,,
cryptostep,211,,True,True,True,,,,
cryptostill,213,,True,True,True,,,,
cryptotaoist,333,,True,True,True,,,,
cryptotwist,22,,True,True,True,,,,
cryptotype,333,,True,True,True,,,,
cryptoyet,211,,True,True,True,,,,
crzghcsjz2cwpxfgluhfdp5uvhffhsgvlfj3nxywpksrc7ve5dqa,,,False,False,False,,,,
customtax,44,,True,True,True,,,,
cyav,444,cyber-audiovisual | Community Youth Against Violence,True,True,True,,,,4L
cyez,444,cyber-easy | sighs,True,True,True,,,,4L
cyok,444,cyber is good!,True,True,True,,,,4L
cyup,444,cyber-up,True,True,True,,,,4L
dadgets,111,,True,True,True,,,,
dadsell,22,,True,True,True,,,,
dadsofdiy,55,,True,True,True,,,,
dadstrain,11,,True,True,True,,,,
dadworry,11,,True,True,True,,,,
dairygoats,111,,True,True,True,,,,
damaoil,22,Scots Gaelic 'damages',True,True,True,,,,
damerchar,11,,True,True,True,,,,
daory,222,,True,True,True,,,,5L
daouia,11,,True,True,True,,,,
darkbet,666,,True,True,True,,,,
darkchi,55,,True,True,True,,,,
darkdweb,888,,True,True,True,,,,
darknet22,11,,True,True,True,,,,
darkwebai,55,,True,True,True,,,,
daycrypto,4321,,True,True,True,,,,
dayperson,22,,True,True,True,,,,
de-jour,55,,True,True,True,,,,
deadhead420,22,,True,True,True,,,,
deficalendar,22,,True,True,True,,,,
defineword,22,,True,True,True,,,,
degenzoo,111,,True,True,True,,,,
dellage,11,,True,True,True,,,,
deodasa,22,PT 'toothy',True,True,True,,,,
deosculate,11,to kiss affectionately,True,True,True,,,,
deow,444,remove pain [de-'ow'] - 'healing',True,True,True,,,,4L
depotrestaurant,22,,True,True,True,,,,
desalinated,22,,True,True,True,,,,
deskheaven,22,,True,True,True,,,,
devilbirth,22,,True,True,True,,,,
devle,11,,True,True,True,,,,5L
dialecticalmaterialism,7,,False,False,True,,,,
dianuevo,111,SP 'new day'.,True,True,True,,,,
dicts,5555,Dictionaries / dictates,True,True,True,,,,5L
diganga,22,,True,True,True,,,,
dighair,22,,True,True,True,,,,
digitaldoza,11,,True,True,True,,,,
digitaldwellers,55,,True,True,True,,,,
digitallivre,22,,True,True,True,,,,
digitrail,55,,True,True,True,,,,
dijeron,77,SP 'they said',True,True,True,,,,
dimtsje,22,,True,True,True,,,,
dimuanya,22,Indonesian 'in all'; Angolan town.,True,True,True,,,,
dinerabc,22,,True,True,True,,,,
dinersabc,22,,True,True,True,,,,
dints,4321,,True,True,True,,,,5L
dipha,11,,True,True,True,,,,5L
diplomatwallet,55,,True,True,True,,,,
dipso,111,Slang: Disparaging and Offensive. a habitual drinker of alcohol who is frequently intoxicated; a dipsomaniac,True,True,True,,,,5L
directshop,111,,True,True,True,,,,
dirke,22,,True,True,True,,,,5L
dirtyphonics,22,,True,True,True,,,,
dishrv,22,,True,True,True,,,,
divacat,22,,True,True,True,,,,
divergentcapital,321,,True,True,True,,,,
divvied,22,,True,True,True,,,,
diyshed,1111,diy shed,True,True,True,,,,
djgigs,55,,True,True,True,,,,
dlem,444,4char meld[rev],True,True,True,,,,4L
dlim,444,,True,True,True,,,,4L
dog-weary,22,,True,True,True,,,,
dogevote,444,,True,True,True,,,,
dokrat,22,,True,True,True,,,,
dolea,222,ES 'it hurts',True,True,True,,,,5L
dollaryo,44,,True,True,True,,,,
domain-gallery,55,,True,True,True,,,,
domainand,33,,True,True,True,,,,
domainsau,,,False,False,True,,,,
domainssl,55,,True,True,True,,,,
domany,44,do many,True,True,True,,,,
domoslave,44,house [Esperanto] slave,True,True,True,,,,
dondaii,22,,True,True,True,,,,
dongi,99,Put on a gi [JP martial arts suit].,True,True,True,,,,5L
dopego,222,ES 'i hit' | PT 'of the caught',True,True,True,,,,
doubleorquits,22,,True,True,True,,,,
dragonfoot,11,,True,True,True,,,,
dragonpair,11,,True,True,True,,,,
dragontalk,22,,True,True,True,,,,
dragontell,22,,True,True,True,,,,
drawrein,22,,True,True,True,,,,
dreamwalking,22,,True,True,True,,,,
drugdex,222,,True,True,True,,,,
drybrushing,33,,True,True,True,,,,
dslrtripod,22,,True,True,True,,,,
dudebrew,22,,True,True,True,,,,
duediamond,22,,True,True,True,,,,
dugolaz,55,Croatian 'long-distance',True,True,True,,,,
dunyasi,555,"Azerbaijani, Javanese, Kyrgyz, Malay, Sundanese, Swahili, Tajik, Turkish, Turkmen, Uzbek .. 'world [is]'",True,True,True,,,,
dwarfnft,22,,True,True,True,,,,
dwebshare,22,,True,True,True,,,,
dwebstat,11,,True,True,True,,,,
dyeing,456,Color/colour your life!! :-),True,True,True,,,,
dynotic,22,,True,True,True,,,,
eachtoherown,22,,True,True,True,,,,
earmint,22,,True,True,True,,,,
eartharoma,22,,True,True,True,,,,
earthchronicles,22,,True,True,True,,,,
earthdeck,22,,True,True,True,,,,
earthgleam,22,,True,True,True,,,,
earthround,33,,True,True,True,,,,
eatark,22,,True,True,True,,,,
eatfrenzy,22,,True,True,True,,,,
eatpallet,33,,True,True,True,,,,
eatsshootsandleaves,22,,True,True,True,,,,
ebay-nft,22,,True,True,True,,,,
ebbk,444,bigfat ebook [or .. tide goes out a kay lol],True,True,True,,,,4L
ecoherald,22,,True,True,True,,,,
econowork,22,,True,True,True,,,,
ecotraders,55,,True,True,True,,,,
ecoutility,55,,True,True,True,,,,
eculture,333,,True,True,True,,,,
edibleking,44,,True,True,True,,,,
egerritzen,11,,True,True,True,,,,
egosurf,55,,True,True,True,,,,
ehehe,44,,True,True,True,,,,5L
electricwelding,11,,True,True,True,,,,
elgoogle,3190.0913,,True,True,True,,,,
elimits,44,,True,True,True,,,,
elmac,22,,True,True,True,,,,5L
elvesonline,22,,True,True,True,,,,
emilitary,333,,True,True,True,,,,
encer,55,,True,True,True,,,,5L
energy-up,22,,True,True,True,,,,
englishcastles,111,,True,True,True,,,,
enjoythemoments,11,,True,True,True,,,,
ens4you,44,,True,True,True,,,,
ensmind,22,,True,True,True,,,,
ensninjas,55,,True,True,True,,,,
enspartners,222,,True,True,True,,,,
entric,22,,True,True,True,,,,
ephemerama,77,,True,True,True,,,,
epicwit,22,,True,True,True,,,,
equestriancoach,22,,True,True,True,,,,
eremy,111,,True,True,True,,,,5L
ernar,22,,True,True,True,,,,5L
eslaw,55,,True,True,True,,,,5L
espan,222,[short Español] |Enhanced Switched Port Analyzer (Cisco) | Electronic and Small Press Authors' Network (Romance Writers of America),True,True,True,,,,5L
estyled,33,,True,True,True,,,,
eth-degen,55,,True,True,True,,,,
ethyk,888,,True,True,True,,,,5L
etsgo,11,,True,True,True,,,,5L
euroflag,55,,True,True,True,,,,
euromade,22,,True,True,True,,,,
europlus,22,,True,True,True,,,,
eurue,44,List the things that the EU rue!,True,True,True,,,,5L
eversham,22,,True,True,True,,,,
everyai,222,,True,True,True,,,,
everythingcheap,22,,True,True,True,,,,
exhibitservice,22,,True,True,True,,,,
exoticsinc,33,,True,True,True,,,,
exportsy,11,,True,True,True,,,,
ezhot,55,,True,True,True,,,,5L
fabtec,22,,True,True,True,,,,
facebookhelp,11,,True,True,True,,,,
falcondo,44,"Falconbridge Dominicana S.A. (Falcondo), owned by Americano Nickel Ltd, operates the Falcondo ferronickel mine in the Dominican Republic.",True,True,True,,,,
familyfirewall,22,,True,True,True,,,,
farizon,22,,True,True,True,,,,
farmcareer,33,,True,True,True,,,,
farmiliar,22,,True,True,True,,,,
farmingfriends,55,,True,True,True,,,,
fastgym,44,,True,True,True,,,,
fatalcohol,22,fatal alcohol | fat alcohol,True,True,True,,,,
fauzen,11,,True,True,True,,,,
faxt,4444,,True,True,True,,,,4L
feedlet,11,,True,True,True,,,,
feeldumb,22,,True,True,True,,,,
fertilityfoods,22,,True,True,True,,,,
festivalist,22,,True,True,True,,,,
fiddypence,11,,True,True,True,,,,
fidgetpad,22,,True,True,True,,,,
fightingchairs,11,,True,True,True,,,,
findigo,22,,True,True,True,,,,
finew3b,33,,True,True,True,,,,
fingerspelling,333,"Representation of the letters of a writing system, and sometimes numeral systems, using only the hands.",True,True,True,,,,
firemama,55,,True,True,True,,,,
firstcaribbean,11,,True,True,True,,,,
fishingonthechain,22,,True,True,True,,,,
fishroe,55,,False,False,True,,,,
flag-store,22,,True,True,True,,,,
flag-waving,33,,True,True,True,,,,
flashmatrix,22,,True,True,True,,,,
flipyeah,55,,True,True,True,,,,
fliyer,22,[flierflyer],True,True,True,,,,
flowlist,22,,True,True,True,,,,
focillate,11,IT 'focus | Latin 'mobilize',True,True,True,,,,
folkbook,55,,True,True,True,,,,
fomomofos,222,,True,True,True,,,,
foodreactions,22,,True,True,True,,,,
footdragon,11,,True,True,True,,,,
fortunetrain,22,,True,True,True,,,,
freeeeak,22,,True,True,True,,,,
freeworlddomains,55,,True,True,True,,,,
freshraw,222,,True,True,True,,,,
friendlyfellow,11,,True,True,True,,,,
friendlyname,22,,True,True,True,,,,
froots,333,[fruits],True,True,True,,,,
frozenmeal,44,,True,True,True,,,,
fruitandveg,111,,True,True,True,,,,
fuhren,11,,True,True,True,,,,
fuij,444,,True,True,True,,,,4L
funjest,22,,True,True,True,,,,
funnycritters,22,,True,True,True,,,,
funnycrypto,22,,True,True,True,,,,
funodd,22,,True,True,True,,,,
furryfrenz,22,,True,True,True,,,,
futuredad,44,,True,True,True,,,,
futurepack,22,,True,True,True,,,,
fux4,222,,True,True,True,,,,4C
galacticnode,111,,True,True,True,,,,
galaxyglow,22,,True,True,True,,,,
gamifies,555,,True,True,True,,,,
ganjagrotto,22,,True,True,True,,,,
garlicmayo,44,,True,True,True,,,,
gasavage,11,,True,True,True,,,,
gasellers,11,,True,True,True,,,,
gashepherd,11,,True,True,True,,,,
gashort,11,,True,True,True,,,,
gasparks,11,,True,True,True,,,,
gauni,44,Swahili 'gown',True,True,True,,,,5L
geekle,222,,True,True,True,,,,
geeksquare,22,,True,True,True,,,,
gehort,444,"DE verb - belong, pertain, appertain, deserve",False,False,True,,,,
geigers,69,,True,True,True,,,,
gelded,55,,True,True,True,,,,
geometra,222,IN 'geometrician' | genus of moths,True,True,True,,,,
getbtcx,111,,True,True,True,,,,
getmeouttahere,22,,False,False,True,,,,
geyi,44,,True,True,True,,,,4L
giftxmas,22,,True,True,True,,,,
giss888,88,,True,True,True,,,,
globallynomadic,22,,False,False,True,,,,
globalmachinery,22,,True,True,True,,,,
globe-trot,55,,True,True,True,,,,
glucklich,444,"DE adjective - happy, lucky, fortunate .. adverb - happily, by luck, through luck",False,False,True,,,,
godupdates,555,,True,True,True,,,,
gohare,22,,True,True,True,,,,
goldenen,11,,True,True,True,,,,
goldsilverstandard,22,,True,True,True,,,,
goldsite,22,,True,True,True,,,,
golfprodirectory,33.33,,True,True,True,,,,
gomasta,111,Master of Go language,True,True,True,,,,
goodbasics,22,,True,True,True,,,,
goodkarma,11,,True,True,True,,,,
goodyearmaps,11,,True,True,True,,,,
googlez,1234,,True,True,True,,,,
gostilij,111,Slovenian 'inns',True,True,True,,,,
grabac,55,ES 'record',True,True,True,,,,
grabezmala,22,BU 'grabbed' .. ni grabbed it - you can too!,True,True,True,,,,
graduationnight,22,,True,True,True,,,,
grandchat,55,,True,True,True,,,,
grandmoon,111,,True,True,True,,,,
greycos,22,,True,True,True,,,,
greymobile,11,,True,True,True,,,,
grezin,22,,True,True,True,,,,
grooveon,22,,True,True,True,,,,
growdao,22,,True,True,True,,,,
guccihat,22,,True,True,True,,,,
guiddir,22,,True,True,True,,,,
gulfwartimeline,11,,True,True,True,,,,
guruforum,22,,True,True,True,,,,
gurupost,22,,True,True,True,,,,
guypics,111,,True,True,True,,,,
gymaesthetics,22,,True,True,True,,,,
gynecomania,22,Extreme sexual desire in the male; a compulsive desire for female sex partners,True,True,True,,,,
habilito,33,"ES 'enable, qualify'",True,True,True,,,,
habitsaver,22,,True,True,True,,,,
hagsdorf,44,Bavarian town,True,True,True,,,,
hahaquan,11,,True,True,True,,,,
hamburgerheaven,22,,True,True,True,,,,
hamuk,222,phonetic 'hammock',True,True,True,,,,5L
hand-worked,33,,True,True,True,,,,
handshakeoasis,555,,True,True,True,,,,
handshaketothemoon,222,,True,True,True,,,,
handyear,55,,True,True,True,,,,
hangblockchain,22,,True,True,True,,,,
happy21st,,,False,False,True,,,,
happydecay,22,,True,True,True,,,,
happyplant,77,,True,True,True,,,,
hashrunes,10,,True,True,True,,,,
hazardnews,22,,True,True,True,,,,
headrhyme,11,,True,True,True,,,,
healersathome,22,,True,True,True,,,,
healthdocs,22,,True,True,True,,,,
healthmed,22,,True,True,True,,,,
herba-life,55,,True,True,True,,,,
herblot,22,,True,True,True,,,,
hergear,555,,True,True,True,,,,
hetven,11,HU 'seventy',True,True,True,,,,
hetvenne,11,HU 'seventies',True,True,True,,,,
hetvischwater,11,Dutch 'the fishing water',False,False,True,,,,
hetviswater,11,Dutch 'the fishing water',False,False,True,,,,
hi.sname,,t-,False,False,False,,,,
hiddenbookshelf,11,,True,True,True,,,,
highfivehandshake,555,,True,True,True,,,,
hisgirl,22,,True,True,True,,,,
hisnibs,22,,True,True,True,,,,
hitcharide,11,,True,True,True,,,,
hn.sname,,t-,False,False,True,,,,
hns.xn--nn8hc254cfa,,t-,False,False,True,,,,
hnsbandana,123,,True,True,True,,,,
hnssparkly,234,...pprreettttyy..... :D,True,True,True,,,,
hnsxai,222,,True,True,True,,,,
hodlbag,777,,True,True,True,,,,
holistichns,999,,True,True,True,,,,
holistique,2788,FR 'holistic'.,True,True,True,,,,
homebasic,22,,True,True,True,,,,
hongki,44,phonetic 'honky',True,True,True,,,,
horseroad,22,,True,True,True,,,,
hourdefi,66,,True,True,True,,,,
how2code,222,,True,True,True,,,,
howdoibuy,33,,True,True,True,,,,
howtostartadiet,22,,True,True,True,,,,
hsuh,444,4char hush[rev],True,True,True,,,,4L
hsum,444,4char mush[rev] -drive the dog-team backwards | Health Sciences University of Mongolia,True,True,True,,,,4L
htjoepo376i4q546bdr652w6yik3e63767a3us2wt7hxdtet4uta,,,False,False,False,,,,
hucx,1234,,True,True,True,,,,4L
humanfact,33,,True,True,True,,,,
humantax,55,,True,True,True,,,,
hungerburg,77,,True,True,True,,,,
hyart,22,,True,True,True,,,,5L
hyphenstudio,22,,True,True,True,,,,
icav,444,,True,True,True,,,,4L
icerescue,22,,True,True,True,,,,
idioot,55,,True,True,True,,,,
idrt,444,,True,True,True,,,,4L
ifeelhappyandexcited,55,,True,True,True,,,,
ijtv,444,ijit tv [idiot tevevision],True,True,True,,,,4L
iknow,,t-,False,False,True,,,,5L
illionth,111,,True,True,True,,,,
imrah,22,,True,True,True,,,,5L
inacura,11,,True,True,True,,,,
indexpenny,55,,True,True,True,,,,
indiair,555,,True,True,True,,,,
indiaway,222,India way | India away,True,True,True,,,,
inertianft,33,,True,True,True,,,,
inmatesontheweb,11,,True,True,True,,,,
inorderto,22,,True,True,True,,,,
insertdate,22,,True,True,True,,,,
inslowmo,22,,True,True,True,,,,
instagranddad,44,,True,True,True,,,,
instagranny,44,,True,True,True,,,,
internetroaming,22,,True,True,True,,,,
ironwares,111,,True,True,True,,,,
isavi,22,,True,True,True,,,,5L
isurgir,55,PT 'arise',True,True,True,,,,
it-hub,88,,True,True,True,,,,
italianization,44,,True,True,True,,,,
itchfor,11,,True,True,True,,,,
itlooksrare,11,,True,True,True,,,,
ivegotit,2222,,True,True,True,,,,
izlaw,22,,True,True,True,,,,5L
j33z,1234,,True,True,True,,,,4C
jawa,,,False,False,True,,,,4L
jhnsi,22,,True,True,True,,,,5L
jobofwork,22,,True,True,True,,,,
jond,444,,True,True,True,,,,4L
jpgking,123,,True,True,True,,,,
justgeneric,22,,True,True,True,,,,
justgoodthings,22,,True,True,True,,,,
justsun,22,,True,True,True,,,,
kaliyuga,22,,True,True,True,,,,
kanggaru,555,Malay 'kangaroo',False,False,True,,,,
karmabet,11,,True,True,True,,,,
kelime,55,,True,True,True,,,,
keptman,222,,True,True,True,,,,
khnsi,22,,True,True,True,,,,5L
kidpolicy,33,,True,True,True,,,,
kihk,444,kick,True,True,True,,,,4L
kiitana,69,,True,True,True,,,,
king-of-shit,22,,True,True,True,,,,
kingdomchairs,22,,True,True,True,,,,
kinghaggard,44,https://thelastunicorn.fandom.com/wiki/King_Haggard,True,True,True,,,,
kittenbach,555,"Town in Styria, Austria .. or a very musical young cat!",True,True,True,,,,
kittenberg,444,A town in Bavaria .. or a _very_ large young cat!,False,False,True,,,,
kittenegg,999,Imagine it :-) !!,True,True,True,,,,
kkno,444,,True,True,True,,,,4L
klib,444,,True,True,True,,,,4L
knightstalker,22,,True,True,True,,,,
kompus,22,,True,True,True,,,,
koreataekwondo,,,False,False,True,,,,
kraftwerken,22,DE 'power plants noun: power station',True,True,True,,,,
krif,444,,True,True,True,,,,4L
kthrash,22,,True,True,True,,,,
kungfunecktie,22,,True,True,True,,,,
kvhz,444,4char electrical notation [KiloVolt Hertz],True,True,True,,,,4L
kwyt,1234,[quit/e],True,True,True,,,,4L
labyrinthos,22,,True,True,True,,,,
ladyriders,111,,False,False,True,,,,
layawager,22,,True,True,True,,,,
laydee,111,,False,False,True,,,,
leathersupplies,22,,True,True,True,,,,
legoforadults,33,,True,True,True,,,,
lemonfa,11,,True,True,True,,,,
leschats,55,FR 'the cats',True,True,True,,,,
letterers,111,,True,True,True,,,,
lifebets,33,,True,True,True,,,,
lifespin,222,,True,True,True,,,,
lifeview,777,,True,True,True,,,,
lightyear0,22,,True,True,True,,,,
liikunta,222,"Finnish noun: exercise, movement, physical education",True,True,True,,,,
linguisticsai,44,,True,True,True,,,,
linuks,222,,True,True,True,,,,
litlove,33,,True,True,True,,,,
loanwhale,55,,True,True,True,,,,
logicz,55,,True,True,True,,,,
londonbuildings,55,,True,True,True,,,,
longfunny,11,,True,True,True,,,,
lookatmynft,25,,True,True,True,,,,
lookinmypc,22,,True,True,True,,,,
lostbtc,222,,True,True,True,,,,
losttoys,22,,True,True,True,,,,
lovecatz,222,,True,True,True,,,,
lovemypen,33,,True,True,True,,,,
lowage,22,,True,True,True,,,,
lowgear,,,False,False,True,,,,
lowlust,11,,True,True,True,,,,
lowrage,11,,True,True,True,,,,
luffas,222,,True,True,True,,,,
lunarai,222,,True,True,True,,,,
lunarphase,2222,,True,True,True,,,,
lunchtimes,33,,True,True,True,,,,
lustfor,22,,True,True,True,,,,
lustfullove,111,,True,True,True,,,,
mailfun,22,,True,True,True,,,,
mailmenu,22,,True,True,True,,,,
majiko,22,,True,True,True,,,,
manfriday,11,,True,True,True,,,,
manteaus,22,"plural noun: a loose gown or cloak worn by women in the 17th and 18th centuries  a long, loose coat or overshirt worn by Muslim women.",True,True,True,,,,
manxiety,111,,True,True,True,,,,
mapactive,22,,True,True,True,,,,
mapready,22,,True,True,True,,,,
mapsmobile,22,,True,True,True,,,,
marihuanna,222,,True,True,True,,,,
marmoz,22,,True,True,True,,,,
marspaceship,22,,True,True,True,,,,
maskdoge,555,,True,True,True,,,,
matchwedding,22,,True,True,True,,,,
mbkf,444,,True,True,True,,,,4L
mdud,444,,True,True,True,,,,4L
mdue,444,,True,True,True,,,,4L
medeus,22,,True,True,True,,,,
medibazaar,22,,True,True,True,,,,
meditateandbreathe,22,,True,True,True,,,,
meditime,22,,True,True,True,,,,
meetblockchain,11,,True,True,True,,,,
melbourneit,222,,False,False,True,,,,
memetales,22,,True,True,True,,,,
menumap,55,,True,True,True,,,,
methusala,969,1HNS for the years he's said to have lived :-),True,True,True,,,,
mexicanpinatas,22,,True,True,True,,,,
mfir,444,,True,True,True,,,,4L
mgwu,444,,True,True,True,,,,4L
mhnsi,22,,True,True,True,,,,5L
mikredki,22,,True,True,True,,,,
mindfulnessmatters,22,,True,True,True,,,,
mindteam,44,,True,True,True,,,,
minerz,1010,,True,True,True,,,,
mintila,222,Mintila Hot Chocolate (Tequila Mint),True,True,True,,,,
mintsilo,33,,True,True,True,,,,
misseat,22,miss-eat  miss-seat,True,True,True,,,,
mixwriter,22,,True,True,True,,,,
mjob,444,,True,True,True,,,,4L
mjoe,444,,True,True,True,,,,4L
mjox,444,,True,True,True,,,,4L
mmft,444,,True,True,True,,,,4L
mmkm,444,,True,True,True,,,,4L
mnab,444,,True,True,True,,,,4L
mnap,444,,True,True,True,,,,4L
moaj,444,,True,True,True,,,,4L
mojidad,22,,True,True,True,,,,
momdear,11,,True,True,True,,,,
momhost,22,,True,True,True,,,,
mompolicy,11,,True,True,True,,,,
moneyisdead,55,,True,True,True,,,,
monkeydojo,111,,True,True,True,,,,
monkeyyoga,22,,False,False,True,,,,
monki,22222,,True,True,True,,,,5L
monophagy,55,feeding on a single type of food,True,True,True,,,,
mooctochina,22,,True,True,True,,,,
moongoat,888,Gone to the Moon as Greatest Of All Time !!,True,True,True,,,,
morelaws,22,,True,True,True,,,,
moremart,111,,True,True,True,,,,
moreshop,111,,True,True,True,,,,
morevote,33,,True,True,True,,,,
moscowembassy,22,,True,True,True,,,,
mothballnft,22,,True,True,True,,,,
motheranddaughter,22,,True,True,True,,,,
mototravelers,22,,False,False,True,,,,
movenft,1414,,True,True,True,,,,
mrnu,444,,True,True,True,,,,4L
mufin,77,phonetic 'muffin',True,True,True,,,,5L
muggleworld,11,,True,True,True,,,,
mulletsfishcamp,22,,True,True,True,,,,
multitrip,444,,True,True,True,,,,
musictag,33,,True,True,True,,,,
musketeerscharacters,88,,True,True,True,,,,
muskovite,33,,True,True,True,,,,
mwho,444,,True,True,True,,,,4L
mxes,444,,True,True,True,,,,4L
mxfb,444,,True,True,True,,,,4L
myaym,55,my aim,True,True,True,,,,5L
mybrokensea,22,,True,True,True,,,,
mycatisfat,55,,True,True,True,,,,
mygrane,22,,True,True,True,,,,
mylookout,11,,True,True,True,,,,
mynfteam,55,,True,True,True,,,,
mysite21,55,,True,True,True,,,,
mywreck,22,,True,True,True,,,,
n-u-d-e,222,,True,True,True,,,,
namebooks,44,,True,True,True,,,,
namewisdom,22,,True,True,True,,,,
nastyuk,111,nasty yuk | nasty UK,True,True,True,,,,
nationalcostume,55,,False,False,True,,,,
nationbase,22,,True,True,True,,,,
nativeseed,22,,True,True,True,,,,
naturaled,33,natural LED,True,True,True,,,,
natureboat,33,,True,True,True,,,,
naturecrossroad,22,,True,True,True,,,,
naturewellbeing,22,,True,True,True,,,,
ndations,22,,True,True,True,,,,
netclown,22,,True,True,True,,,,
netreq,111,,True,True,True,,,,
neversaygoodbye,55,,True,True,True,,,,
newitch,33,new itch | new witch,True,True,True,,,,
nextceo,55,,True,True,True,,,,
nexttip,44,,True,True,True,,,,
nft169,11,,True,True,True,,,,
nftaccepted,55,,True,True,True,,,,
nfteggsurprise,222,,True,True,True,,,,
nftjail,22,,True,True,True,,,,
nftsgirl,33,,True,True,True,,,,
nftsilo,22,,True,True,True,,,,
nftvisa,88,,True,True,True,,,,
nicedear,22,,True,True,True,,,,
nicesync,55,,True,True,True,,,,
nipplebanana,22,,True,True,True,,,,
no-mad,22,,True,True,True,,,,
no.trolling,,t-,False,False,True,,,,
nongisnong,22,,True,True,True,,,,
nonphixion,55,,True,True,True,,,,
noob21,11,,True,True,True,,,,
noob22,11,,True,True,True,,,,
nordsud,111,FR 'north-south',True,True,True,,,,
norise,22,"Latvian 'progress noun: procedure, process, run'",True,True,True,,,,
noshnest,22,,True,True,True,,,,
noteat,22,,True,True,True,,,,
nothingmax,22,,True,True,True,,,,
notold,55,,True,True,True,,,,
nowhandshake,555,,True,True,True,,,,
nowhat,222,"Now What!? | No, What?",True,True,True,,,,
nseth,44,,True,True,True,,,,5L
nudedudes,22,,True,True,True,,,,
nudetoken,111,,True,True,True,,,,
nuevaitalia,33,"SP 'New Italy' .. Michoacán, Mexico ..OR.. Paraguay",True,True,True,,,,
nuevoguarare,11,"Panama, Central America",True,True,True,,,,
nuevosanjuan,111,"The _centre_ of the Americas lol .. central Central America, Panama",True,True,True,,,,
nuevovigia,11,"Panama, Central America",True,True,True,,,,
nvem,444,envy 'em,True,True,True,,,,4L
nvyr,444,,True,True,True,,,,4L
ny-us,555,,True,True,True,,,,5C
nytrucks,22,,True,True,True,,,,
nzdefi,,,False,False,True,,,,
nzhs,444,,True,True,True,,,,4L
nznznz,,,False,False,True,,,,
ofenau,55,of English Australian,True,True,True,,,,
ohforkme,44,,True,True,True,,,,
old-fangled,33,,True,True,True,,,,
oldnerd,111,,True,True,True,,,,
oldog,111,,True,True,True,,,,5L
omejie,11,mis-spelling of 'emojie',True,True,True,,,,
omgalol,22,,True,True,True,,,,
onebadday,22,,True,True,True,,,,
oneillusa,22,,True,True,True,,,,
onestraw,22,,True,True,True,,,,
oneuni,111,,True,True,True,,,,
onlineshopchina,22,,True,True,True,,,,
onlyscam,55,,True,True,True,,,,
onoo,444,oooohh nooo...! n Get ttps://www.namebase.io/domains/00no too!,True,True,True,,,,4L
ontheqt,22,,True,True,True,,,,
openuser,111,,True,True,True,,,,
orgm,444,orgasm,True,True,True,,,,4L
orgq,444,orgy queue,True,True,True,,,,4L
oronas,22,,True,True,True,,,,
orthx,11,,True,True,True,,,,5L
osterwasser,22,DE 'Easter water',True,True,True,,,,
ouratlas,22,,True,True,True,,,,
ourspring,22,,True,True,True,,,,
outrick,55,,True,True,True,,,,
ovcari,22,Bosnian 'sheep',True,True,True,,,,
overearn,55,,True,True,True,,,,
ox-eye,11,,True,True,True,,,,
oyic,444,,True,True,True,,,,4L
ozreni,22,BU 'mature',True,True,True,,,,
pacificwine,22,,True,True,True,,,,
painpal,22,,True,True,True,,,,
painsomnia,22,,True,True,True,,,,
pairoff,55,,True,True,True,,,,
paleohns,345,want to list early registered names..?,True,True,True,,,,
panprog,22,,True,True,True,,,,
parysh,22,[parish],True,True,True,,,,
passwordsharing,33,,True,True,True,,,,
pdfcloud,33,,True,True,True,,,,
peacecats,22,,True,True,True,,,,
peacemaxi,22,,True,True,True,,,,
peacequiet,44,,True,True,True,,,,
pechenet,22,,True,True,True,,,,
pedrose,69,,True,True,True,,,,
pensexpert,22,,True,True,True,,,,
pept,444,"excited, 'pepped' | Philippine Educational Placement Test",True,True,True,,,,4L
personise,111,,True,True,True,,,,
pervici,11,perv is he',True,True,True,,,,
pesk,444,,True,True,True,,,,4L
petcows,55,,True,True,True,,,,
peuu,444,,True,True,True,,,,4L
pharmapurse,11,,True,True,True,,,,
phnsi,22,,True,True,True,,,,5L
phoenixed,55,,True,True,True,,,,
photodojo,444,,True,True,True,,,,
photofacts,222,,False,False,True,,,,
pimpmylife,22,,True,True,True,,,,
pirateradioship,77,,True,True,True,,,,
pivt,444,,True,True,True,,,,4L
pixelogic,55,,True,True,True,,,,
planshe,222,plan-she | plans-he,True,True,True,,,,
plurali,22,,True,True,True,,,,
poddrezanj,55,Slovenian 'undercuts',True,True,True,,,,
podgalevi,22,BU subchapters,True,True,True,,,,
polygraphy,333,,True,True,True,,,,
pop-it,22,,True,True,True,,,,
poppizzazz,22,,True,True,True,,,,
pornosession,55,,True,True,True,,,,
posern,22,"Was a province of Prussia; present-day Poznań, Poland - https://en.wikipedia.org/wiki/Province_of_Posen [also surname]",True,True,True,,,,
poshcats,22,,True,True,True,,,,
prayas,22,,True,True,True,,,,
precrowd,999,,True,True,True,,,,
prettyontheinside,22,,True,True,True,,,,
price-watch,44,,True,True,True,,,,
pricedefi,22,,True,True,True,,,,
primetip,22,,True,True,True,,,,
pritty,22,,True,True,True,,,,
privacyapp,66,,True,True,True,,,,
proofwin,22,,True,True,True,,,,
protoprogram,22,,True,True,True,,,,
pterophorid,22,"tiny plume moths, a family of Lepidoptera with unusually modified wings",True,True,True,,,,
pubmata,22,,True,True,True,,,,
punxart,222,,True,True,True,,,,
purrjoy,22,,True,True,True,,,,
px__xq,22,,True,True,True,,,,
pyot,444,pik-ur-own-talentteamtimetrash | Put Yourself Out There | Print Your Own Tee | magpie | piebald horse,True,True,True,,,,4L
qsks,444,q asks .. asks questions,True,True,True,,,,4L
qsld,444,qld sld,False,False,True,,,,4L
quirioco,,,False,False,True,,,,
qwipper,22,,True,True,True,,,,
r8edu,44,,True,True,True,,,,5C
r8eth,88,,True,True,True,,,,5C
rainforesttours,22,,False,False,True,,,,
raisedefi,22,,True,True,True,,,,
rantize,22,,True,True,True,,,,
raredrinks,22,,True,True,True,,,,
rastamagic,33,,True,True,True,,,,
ratetable,55,,True,True,True,,,,
rched,33,,True,True,True,,,,5L
readabl,111,,False,False,True,,,,
rebelnomad,55,,True,True,True,,,,
recipecart,22,,True,True,True,,,,
recorrio,333,"ES 'toured, verb: travel, walk, tour'",True,True,True,,,,
reedah,22,,True,True,True,,,,
reeferparadise,22,,True,True,True,,,,
regularira,22,PT 'regular' | ES 'regularize',True,True,True,,,,
rememe,555,,True,True,True,,,,
rentboards,22,,False,False,True,,,,
rerolle,22,,True,True,True,,,,
resourcio,55,,True,True,True,,,,
respondwell,11,,True,True,True,,,,
retiredguy,22,,True,True,True,,,,
returnbest,22,,True,True,True,,,,
retyped,100,"Whether it be re-styled, or put in a new format some other way, this would seem a most useful name.",True,True,True,,,,
reunionnft,22,,True,True,True,,,,
reusedefi,22,,True,True,True,,,,
rhymetime,55,,True,True,True,,,,
ribx,11,,True,True,True,,,,4L
ridedragon,22,,True,True,True,,,,
ripz,11,,False,False,True,,,,4L
rob-u,55,,True,True,True,,,,5C
robocosmic,22,,True,True,True,,,,
romanroad,77,,True,True,True,,,,
rommany,99,,True,True,True,,,,
rotaitalia,22,Rota Italia,True,True,True,,,,
rrbt,444,,True,True,True,,,,4L
rugbycamp,22,,True,True,True,,,,
rugminter,11,,True,True,True,,,,
rugowner,22,,True,True,True,,,,
ruincrypto,22,,True,True,True,,,,
runeditor,33,,True,True,True,,,,
runtofthelitter,22,,True,True,True,,,,
ruzhdi,44,Albanian 'Rushdie' [https://en.wikipedia.org/wiki/Salman_Rushdie],True,True,True,,,,
rylife,22,,True,True,True,,,,
ryoc,444,RuleRun Your Own Country | Roll Your Own CandyCigarettes,True,True,True,,,,4L
ryougae,222,,True,True,True,,,,
s-e-l-l,777,,True,True,True,,,,
s3cr3tz,44,,True,True,True,,,,
sablayan,22,"officially the Municipality of Sablayan, is a 1st class municipality in the province of Occidental Mindoro, Philippines.",True,True,True,,,,
sadguide,11,,True,True,True,,,,
sagepunk,22,,True,True,True,,,,
salespipe,222,,True,True,True,,,,
salesweb,222,,True,True,True,,,,
salezy,77,,True,True,True,,,,
saluh,22,,True,True,True,,,,5L
salutoria,22,IT 'salutary',True,True,True,,,,
savagekingdom,22,,True,True,True,,,,
sayut,55,,True,True,True,,,,5L
sayy,444,,True,True,True,,,,4L
schaerme,222,DE 'scare',True,True,True,,,,
scoundrelly,22,,True,True,True,,,,
searchya,22,,True,True,True,,,,
secretspot,888,,True,True,True,,,,
segonds,22,,True,True,True,,,,
seisan,111,,True,True,True,,,,
selfexpert,44,,True,True,True,,,,
sensexoracle,22,,True,True,True,,,,
seochecker,201,,True,True,True,,,,
seoguy,222,,True,True,True,,,,
seooptimise,55,,True,True,True,,,,
seospy,55,,True,True,True,,,,
seosy,55,,True,True,True,,,,5L
seperate,222,mis-spall 'separate',True,True,True,,,,
serbis,22,,True,True,True,,,,
seriouspizza,55,,True,True,True,,,,
setcamera,22,,True,True,True,,,,
sewah,22,,True,True,True,,,,5L
sh1ts,555,,True,True,True,,,,5C
shakendip,22,,True,True,True,,,,
shamcenter,22,,True,True,True,,,,
shedcar,222,,True,True,True,,,,
shev,444,,True,True,True,,,,4L
shif,444,,True,True,True,,,,4L
shitheap,222,,True,True,True,,,,
shopdaily,555,,True,True,True,,,,
shopgamer,22,,True,True,True,,,,
shopreturn,22,,True,True,True,,,,
showcat,222,,True,True,True,,,,
showing-off,55,,True,True,True,,,,
siguret,22,,True,True,True,,,,
sikpur,44,,True,True,True,,,,
silkcotton,11,,True,True,True,,,,
silonft,22,,True,True,True,,,,
simfile,22,,True,True,True,,,,
simplefurniture,22,,True,True,True,,,,
sirgas,22,,True,True,True,,,,
sirwish,22,,True,True,True,,,,
sitalone,22,,True,True,True,,,,
siteologist,22,,True,True,True,,,,
sitesite,111,the.sitesite,True,True,True,,,,
skichains,99,,True,True,True,,,,
slamfun,22,,True,True,True,,,,
slangular,22,,True,True,True,,,,
slogwood,22,,True,True,True,,,,
slowtravel,1111,,True,True,True,,,,
slybris,22,,True,True,True,,,,
smallwhale,333,,True,True,True,,,,
smarthing,444,,True,True,True,,,,
smartswag,33,,True,True,True,,,,
smash-the-bat,22,,True,True,True,,,,
smilesdebit,11,,True,True,True,,,,
smileyapp,55,,True,True,True,,,,
smokedaddy,22,,True,True,True,,,,
sname,555,,True,True,True,,,,5L
snowboardhire,22,,True,True,True,,,,
snowbrand,22,,True,True,True,,,,
snrz,444,,True,True,True,,,,4L
snse,444,,True,True,True,,,,4L
sokolice,55,Croatian falcons,True,True,True,,,,
solaje,111,ES solace,True,True,True,,,,
solardeity,33,,True,True,True,,,,
solhus,555,NordicScandanavian 'solar house',True,True,True,,,,
solici,222,ES 'I requested',True,True,True,,,,
sorde,111,IT deaf,True,True,True,,,,5L
sosici,111,SOS ici FR - 'Help here!' .. ALSO a place in Croatia,True,True,True,,,,
soundgem,55,,True,True,True,,,,
space1999,444,,True,True,True,,,,
spacecraft-shop,11,,True,True,True,,,,
spacemanyang,22,,True,True,True,,,,
spacexstock,55,,True,True,True,,,,
spamsite,55,,True,True,True,,,,
spanici,111,IT spanic,True,True,True,,,,
spanishdelight,22,,True,True,True,,,,
spasovnica,22,BU lifeguard,True,True,True,,,,
specialart,33,,True,True,True,,,,
specialdish,111,,True,True,True,,,,
spellmaster,222,,True,True,True,,,,
sping,22,,True,True,True,,,,5L
sportcritic,222,,True,True,True,,,,
spraca,22,PO runs back,True,True,True,,,,
spreca,22,IT 'wastes',True,True,True,,,,
spued,111,spewed,True,True,True,,,,5L
srebrnica,111,https://en.wikipedia.org/wiki/Srebrenica,True,True,True,,,,
srebrnik,22,Slovenian silver,True,True,True,,,,
srednje,22,Slovenian 'medium',True,True,True,,,,
staffmail,33,,True,True,True,,,,
staffpower,33,,True,True,True,,,,
stalkia,11,,True,True,True,,,,
stardiets,55,,True,True,True,,,,
stargod,111,,True,True,True,,,,
starmoves,44,,True,True,True,,,,
startdomain,33,,True,True,True,,,,
starttravel,11,,True,True,True,,,,
startyourblockchain,55,,True,True,True,,,,
statcorner,22,,True,True,True,,,,
stirpiculturist,22,One who devotes themself to the improvement of the breed or stock in animals,True,True,True,,,,
stoicslime,55,,True,True,True,,,,
stonercards,22,,True,True,True,,,,
stonerpal,22,,True,True,True,,,,
stonerplay,22,,True,True,True,,,,
stonerstickers,33,,True,True,True,,,,
stonetype,22,,True,True,True,,,,
stoptrafficking,22,,True,True,True,,,,
subworx,22,,True,True,True,,,,
sucy-en-brie,11,https://en.wikipedia.org/wiki/Sucy-en-Brie,True,True,True,,,,
sumjet,55,some jet .. pick your airline [and its cost] !,True,True,True,,,,
sunrisehns,456,For all things new in Handshake.......,True,True,True,,,,
sunrub,55,,True,True,True,,,,
sunseason,22,,True,True,True,,,,
sunsetride,33,,False,False,True,,,,
sunsout,,,False,False,True,,,,
supernovaremnant,22,,True,True,True,,,,
superscalar,44,,True,True,True,,,,
supersquid,22,,True,True,True,,,,
surfas,888,,True,True,True,,,,
surfpismo,11,,True,True,True,,,,
surftips,55,,True,True,True,,,,
surjan,55,phonetic 'surgeon',True,True,True,,,,
suryayoga,55,,True,True,True,,,,
sushiknife,33,,True,True,True,,,,
sys-admin,111,,True,True,True,,,,
systray,44,,True,True,True,,,,
tablefor2,22,,True,True,True,,,,
tablista,55,"ES 'surfer, windsurfer'",True,True,True,,,,
tacoify,777,,True,True,True,,,,
tacoverse,777,,True,True,True,,,,
takestan,20,"Siadehan or Siaden, aka Takestan, is a city and capital of Takestan County, in Qazvin Province, Iran; literally means vineyard"".""",True,True,True,,,,
tao-yin,33,,True,True,True,,,,
tardan,11,,True,True,True,,,,
targetbow,55,,True,True,True,,,,
tastetomint,22,,True,True,True,,,,
taxde,55,,True,True,True,,,,5L
tdld,444,,True,True,True,,,,4L
teachaid,22,,True,True,True,,,,
teaorange,,,False,False,True,,,,
technothink,22,techno-think | tech-no-think,True,True,True,,,,
techxpert,55,,True,True,True,,,,
tekko,333,,True,True,True,,,,5L
tellsus,11,,True,True,True,,,,
temptio,11,,True,True,True,,,,
tentcampers,22,,False,False,True,,,,
territoriums,55,plural - The land around or within the boundaries of a town; territory [latin],True,True,True,,,,
thatblockchain,22,,True,True,True,,,,
theartofwriting,33,,True,True,True,,,,
theeightfoldpath,111,,True,True,True,,,,
theforks,123,If you really need to give a mate something special....!,True,True,True,,,,
thegeekchic,22,,True,True,True,,,,
thenbtc,333,,True,True,True,,,,
theriez,33,,True,True,True,,,,
theworldisawonderfulplace,55,,True,True,True,,,,
thi.sname,,t-,False,False,False,,,,
thingtrade,22,,True,True,True,,,,
thiscanbeseen,11,,True,True,True,,,,
thousandsuns,22,,True,True,True,,,,
thrillbox,22,,True,True,True,,,,
thunder-god,11,,True,True,True,,,,
tiedyes,55,,True,True,True,,,,
tiemekangaroodown,22,,False,False,True,,,,
tilava,22,FI 'spacious',True,True,True,,,,
timarci,11,"located in Bosnia and Herzegovina about 102 mi (or 163 km) north-west of Sarajevo, the country's capital",True,True,True,,,,
timelineapp,55,,True,True,True,,,,
timofeji,9,,True,True,True,,,,
tincanblues,22,,True,True,True,,,,
tindwari,11,A Northern Indian town and a nagar panchayat (area transitioning from rural to urban) in Banda district in the state of Uttar Pradesh.,True,True,True,,,,
tipure,11,,True,True,True,,,,
tiskovac,22,"Czech 'printer' [OR .. a place is situated in Zadar-Knin, Croatia]",True,True,True,,,,
titlebar,44,,True,True,True,,,,
tkoin,111,tko [total knockout] coin,True,True,True,,,,5L
tlid,444,4char 'Top-Level ID',True,True,True,,,,4L
tobut,222,"to say 'but...' [OR.. Uzbek 'coffin' .. OR .. a populated place in the municipality of Lopare, Bosnia and Herzegovina]",True,True,True,,,,5L
todaydate,55,,True,True,True,,,,
token-wallet,111,,True,True,True,,,,
toplot,22,,True,True,True,,,,
torosbravos,111,Spanish Fighting Bull,True,True,True,,,,
toskas,22,,True,True,True,,,,
touchass,22,,True,True,True,,,,
touchcat,44,,True,True,True,,,,
touristmaps,4444,,True,True,True,,,,
toxinfo,22,,True,True,True,,,,
toysolar,22,,True,True,True,,,,
tradebody,444,,True,True,True,,,,
trans-action,222,,True,True,True,,,,
transvests,22,,True,True,True,,,,
trappists,44,,False,False,True,,,,
trashforce,33,,True,True,True,,,,
travelfinds,22,,True,True,True,,,,
travelzooz,22,,True,True,True,,,,
traviezas,22,SP mischief,True,True,True,,,,
treattrove,22,,True,True,True,,,,
tribalsite,111,,True,True,True,,,,
trickhorse,55,,True,True,True,,,,
trigerd,111,,True,True,True,,,,
trigolo,22,,True,True,True,,,,
tro1,444,,True,True,True,,,,4C
tronaut,22,,True,True,True,,,,
trrz,444,,True,True,True,,,,4L
truffledog,44,,True,True,True,,,,
truffledoge,444,,True,True,True,,,,
trufflepig,44,,True,True,True,,,,
truistic,,,False,False,True,,,,
trustate,222,,True,True,True,,,,
tsmo,444,,True,True,True,,,,4L
tsmr,444,,True,True,True,,,,4L
tsmy,444,,True,True,True,,,,4L
tufanganj,11,An Eastern Indian city and a municipality of Cooch Behar district in the state of West Bengal.,True,True,True,,,,
turfcutter,22,,True,True,True,,,,
tvea,444,,True,True,True,,,,4L
tvem,444,,True,True,True,,,,4L
tvew,444,,True,True,True,,,,4L
tvlaw,555,,True,True,True,,,,5L
tvpool,22,,True,True,True,,,,
tweenparty,22,,True,True,True,,,,
twitwise,22,,True,True,True,,,,
twobob,22,,True,True,True,,,,
twoboss,22,,True,True,True,,,,
twofanatics,22,,True,True,True,,,,
twoloan,22,,True,True,True,,,,
tyob,444,,True,True,True,,,,4L
typecasting,444,,True,True,True,,,,
u-rob,55,,True,True,True,,,,5C
ubjw,444,You BE JW,True,True,True,,,,4L
ucorps,222,,True,True,True,,,,
ucubit,22,,True,True,True,,,,
uddl,444,p.uddl/ | m.uddl/ | bef.uddle/ | c.uddl/ | h.uddl/,True,True,True,,,,4L
uggb,444,,True,True,True,,,,4L
uhnsi,22,,True,True,True,,,,5L
uimenu,22,,True,True,True,,,,
understars,22,,True,True,True,,,,
uneidlich,22,,True,True,True,,,,
unh-unh,11,,True,True,True,,,,
unhodl,111,,True,True,True,,,,
unialfa,22,,True,True,True,,,,
unicornsnot,11,,True,True,True,,,,
uniquecapital,22,,True,True,True,,,,
universalearning,444,,True,True,True,,,,
unlipped,22,,True,True,True,,,,
unmoated,22,,True,True,True,,,,
unnel,111,f.unnel | t.unnel | ch.unnel | ipt.unnel | g.unnel,True,True,True,,,,5L
unosquare,22,,True,True,True,,,,
up-skill,444,,True,True,True,,,,
upload69,33,,True,True,True,,,,
urbanforum,22,,True,True,True,,,,
uri30,15,"Uniform Resource Identifier | URI-30 Bladder control,Stops Urges,Frequent Urination,Homeopathic Pills.Urinary Incontinence",True,True,True,,,,5C
usahere,55,,True,True,True,,,,
usdsos,22,US Dollar (USD)  Somali Shilling (SOS) [Notation],True,True,True,,,,
usertrade,22,,True,True,True,,,,
usualcrypto,22,,True,True,True,,,,
usualstory,111,,True,True,True,,,,
utkur,11,,True,True,True,,,,5L
v101,444,,True,True,True,,,,4C
vaccinedesk,22,,True,True,True,,,,
vapenight,55,,True,True,True,,,,
vextreme,22,,True,True,True,,,,
vhnsi,22,,True,True,True,,,,5L
villagemart,66,,True,True,True,,,,
voicewords,55,,True,True,True,,,,
voidnft,22,,True,True,True,,,,
vorgeschlagen,22,"DE verb:n suggest, propose, put forward, nominate, propound",True,True,True,,,,
vrdrift,222,,True,True,True,,,,
vsjpqasq6hn5bckx6ptohyhf54virvpbi4577ra6fumq4ri7mrca,,,False,False,False,,,,
vuec,44,,True,True,True,,,,4L
vulpmes,22,,True,True,True,,,,
w3belf,33,,True,True,True,,,,
waben,88,DE honeycomb,True,True,True,,,,5L
wafflings,22,,True,True,True,,,,
walkwin,22,,True,True,True,,,,
walllaw,44,,True,True,True,,,,
warw,1234,,True,True,True,,,,4L
waytask,22,,True,True,True,,,,
wayy,444,,True,True,True,,,,4L
wealthworx,22,,True,True,True,,,,
web3dot0,77,,True,True,True,,,,
webfintech,68,,True,True,True,,,,
webjames,33,,True,True,True,,,,
webmeal,22,,True,True,True,,,,
webpager,111,,True,True,True,,,,
weof,444,,True,True,True,,,,4L
whackedout,22,,True,True,True,,,,
wholegoods,111,,True,True,True,,,,
wija,444,ouija [board],True,True,True,,,,4L
wikimanual,222,,True,True,True,,,,
wikimonks,11,,True,True,True,,,,
wikisage,22,,True,True,True,,,,
wildcaughtfish,555,,True,True,True,,,,
wildfermentation,111,,True,True,True,,,,
wildflowrs,22,,True,True,True,,,,
wildnite,55,,True,True,True,,,,
wildplaces,111,,True,True,True,,,,
wildwallaby,222,,False,False,True,,,,
windandsun,33,,False,False,True,,,,
windhide,22,,True,True,True,,,,
windivo,22,,True,True,True,,,,
windoors,111,,True,True,True,,,,
windowr,111,,True,True,True,,,,
wineideal,44,,True,True,True,,,,
winnerlife,33,,True,True,True,,,,
wivestales,55,,True,True,True,,,,
wokegeek,55,,True,True,True,,,,
wondah,22,,True,True,True,,,,
word-for-word,33,,True,True,True,,,,
worksolid,33,,True,True,True,,,,
worldbirth,22,,True,True,True,,,,
worldtrail,22,,True,True,True,,,,
wvim,444,,True,True,True,,,,4L
ww2gear,22,,True,True,True,,,,
wyciwyg,22,,True,True,True,,,,
xbbq,555,,True,True,True,,,,4L
xdag,444,,True,True,True,,,,4L
xehn,444,,True,True,True,,,,4L
xempted,22,,True,True,True,,,,
xhack,222,,True,True,True,,,,5L
xleg,444,4char 'cross-leg',True,True,True,,,,4L
xrpaustralia,22,,False,False,True,,,,
xscapetour,22,,True,True,True,,,,
xxxxxxxxxxxxxxxxxxxxxxxxxxxxx,22,,True,True,True,,,,
xyji,1234,,True,True,True,,,,4L
yay.iknow,,t-,False,False,True,,,,
yearnto,22,,True,True,True,,,,
yellowrisk,22,,True,True,True,,,,
ynmi,1234,,True,True,True,,,,4L
yodelist,33,,True,True,True,,,,
yogaphilosophy,33,,True,True,True,,,,
yoiu,1234,,True,True,True,,,,4L
yourbestbud,22,,True,True,True,,,,
yourfortune,22,,True,True,True,,,,
yourice,22,,True,True,True,,,,
yphu,1234,,True,True,True,,,,4L
yummyfoodbites,22,,True,True,True,,,,
yz01,444,,True,True,True,,,,4C
zdddz,11,,True,True,True,,,,5L
zenment,44,,True,True,True,,,,
zhnsi,22,,True,True,True,,,,5L
ziesar,22,,True,True,True,,,,
zillionnaire,55,,True,True,True,,,,
zledgehog,11,,True,True,True,,,,
zvuu,1234,,True,True,True,,,,4L
zxif,1234,,True,True,True,,,,4L
