domain,price,description,for_sale,personal_store,auto_renew,tags,unicode,descript-IDNA,translate-IDNA
laydee,111.0,,False,True,True,,,,
moneyisdead,55.0,,False,True,True,,,,
airpaper,55.0,,False,True,True,,,,
folkbook,55.0,,False,True,True,,,,
koreataekwondo,,,False,True,True,,,,
inorderto,22.0,,False,True,True,,,,
recorrio,333.0,"ES 'toured, verb: travel, walk, tour'",False,True,True,,,,
habilito,33.0,"ES 'enable, qualify'",False,True,True,,,,
medibazaar,22.0,,False,True,True,,,,
chartz,111.0,,False,True,True,,,,
badneck,22.0,,False,True,True,,,,
twoboss,22.0,,False,True,True,,,,
fatalcohol,22.0,fatal alcohol | fat alcohol,False,True,True,,,,
focillate,11.0,IT 'focus | Latin 'mobilize',False,True,True,,,,
ciertas,44.0,"ES 'certain, sure, definite'",False,True,True,,,,
sirgas,22.0,,False,True,True,,,,
momhost,22.0,,False,True,True,,,,
linguisticsai,44.0,,False,True,True,,,,
centones,11.0,,False,True,True,,,,
dadsell,22.0,,False,True,True,,,,
bogearth,11.0,,False,True,True,,,,
edibleking,44.0,,False,True,True,,,,
dayperson,22.0,,False,True,True,,,,
tablista,55.0,"ES 'surfer, windsurfer'",False,True,True,,,,
adatao,22.0,,False,True,True,,,,
layawager,22.22,,False,True,True,,,,
shakendip,22.0,,False,True,True,,,,
elimits,44.0,,False,True,True,,,,
lunchtimes,33.0,,False,True,True,,,,
foodreactions,22.0,,False,True,True,,,,
gynecomania,22.0,Extreme sexual desire in the male; a compulsive desire for female sex partners,False,True,True,,,,
italianization,44.0,,False,True,True,,,,
deosculate,11.0,to kiss affectionately,False,True,True,,,,
ny-us,555.0,,False,True,True,5C,,,
waytask,22.0,,False,True,True,,,,
xhack,222.0,,False,True,True,5L,,,
twoloan,22.0,,False,True,True,,,,
sadguide,11.0,,False,True,True,,,,
garlicmayo,44.0,,False,True,True,,,,
yodelist,33.0,,False,True,True,,,,
ens4you,44.0,,False,True,True,,,,
xn--ehq95fexb6w6e,360.0,CH\ZH ‘360’,False,True,True,"PUNY_IDNA,CJK",三百六十,Chinese/Japanese/Korean,three hundred and sixty
xn--45qa42l6w6e,88.0,CH\ZH ‘880’,False,True,True,"PUNY_IDNA,CJK",八百八十,Chinese/Japanese/Korean,eight hundred and eighty
dadstrain,11.0,,False,True,True,,,,
dollaryo,44.0,,False,True,True,,,,
sirwish,22.0,,False,True,True,,,,
it-hub,88.0,,False,True,True,,,,
dadworry,11.0,,False,True,True,,,,
yearnto,22.0,,False,True,True,,,,
mompolicy,11.0,,False,True,True,,,,
nothingmax,22.22,,False,True,True,,,,
lowlust,11.0,,False,True,True,,,,
momdear,11.0,,False,True,True,,,,
letterers,111.0,,False,True,True,,,,
salutoria,22.0,IT 'salutary',False,True,True,,,,
buidlweb3,33.0,,False,True,True,,,,
lowrage,11.0,,False,True,True,,,,
lustfor,22.0,,False,True,True,,,,
alwayslost,22.0,,False,True,True,,,,
mybrokensea,22.0,,False,True,True,,,,
tastetomint,22.0,,False,True,True,,,,
baba-jaga,22.0,,False,True,True,,,,
divvied,22.0,,False,True,True,,,,
mikredki,22.0,,False,True,True,,,,
hyphenstudio,22.0,,False,True,True,,,,
doubleorquits,22.0,,False,True,True,,,,
eatpallet,33.0,,False,True,True,,,,
trashforce,33.0,,False,True,True,,,,
globe-trot,55.0,,False,True,True,,,,
childoriented,22.0,,False,True,True,,,,
itchfor,11.0,,False,True,True,,,,
kungfunecktie,22.0,,False,True,True,,,,
touchass,22.0,,False,True,True,,,,
panprog,22.0,,False,True,True,,,,
monkeydojo,111.0,,False,True,True,,,,
scoundrelly,22.22,,False,True,True,,,,
techxpert,55.0,,False,True,True,,,,
bromised,22.0,bro promise[d],False,True,True,,,,
oneuni,111.0,,False,True,True,,,,
desalinated,22.0,,False,True,True,,,,
pterophorid,22.0,"tiny plume moths, a family of Lepidoptera with unusually modified wings",False,True,True,,,,
xn--ehq0m06e,365.0,CH\ZH ‘3 6 5’,False,True,True,"PUNY_IDNA,CJK",三六五,Chinese/Japanese/Korean,three six five
rommany,99.0,,False,True,True,,,,
fastgym,44.0,,False,True,True,,,,
misseat,22.0,miss-eat \ miss-seat,False,True,True,,,,
rantize,22.0,,False,True,True,,,,
luffas,222.0,,False,True,True,,,,
geeksquare,22.0,,False,True,True,,,,
gymaesthetics,22.0,,False,True,True,,,,
snowboardhire,22.0,,False,True,True,,,,
afrostudio,22.0,,False,True,True,,,,
sitalone,22.0,,False,True,True,,,,
amemelord,22.0,,False,True,True,,,,
marspaceship,22.0,,False,True,True,,,,
busyguru,22.0,,False,True,True,,,,
insertdate,22.0,,False,True,True,,,,
ebay-nft,22.0,,False,True,True,,,,
apesmint,22.0,,False,True,True,,,,
friendlyname,22.0,,False,True,True,,,,
clickpower,55.0,,False,True,True,,,,
ironwares,111.0,,False,True,True,,,,
setcamera,22.0,,False,True,True,,,,
guccihat,22.0,,False,True,True,,,,
smash-the-bat,22.0,,False,True,True,,,,
shamcenter,22.0,,False,True,True,,,,
knightstalker,22.0,,False,True,True,,,,
burnparty,22.0,,False,True,True,,,,
feeldumb,22.0,,False,True,True,,,,
vextreme,22.0,,False,True,True,,,,
deadhead420,22.0,,False,True,True,,,,
understars,22.0,,False,True,True,,,,
dreamwalking,22.0,,False,True,True,,,,
happydecay,22.0,,False,True,True,,,,
muggleworld,11.0,,False,True,True,,,,
footdragon,11.0,,False,True,True,,,,
pensexpert,22.0,,False,True,True,,,,
xn--wine-9f53c,,,False,True,True,PUNY_IDNA,🍇wine,,
sagepunk,22.0,,False,True,True,,,,
king-of-shit,22.0,,False,True,True,,,,
chinavstaiwan,44.0,,False,True,True,,,,
energy-up,22.0,,False,True,True,,,,
unosquare,22.0,,False,True,True,,,,
justsun,22.0,,False,True,True,,,,
losttoys,22.0,,False,True,True,,,,
retiredguy,22.0,,False,True,True,,,,
flashmatrix,22.0,,False,True,True,,,,
agemoon,22.0,,False,True,True,,,,
smokedaddy,22.0,,False,True,True,,,,
awetastic,22.0,,False,True,True,,,,
artofzoo,55.0,,False,True,True,,,,
mojidad,22.0,,False,True,True,,,,
oneillusa,22.0,,False,True,True,,,,
lightyear0,22.0,,False,True,True,,,,
bluetrips,22.0,,False,True,True,,,,
enspartners,222.0,,False,True,True,,,,
uniquecapital,22.0,,False,True,True,,,,
elvesonline,22.0,,False,True,True,,,,
nationbase,22.0,,False,True,True,,,,
7two7,22.0,,False,True,True,5C,,,
dirtyphonics,22.0,,False,True,True,,,,
696-696,22.0,,False,True,True,,,,
dragonpair,11.0,,False,True,True,,,,
dragonfoot,11.0,,False,True,True,,,,
polygraphy,333.0,,False,True,True,,,,
staffmail,33.0,,False,True,True,,,,
notold,55.0,,False,True,True,,,,
wikimanual,55.0,,False,True,True,,,,
xn--z7xaa,,,False,True,True,"PUNY_IDNA,CJK",猫猫猫,Chinese/Japanese/Korean,cat cat cat
bongaverse,55.0,,False,True,True,,,,
bidonart,55.0,,False,True,True,,,,
smartswag,33.0,,False,True,True,,,,
apeshub,111.0,,False,True,True,,,,
thingtrade,22.0,,False,True,True,,,,
walkwin,22.0,,False,True,True,,,,
pop-it,22.0,,False,True,True,,,,
wineideal,44.0,,False,True,True,,,,
usertrade,22.0,,False,True,True,,,,
flowlist,22.0,,False,True,True,,,,
peacequiet,44.0,,False,True,True,,,,
walllaw,44.0,,False,True,True,,,,
planshe,222.0,plan-she | plans-he,False,True,True,,,,
worksolid,33.0,,False,True,True,,,,
clockpot,22.0,,False,True,True,,,,
mailfun,22.0,,False,True,True,,,,
kidpolicy,33.0,,False,True,True,,,,
windhide,22.0,,False,True,True,,,,
proofwin,22.0,,False,True,True,,,,
coderow,44.0,,False,True,True,,,,
mailmenu,22.0,,False,True,True,,,,
worldbirth,22.0,,False,True,True,,,,
staffpower,33.0,,False,True,True,,,,
nytrucks,22.0,,False,True,True,,,,
nftaccepted,55.0,,False,True,True,,,,
carwifi,111.0,,False,True,True,,,,
bluetoothearrings,11.0,,False,True,True,,,,
tiemekangaroodown,22.0,,False,True,True,,,,
reunionnft,22.0,,False,True,True,,,,
unmoated,22.0,,False,True,True,,,,
shopreturn,22.0,,False,True,True,,,,
slogwood,22.0,,False,True,True,,,,
ridedragon,22.0,,False,True,True,,,,
returnbest,22.0,,False,True,True,,,,
nowhat,222.0,"Now What!? | No, What?",False,True,True,,,,
nextceo,55.0,,False,True,True,,,,
nexttip,44.0,,False,True,True,,,,
slangular,22.0,,False,True,True,,,,
whackedout,22.0,,False,True,True,,,,
headrhyme,11.0,,False,True,True,,,,
amazingpoetry,11.0,,False,True,True,,,,
duediamond,22.0,,False,True,True,,,,
drawrein,22.0,,False,True,True,,,,
dragontalk,22.0,,False,True,True,,,,
dragontell,22.0,,False,True,True,,,,
outrick,55.0,,False,True,True,,,,
horseroad,22.0,,False,True,True,,,,
funnycritters,22.22,,False,True,True,,,,
cdtab,55.0,,False,True,True,5L,,,
codesk,333.0,,False,True,True,,,,
bikehazard,11.0,,False,True,True,,,,
peacemaxi,22.0,,False,True,True,,,,
fiddypence,11.0,,False,True,True,,,,
rugminter,11.0,,False,True,True,,,,
specialart,33.0,,False,True,True,,,,
devilbirth,22.0,,False,True,True,,,,
yellowrisk,22.0,,False,True,True,,,,
xn--ivy-q192b4c,,,False,True,True,PUNY_IDNA,🇦🇺ivy,,
mapsmobile,22.0,,False,True,True,,,,
goodyearmaps,11.0,,False,True,True,,,,
stirpiculturist,22.0,One who devotes themself to the improvement of the breed or stock in animals,False,True,True,,,,
flag-waving,33.0,,False,True,True,,,,
unh-unh,11.0,,False,True,True,,,,
chinamania,111.0,,False,True,True,,,,
yz01,22.0,,False,True,True,4C,,,
inacura,11.0,,False,True,True,,,,
musictag,33.0,,False,True,True,,,,
artutor,44.0,,False,True,True,,,,
unhodl,111.0,,False,True,True,,,,
idrt,444.44,,False,True,True,4L,,,
oldog,111.0,,False,True,True,5L,,,
ensninjas,55.0,,False,True,True,,,,
lovecatz,55.0,,False,True,True,,,,
touchcat,44.0,,False,True,True,,,,
giss888,88.0,,False,True,True,,,,
webjames,33.0,,False,True,True,,,,
domainssl,55.0,,False,True,True,,,,
natureboat,33.0,,False,True,True,,,,
mixwriter,22.0,,False,True,True,,,,
mindteam,44.0,,False,True,True,,,,
runeditor,33.0,,False,True,True,,,,
feedlet,11.0,,False,True,True,,,,
confuciuss,11.0,,False,True,True,,,,
longfunny,11.0,,False,True,True,,,,
betquit,55.0,,False,True,True,,,,
stargod,111.0,,False,True,True,,,,
earthround,33.0,,False,True,True,,,,
futuredad,44.0,,False,True,True,,,,
hand-worked,33.0,,False,True,True,,,,
transvests,22.0,,False,True,True,,,,
thunder-god,11.0,,False,True,True,,,,
old-fangled,33.0,,False,True,True,,,,
domainand,33.0,,False,True,True,,,,
regularira,22.0,PT 'regular' | ES 'regularize',False,True,True,,,,
amibisexual,22.0,,False,True,True,,,,
euroflag,55.0,,False,True,True,,,,
pdfcloud,33.0,,False,True,True,,,,
cheapeat,22.0,,False,True,True,,,,
asianextension,11.0,,False,True,True,,,,
apologyvideo,22.0,,False,True,True,,,,
amemesia,22.0,"A disorder, where in which a person sends a meme to the same person again, or to whom initially showed them the same meme",False,True,True,,,,
thiscanbeseen,11.0,,False,True,True,,,,
alienfistbump,11.0,,False,True,True,,,,
eth-degen,55.0,,False,True,True,,,,
exoticsinc,33.0,,False,True,True,,,,
punxart,111.0,,False,True,True,,,,
apefriend,33.0,,False,True,True,,,,
birthchip,44.0,,False,True,True,,,,
craftskill,44.0,,False,True,True,,,,
winnerlife,33.0,,False,True,True,,,,
xn--ehq45fkxb6w6e,,,False,True,True,"PUNY_IDNA,CJK",百八十三,Chinese/Japanese/Korean,One hundred and eighty-three
frozenmeal,44.0,,False,True,True,,,,
xn--ect323j,,,False,True,True,"PUNY_IDNA,CJK",通宵,Chinese/Japanese/Korean,overnight
sushiknife,33.0,,False,True,True,,,,
campingidea,22.22,,False,True,True,,,,
assassassin,22.0,,False,True,True,,,,
unicornsnot,11.0,,False,True,True,,,,
legoforadults,33.0,,False,True,True,,,,
lovemypen,33.0,,False,True,True,,,,
stonerplay,22.0,,False,True,True,,,,
campingplay,33.0,,False,True,True,,,,
mapready,22.0,,False,True,True,,,,
runtofthelitter,22.0,,False,True,True,,,,
plurali,22.0,,False,True,True,,,,
stonercards,22.22,,False,True,True,,,,
avogadrian,22.0,,False,True,True,,,,
painsomnia,22.0,,False,True,True,,,,
ww2gear,22.0,,False,True,True,,,,
supersquid,22.0,,False,True,True,,,,
fidgetpad,22.0,,False,True,True,,,,
arewehere,11.0,,False,True,True,,,,
xn--j1aiaaavco,,,False,True,True,"PUNY_IDNA,Cyrillic",котофото,Cyrillic (Russian/Ukrainian),the photo
xn--b1aqlekei,,,False,True,True,"PUNY_IDNA,Cyrillic",вотпуск,Cyrillic (Russian/Ukrainian),vacation
xn--h1adalean,,,False,True,True,"PUNY_IDNA,Cyrillic",коронки,Cyrillic (Russian/Ukrainian),crowns
clothmask,22.0,,False,True,True,,,,
stonerstickers,33.0,,False,True,True,,,,
catnerd,22.2,,False,True,True,,,,
sunrub,55.0,,False,True,True,,,,
webpager,111.0,,False,True,True,,,,
logicz,55.0,,False,True,True,,,,
salezy,77.0,,False,True,True,,,,
buxcard,55.0,,False,True,True,,,,
de-jour,55.0,,False,True,True,,,,
gasparks,11.0,,False,True,True,,,,
gashort,11.0,,False,True,True,,,,
pixelogic,55.0,,False,True,True,,,,
gashepherd,11.0,,False,True,True,,,,
gasavage,11.0,,False,True,True,,,,
gasellers,11.0,,False,True,True,,,,
ox-eye,11.0,,False,True,True,,,,
xn--1ug1455p8fa,,,False,True,True,"PUNY_ALT,PUNY_INVALID",💕👏,,
spamsite,55.0,,False,True,True,,,,
xn--1ug1455p9fa,,,False,True,True,"PUNY_ALT,PUNY_INVALID",👏💕,,
parysh,22.0,[parish],False,True,True,,,,
omejie,11.0,mis-spelling of 'emojie',False,True,True,,,,
funjest,22.2,,False,True,True,,,,
catsaga,22.2,,False,True,True,,,,
hnssparkly,234.0,...pprreettttyy..... :D,False,True,True,,,,
holistichns,999.0,,False,True,True,,,,
dimtsje,22.0,,False,True,True,,,,
paleohns,345.0,want to list early registered names..?,False,True,True,,,,
hnsbandana,123.0,,False,True,True,,,,
methusala,969.0,1HNS for the years he's said to have lived :-),False,True,True,,,,
bruijst,44.0,Dutch 'fizz',False,True,True,,,,
xn--ster-vqa,,,False,True,True,PUNY_IDNA,sôter,,
xn--cde-ho6a,,,False,True,True,PUNY_IDNA,c❄de,,
sunrisehns,456.0,For all things new in Handshake.......,False,True,True,,,,
bullride,333.0,,False,True,True,,,,
personise,111.0,,False,True,True,,,,
word-for-word,33.0,,False,True,True,,,,
bardish,55.0,,False,True,True,,,,
showing-off,55.0,,False,True,True,,,,
abrogating,55.0,Now abrogating this domain .. care to take it off my hands..?,False,True,True,,,,
mexicanpinatas,22.0,,False,True,True,,,,
seoguy,222.0,,False,True,True,,,,
pirateradioship,77.0,,False,True,True,,,,
yogaphilosophy,33.0,,False,True,True,,,,
monophagy,55.0,feeding on a single type of food,False,True,True,,,,
tiedyes,55.0,,False,True,True,,,,
newitch,33.0,new itch | new witch,False,True,True,,,,
manteaus,22.0,"plural noun: a loose gown or cloak worn by women in the 17th and 18th centuries \ a long, loose coat or overshirt worn by Muslim women.",False,True,True,,,,
boot-leg,22.0,,False,True,True,,,,
drybrushing,33.0,,False,True,True,,,,
creativekitchen,44.0,,False,True,True,,,,
freshraw,222.0,,False,True,True,,,,
petcows,55.0,,False,True,True,,,,
xn--15q26v,1111.0,CH\ZH ‘all seasons’,False,True,True,"PUNY_IDNA,CJK",全季,Chinese/Japanese/Korean,All seasons
sname,555.0,,False,True,True,5L,,,
chaa-khol,44.0,https://en.wikipedia.org/wiki/Chaa-Khol\n Russia .. OR .. a phonetic fire fuel,False,True,True,,,,
bloodbone,111.0,,False,True,True,,,,
nationalcostume,55.0,,False,True,True,,,,
xn--ai-wl03a,,,False,True,True,PUNY_IDNA,🤑ai,,
asiansupplies,55.0,,False,True,True,,,,
windowr,111.0,,False,True,True,,,,
ask8ball,111.0,,False,True,True,,,,
bolshoylog,22.0,"Botanical reserve of regional importance in Krasnensky District of the Belgorod Oblast, Russia.",False,True,True,,,,
b4buy,22.0,,False,True,True,5C,,,
selfexpert,44.0,,False,True,True,,,,
teachaid,22.0,,False,True,True,,,,
xscapetour,22.0,,False,True,True,,,,
windoors,111.0,,False,True,True,,,,
buyadrink,111.0,,False,True,True,,,,
calligraphyart,55.0,,False,True,True,,,,
seriouspizza,55.0,,False,True,True,,,,
seospy,55.0,,False,True,True,,,,
bicyclegenerator,33.0,,False,True,True,,,,
carribeanislands,11111.0,,False,True,True,,,,
farmcareer,33.0,,False,True,True,,,,
handyear,55.0,,False,True,True,,,,
bestdishes,55.0,,False,True,True,,,,
buildmake,444.0,,False,True,True,,,,
campervanusa,44.0,,False,True,True,,,,
campingholiday,222.0,,False,True,True,,,,
humanfact,33.0,,False,True,True,,,,
directshop,111.0,,False,True,True,,,,
diyshed,1111.0,,False,True,True,,,,
dishrv,22.0,,False,True,True,,,,
defineword,22.0,,False,True,True,,,,
badburger,33.0,,False,True,True,,,,
bmxmag,55.0,,False,True,True,,,,
booksused,22.0,,False,True,True,,,,
searchya,22.0,,False,True,True,,,,
theeightfoldpath,111.0,,False,True,True,,,,
theartofwriting,33.0,,False,True,True,,,,
dairygoats,111.0,,False,True,True,,,,
coughremedy,33.0,,False,True,True,,,,
customtax,44.0,,False,True,True,,,,
chocolatecup,55.0,,False,True,True,,,,
bestauthors,33.0,,False,True,True,,,,
bookcircus,33.0,,False,True,True,,,,
campersusa,55.0,,False,True,True,,,,
catsnames,55.0,,False,True,True,,,,
arcadeshop,22.0,,False,True,True,,,,
rhymetime,55.0,,False,True,True,,,,
bookyards,22.0,,False,True,True,,,,
bluesartists,33.0,,False,True,True,,,,
simplefurniture,22.0,,False,True,True,,,,
tellsus,11.0,,False,True,True,,,,
tablefor2,22.0,,False,True,True,,,,
suryayoga,55.0,,False,True,True,,,,
seooptimise,55.0,,False,True,True,,,,
wholegoods,111.0,,False,True,True,,,,
wildfermentation,111.0,,False,True,True,,,,
tindwari,11.0,A Northern Indian town and a nagar panchayat (area transitioning from rural to urban) in Banda district in the state of Uttar Pradesh.,False,True,True,,,,
xn--64hx850o,,,False,True,True,PUNY_IDNA,🖕☹,,
xn--cz8ha61y,,,False,True,True,PUNY_IDNA,🖕🤚🖕,,
sucy-en-brie,11.0,https://en.wikipedia.org/wiki/Sucy-en-Brie,False,True,True,,,,
xn--cz8ha914a,,,False,True,True,PUNY_IDNA,🖕🧣🖕,,
cloudcannabis,999.0,,False,True,True,,,,
kinghaggard,44.0,https://thelastunicorn.fandom.com/wiki/King_Haggard,False,True,True,,,,
btc_archive,666.0,,False,True,True,,,,
theforks,1234.5678,If you really need to give a mate something special....!,False,True,True,,,,
dianuevo,111.0,SP 'new day'.,False,True,True,,,,
vorgeschlagen,22.0,"DE verb:\n suggest, propose, put forward, nominate, propound",False,True,True,,,,
nuevosanjuan,111.0,"The _centre_ of the Americas lol .. central Central America, Panama",False,True,True,,,,
traviezas,22.0,SP mischief,False,True,True,,,,
nuevovigia,11.0,"Panama, Central America",False,True,True,,,,
dijeron,77.0,SP 'they said',False,True,True,,,,
eachtoherown,22.0,,False,True,True,,,,
xn--6biz918m1uabaa,,,False,True,True,PUNY_IDNA,🐦✋🐦🐦🌳,,
surfpismo,11.0,,False,True,True,,,,
nuevoguarare,11.0,"Panama, Central America",False,True,True,,,,
tufanganj,11.0,An Eastern Indian city and a municipality of Cooch Behar district in the state of West Bengal.,False,True,True,,,,
acciontrabajo,11.0,ES action work,False,True,True,,,,
nuevaitalia,33.0,"SP 'New Italy' .. Michoacán, Mexico ..OR.. Paraguay",False,True,True,,,,
takestan,20.0,"Siadehan or Siaden, aka Takestan, is a city and capital of Takestan County, in Qazvin Province, Iran; literally means vineyard"".""",False,True,True,,,,
yourice,22.0,,False,True,True,,,,
xn--entrs-esa,,,False,True,True,PUNY_IDNA,entrés,,
xn--11bo3d2c1c,,,False,True,True,"PUNY_IDNA,Hindi",क्रीज,Devanagari (Hindi),crease
elgoogle,3190.0913,,False,True,True,,,,
xn--l1b6a5b9a9f,,,False,True,True,"PUNY_IDNA,Hindi",अभीतक,Devanagari (Hindi),As yet
xn--d9b4ae0a3gef,,,False,True,True,PUNY_IDNA,ਦੀਕਿਤਾਬ,,
xn--ai-on6cx8l,,,False,True,True,"PUNY_IDNA,CJK",ai域名,Chinese/Japanese/Korean,ai domain name
xn--meditation-4t2py55t,,,False,True,True,"PUNY_IDNA,CJK",meditation中文,Chinese/Japanese/Korean,meditation in Chinese
xn--meditating-4t2py55t,,,False,True,True,"PUNY_IDNA,CJK",meditating中文,Chinese/Japanese/Korean,meditating in Chinese
xn--shuttered-yl6n486r,,,False,True,True,"PUNY_IDNA,CJK",shuttered中文,Chinese/Japanese/Korean,shutteredChinese
idioot,55.0,,False,True,True,,,,
xn--ipad-kt5fz95h,,,False,True,True,"PUNY_IDNA,CJK",二手ipad,Chinese/Japanese/Korean,second hand ipad
xn--lebeb-8ra,,,False,True,True,PUNY_IDNA,lebebè,,
xn--shutter-m43kr94o,,,False,True,True,"PUNY_IDNA,CJK",shutter中文,Chinese/Japanese/Korean,shutterChinese
xn--ms-ry2cs33g,,,False,True,True,"PUNY_IDNA,CJK",ms中文,Chinese/Japanese/Korean,mschinese
xn--r1abl7a,,,False,True,True,"PUNY_IDNA,Cyrillic",чуят,Cyrillic (Russian/Ukrainian),they hear
xn--80apmj,,,False,True,True,"PUNY_IDNA,Cyrillic",имао,Cyrillic (Russian/Ukrainian),had
xn--e1apl,,,False,True,True,"PUNY_IDNA,Cyrillic",сне,Cyrillic (Russian/Ukrainian),dream
xn--80aaty1a,,,False,True,True,"PUNY_IDNA,Cyrillic",знаат,Cyrillic (Russian/Ukrainian),they know
xn--80auevl,,,False,True,True,"PUNY_IDNA,Cyrillic",маску,Cyrillic (Russian/Ukrainian),mask
xn--mxa6ajj,,,False,True,True,"PUNY_IDNA,Greek",χαρτ,Greek,map
xn--80aaq9bh,,,False,True,True,"PUNY_IDNA,Cyrillic",ужаса,Cyrillic (Russian/Ukrainian),horror
mycatisfat,55.0,,False,True,True,,,,
kraftwerken,22.0,DE 'power plants noun: power station',False,True,True,,,,
painpal,22.0,,False,True,True,,,,
omgalol,22.2,,False,True,True,,,,
xn--qei0348muta,,,False,True,True,PUNY_IDNA,👁❤🔥,,
sensexoracle,22.0,,False,True,True,,,,
shopdaily,555.0,,False,True,True,,,,
xn--9o8hqe95ck0epa,,,False,True,True,PUNY_IDNA,🐵🙃🤓🤖👽,,
salesweb,222.0,,False,True,True,,,,
artmajors,22.0,,False,True,True,,,,
artgalley,33.0,,False,True,True,,,,
ladyriders,111.0,,False,True,True,,,,
urbanforum,22.0,,False,True,True,,,,
booktrain,22.0,,False,True,True,,,,
rugbycamp,22.0,,False,True,True,,,,
travelfinds,22.0,,False,True,True,,,,
beerfeast,22.0,,False,True,True,,,,
starttravel,11.0,,False,True,True,,,,
silkcotton,11.0,,False,True,True,,,,
trickhorse,55.0,,False,True,True,,,,
arealmaps,11.0,,False,True,True,,,,
cafespice,55.0,,False,True,True,,,,
aztecmask,22.0,,False,True,True,,,,
turfcutter,22.0,,False,True,True,,,,
timelineapp,55.0,,False,True,True,,,,
createjob,22.0,,False,True,True,,,,
stonetype,22.0,,False,True,True,,,,
salespipe,222.0,,False,True,True,,,,
smileyapp,55.0,,False,True,True,,,,
windandsun,33.0,,False,True,True,,,,
spellmaster,222.0,,False,True,True,,,,
colorword,22.0,,False,True,True,,,,
targetbow,55.0,,False,True,True,,,,
wivestales,55.0,,False,True,True,,,,
touristmaps,444.0,,False,True,True,,,,
startdomain,33.0,,False,True,True,,,,
happyplant,77.0,,False,True,True,,,,
wildflowrs,22.0,,False,True,True,,,,
norise,22.0,"Latvian 'progress noun: procedure, process, run'",False,True,True,,,,
farmiliar,22.0,,False,True,True,,,,
tentcampers,22.0,,False,True,True,,,,
moscowembassy,22.0,,False,True,True,,,,
stoptrafficking,22.0,,False,True,True,,,,
londonbuildings,55.0,,False,True,True,,,,
namebooks,44.0,,False,True,True,,,,
starmoves,44.0,,False,True,True,,,,
voicewords,55.0,,False,True,True,,,,
passwordsharing,33.0,,False,True,True,,,,
rainforesttours,22.0,,False,True,True,,,,
specialdish,111.0,,False,True,True,,,,
marihuanna,222.0,,False,True,True,,,,
todaydate,55.0,,False,True,True,,,,
ratetable,55.0,,False,True,True,,,,
asktheinternet,222.0,,False,True,True,,,,
leathersupplies,22.0,,False,True,True,,,,
taxde,55.0,,False,True,True,5L,,,
djgigs,55.0,,False,True,True,,,,
hamburgerheaven,22.0,,False,True,True,,,,
unnel,33.0,f.unnel | t.unnel | ch.unnel | ipt.unnel | g.unnel,False,True,True,5L,,,
usualstory,111.0,,False,True,True,,,,
netreq,111.0,,False,True,True,,,,
xn--on8ha90h53aca,,,False,True,True,PUNY_IDNA,🙏🏽🕉🙏🏽,,
wildnite,55.0,,False,True,True,,,,
mototravelers,22.0,,False,True,True,,,,
babywagon,22.0,,False,True,True,,,,
recipecart,22.0,,False,True,True,,,,
howtostartadiet,22.0,,False,True,True,,,,
canadaworkvisa,222.0,,False,True,True,,,,
earthchronicles,22.0,,False,True,True,,,,
fertilityfoods,22.0,,False,True,True,,,,
firstcaribbean,11.0,,False,True,True,,,,
californiagold,22.0,,False,True,True,,,,
biologyforkids,22.0,,False,True,True,,,,
calendarjournal,22.0,,False,True,True,,,,
aiquery,222.0,,False,True,True,,,,
friendlyfellow,11.0,,False,True,True,,,,
dudebrew,22.0,,False,True,True,,,,
hergear,555.0,,False,True,True,,,,
ecoherald,22.0,,False,True,True,,,,
nicedear,22.0,,False,True,True,,,,
nicesync,55.0,,False,True,True,,,,
vapenight,55.0,,False,True,True,,,,
astrodawn,55.0,,False,True,True,,,,
drugdex,222.0,,False,True,True,,,,
uneidlich,22.0,,False,True,True,,,,
spacexstock,55.0,,False,True,True,,,,
beefprice,222.0,,False,True,True,,,,
cheappart,22.0,,False,True,True,,,,
depotrestaurant,22.0,,False,True,True,,,,
createyourhappy,11.0,,False,True,True,,,,
cookingwithbeer,22.0,,False,True,True,,,,
inmatesontheweb,11.0,,False,True,True,,,,
brooklyntourism,22.0,,False,True,True,,,,
creditprovider,22.0,,False,True,True,,,,
everythingcheap,22.0,,False,True,True,,,,
gulfwartimeline,11.0,,False,True,True,,,,
electricwelding,11.0,,False,True,True,,,,
hiddenbookshelf,11.0,,False,True,True,,,,
internetroaming,22.0,,False,True,True,,,,
autospecialties,11.0,,False,True,True,,,,
blankbackground,11.0,,False,True,True,,,,
fightingchairs,11.0,,False,True,True,,,,
christmasraffle,11.0,,False,True,True,,,,
bestsoundtrack,11.0,,False,True,True,,,,
getmeouttahere,22.0,,False,True,True,,,,
enjoythemoments,11.0,,False,True,True,,,,
englishcastles,111.0,,False,True,True,,,,
clearsunglasses,22.0,,False,True,True,,,,
equestriancoach,22.0,,False,True,True,,,,
onlineshopchina,22.0,,False,True,True,,,,
exhibitservice,22.0,,False,True,True,,,,
chaletski,22.0,,False,True,True,,,,
snowbrand,22.0,,False,True,True,,,,
siteologist,22.0,,False,True,True,,,,
deskheaven,22.0,,False,True,True,,,,
resourcio,55.0,,False,True,True,,,,
mintsilo,33.0,,False,True,True,,,,
twofanatics,22.0,,False,True,True,,,,
rentboards,22.0,,False,True,True,,,,
xempted,22.0,,False,True,True,,,,
sportcritic,222.0,,False,True,True,,,,
lustfullove,111.0,,False,True,True,,,,
indexpenny,55.0,,False,True,True,,,,
graduationnight,22.0,,False,True,True,,,,
surjan,55.0,,False,True,True,,,,
activewager,22.0,,False,True,True,,,,
wokegeek,55.0,,False,True,True,,,,
brokenigger,55.0,broke nigger | broken nigger,False,True,True,,,,
moremart,111.0,,False,True,True,,,,
simfile,22.0,,False,True,True,,,,
52-cardpickup,52.0,,False,True,True,,,,
dadsofdiy,55.0,,False,True,True,,,,
lifespin,222.0,,False,True,True,,,,
overearn,55.0,,False,True,True,,,,
trigerd,111.0,,False,True,True,,,,
xxxxxxxxxxxxxxxxxxxxxxxxxxxxx,22.0,,False,True,True,,,,
raredrinks,22.0,,False,True,True,,,,
lemonfa,11.0,,False,True,True,,,,
nastyuk,222.0,nasty yuk | nasty UK,False,True,True,,,,
manxiety,55.0,,False,True,True,,,,
vaccinedesk,22.0,,False,True,True,,,,
familyfirewall,22.0,,False,True,True,,,,
europlus,22.0,,False,True,True,,,,
dadgets,55.0,,False,True,True,,,,
zledgehog,11.0,,False,True,True,,,,
greymobile,11.0,,False,True,True,,,,
tribalsite,111.0,,False,True,True,,,,
sitesite,111.0,the.sitesite,False,True,True,,,,
flag-store,22.0,,False,True,True,,,,
indiaway,222.0,India way | India away,False,True,True,,,,
cafesito,44.0,ES 'little coffee',False,True,True,,,,
spanishdelight,22.0,,False,True,True,,,,
degenzoo,111.0,,False,True,True,,,,
assassina,22.0,,False,True,True,,,,
usahere,55.0,,False,True,True,,,,
rastamagic,33.0,,False,True,True,,,,
protoprogram,22.0,,False,True,True,,,,
appproposal,22.0,,False,True,True,,,,
fortunetrain,22.0,,False,True,True,,,,
firemama,55.0,,False,True,True,,,,
estyled,33.0,,False,True,True,,,,
flipyeah,55.0,,False,True,True,,,,
binaryarea,22.0,,False,True,True,,,,
bloodinstinct,22.0,,False,True,True,,,,
stardiets,55.0,,False,True,True,,,,
globalmachinery,22.0,,False,True,True,,,,
naturaled,33.0,natural LED,False,True,True,,,,
1000words,1111.0,Just picture it .....!,False,True,True,,,,
everyai,222.0,,False,True,True,,,,
lunarai,222.0,,False,True,True,,,,
howdoibuy,33.0,,False,True,True,,,,
moreshop,111.0,,False,True,True,,,,
4zen,444.0,,False,True,True,4C,,,
247w3,111.0,,False,True,True,5C,,,
rob-u,55.0,,False,True,True,5C,,,
u-rob,55.0,,False,True,True,5C,,,
domain-gallery,55.0,,False,True,True,,,,
nseth,44.0,,False,True,True,5L,,,
app1a,22.0,,False,True,True,5C,,,
r8edu,44.0,,False,True,True,5C,,,
r8eth,88.0,,False,True,True,5C,,,
ethyk,888.0,,False,True,True,5L,,,
sayut,222.0,,False,True,True,5L,,,
illionth,111.0,,False,True,True,,,,
darkwebai,55.0,,False,True,True,,,,
grandchat,55.0,,False,True,True,,,,
archiex,22.0,,False,True,True,,,,
tronaut,22.0,,False,True,True,,,,
boredaip,111.0,,False,True,True,,,,
boundaryrider,33.0,,False,True,True,,,,
eatark,22.0,,False,True,True,,,,
ezhot,55.0,,False,True,True,5L,,,
rylife,22.0,,False,True,True,,,,
openuser,111.0,,False,True,True,,,,
2finity,22.0,,False,True,True,,,,
ucorps,222.0,,False,True,True,,,,
lifebets,33.0,,False,True,True,,,,
treattrove,22.0,,False,True,True,,,,
travelzooz,22.0,,False,True,True,,,,
worldtrail,22.0,,False,True,True,,,,
giftxmas,22.0,,False,True,True,,,,
technothink,22.0,techno-think | tech-no-think,False,True,True,,,,
wealthworx,22.0,,False,True,True,,,,
6gun,666.0,,False,True,True,4C,,,
morevote,33.0,,False,True,True,,,,
morelaws,22.0,,False,True,True,,,,
ecotraders,55.0,,False,True,True,,,,
ecoutility,55.0,,False,True,True,,,,
grandmoon,111.0,,False,True,True,,,,
pornosession,55.0,,False,True,True,,,,
minerz,1010.0,,False,True,True,,,,
healthmed,22.0,,False,True,True,,,,
furryfrenz,22.22,,False,True,True,,,,
eatfrenzy,22.0,,False,True,True,,,,
xn--9o8hqe95ck0eqa,,,False,True,True,PUNY_IDNA,🐵🙃🤓👽🤖,,
aiguides,222.0,,False,True,True,,,,
trappists,44.0,,False,True,True,,,,
hodlbag,777.0,,False,True,True,,,,
seochecker,201.0,,False,True,True,,,,
precrowd,999.0,,False,True,True,,,,
hagsdorf,44.0,Bavarian town,False,True,True,,,,
xn--lo8hk4aycty,,,False,True,True,PUNY_IDNA,🚫😢🐝😂,,
xn--64h4989nda,,,False,True,True,PUNY_IDNA,☹🎵🎶,,
holistique,2788.0,FR 'holistic'.,False,True,True,,,,
fishroe,55.0,,False,True,True,,,,
unlipped,22.0,,False,True,True,,,,
darkdweb,888.0,,False,True,True,,,,
rched,33.0,,False,True,True,5L,,,
xn--pciv848mbda,,,False,True,True,PUNY_IDNA,🐝✝👀,,
retyped,100.0,"Whether it be re-styled, or put in a new format some other way, this would seem a most useful name.",False,True,True,,,,
xn--gs8hvx,,,False,True,True,PUNY_IDNA,😟💤,,
xn--2p8h3cy7m,,,False,True,True,PUNY_IDNA,💀🤝👑,,
xn--h4h8091oja,,,False,True,True,PUNY_IDNA,☠🤝🤠,,
xn--h4h2510oi9c,,,False,True,True,PUNY_IDNA,☠🤝👑,,
earmint,22.0,,False,True,True,,,,
w3belf,33.0,,False,True,True,,,,
readabl,55.0,,False,True,True,,,,
agiftforyou,55.0,,False,True,True,,,,
xn--hoh66f56ag053i,,,False,True,True,PUNY_IDNA,⏰➕👃☕,,
chingoje,80.0,"A park in Iringa, Tanzania; or Spanish 'shit' (by Ggl-Transl8).",False,True,True,,,,
dimuanya,22.0,Indonesian 'in all'; Angolan town.,False,True,True,,,,
arsenal-fan,33.0,,False,True,True,,,,
xn--ml8hc72p,,,False,True,True,PUNY_IDNA,😓🎵🎶,,
xn--64h4989n,,,False,True,True,PUNY_IDNA,☹🎵,,
geigers,69.0,,False,True,True,,,,
token-wallet,111.0,,False,True,True,,,,
birthdaybot,22.0,,False,True,True,,,,
tweenparty,22.0,,False,True,True,,,,
ganjagrotto,22.22,,False,True,True,,,,
xn--5p9hia,,,False,True,True,PUNY_IDNA,🤝🤡,,
xn--53h0179n6wabe48i,22.0,-bee-tea-see-rocket-moon-,False,True,True,PUNY_IDNA,🐝☕👀🚀🌑,,
xn--0p9hyl,,,False,True,True,PUNY_IDNA,🤘🧔,,
xn--v4h83a2671i,,,False,True,True,PUNY_IDNA,☮✊🏾,,
branchise,444.0,,False,True,True,,,,
xn--f77hbd1d,,,False,True,True,PUNY_IDNA,🇨🇩🇧🇷,,
xn--2p8h50f,,,False,True,True,PUNY_IDNA,🤡👑,,
manfriday,11.0,,False,True,True,,,,
ndations,22.0,,False,True,True,,,,
slowtravel,555.0,,False,True,True,,,,
poppizzazz,22.0,,False,True,True,,,,
cevichebar,22.0,,False,True,True,,,,
crooksncastles,444.0,https://crooksncastles.com/pages/about-us,False,True,True,,,,
xn--6bi2648mteaa,,,False,True,True,PUNY_IDNA,✋🏿🐴🐴,,
barnaclebob,11.0,"An octopus from the Freddi Fish series; he always says everything in rhyme.... OR .... A celebrity living among a group of people, unknown.",False,True,True,,,,
blackflat,22.0,"coffee, or bitumen ... ?? :-)",False,True,True,,,,
blackmount,111.0,,False,True,True,,,,
bluffrock,22.0,,False,True,True,,,,
blueknob,22.0,,False,True,True,,,,
boggyplain,11.0,,False,True,True,,,,
bangaroo,444.0,Just don't ask awkward questions.......!,False,True,True,,,,
bigbell,22.0,,False,True,True,,,,
caioxo,90.0,"Portuguese, caio: ENGLISH, fall ..\n'get well soon' or 'kiss it better' :-) \n",False,True,True,,,,
kittenegg,999.0,Imagine it :-) !!,False,True,True,,,,
kittenbach,555.0,"Town in Styria, Austria .. or a very musical young cat!",False,True,True,,,,
kittenberg,444.0,A town in Bavaria .. or a _very_ large young cat!,False,True,True,,,,
biddeston,22.0,"Rural town and locality in the Toowoomba Region, Queensland, Australia. In the 2016 census, Biddeston had a population of 284 people.",False,True,True,,,,
vulpmes,22.0,,False,True,True,,,,
waben,88.0,DE honeycomb,False,True,True,5L,,,
gehort,444.0,"DE verb - belong, pertain, appertain, deserve",False,True,True,,,,
mindfulnessmatters,22.22,,False,True,True,,,,
dyeing,456.0,Color/colour your life!! :-),False,True,True,,,,
xn--kg8h8m,,,False,True,True,PUNY_IDNA,🌄🏕,,
s-e-l-l,777.0,,False,True,True,,,,
xn--57h4771o,,,False,True,True,PUNY_IDNA,⚡🥁,,
xn--57h0579n,,,False,True,True,PUNY_IDNA,⚡🎹,,
daycrypto,4321.0,,False,True,True,,,,
cryptostill,213.0,,False,True,True,,,,
cryptostep,211.0,,False,True,True,,,,
cryptoshoot,2112.0,,False,True,True,,,,
xn--on8hea15ab,,,False,True,True,PUNY_IDNA,👰🏽👰🏿,,
xn--nl8h91b,,,False,True,True,PUNY_IDNA,😘🎶,,
fingerspelling,333.0,"Representation of the letters of a writing system, and sometimes numeral systems, using only the hands.",False,True,True,,,,
thenbtc,333.0,,False,True,True,,,,
cryptofact,333.0,,False,True,True,,,,
rebelnomad,55.0,,False,True,True,,,,
changestate,22.0,,False,True,True,,,,
trans-action,44.0,,False,True,True,,,,
ohforkme,44.0,,False,True,True,,,,
xn--is8hka,,,False,True,True,PUNY_IDNA,💦💫,,
glucklich,444.0,"DE adjective - happy, lucky, fortunate .. adverb - happily, by luck, through luck",False,True,True,,,,
lostbtc,222.0,,False,True,True,,,,
j33z,55.0,,False,True,True,4C,,,
xn--9o8hkhx1j,,,False,True,True,PUNY_IDNA,🐵🤝💪,,
price-watch,44.0,,False,True,True,,,,
facebookhelp,11.0,,False,True,True,,,,
bigbog,55.0,,False,True,True,,,,
truffledog,44.0,,False,True,True,,,,
nfteggsurprise,444.0,,False,True,True,,,,
webfintech,68.0,,False,True,True,,,,
bagaco,222.0,bag a co [grab a company] \ PT 'brandy',False,True,True,,,,
xn--64h4989nca,,,False,True,True,PUNY_IDNA,☹🎶🎵,,
xn--pr9hwa23a,,,False,True,True,PUNY_IDNA,🥓🥞🧈,,
highfivehandshake,555.0,,False,True,True,,,,
astronews,66.0,,False,True,True,,,,
quirioco,,,False,True,True,,,,
bananapocket,22.0,"Town in Whitsunday (Queensland) is a town in Australia ... or .. is that a banana in your pocket, or are you just glad to see me...?",False,True,True,,,,
hungerburg,77.0,,False,True,True,,,,
truffledoge,444.0,,False,True,True,,,,
musketeerscharacters,88.0,,False,True,True,,,,
xn--6bi2648mkbaa,,,False,True,True,PUNY_IDNA,✋🏿🐎🐎,,
xn--l3h20aja22528bfaghij,,,False,True,True,PUNY_IDNA,☁⛅⛈🌤🌥🌦🌧🌨🌩,,
pairoff,55.0,,False,True,True,,,,
trufflepig,44.0,,False,True,True,,,,
bighandshake,555.0,,False,True,True,,,,
fliyer,22.0,[flier\flyer],False,True,True,,,,
ambonga,11.0,,False,True,True,,,,
tobut,2222.0,"to say 'but...' [OR.. Uzbek 'coffin' .. OR .. a populated place in the municipality of Lopare, Bosnia and Herzegovina]",False,True,True,5L,,,
bokowen,55.0,Polish sideways,False,True,True,,,,
xn--ml8hc63p,,,False,True,True,PUNY_IDNA,😖🎵🎶,,
xn--t38hmg,,,False,True,True,PUNY_IDNA,😲🚘,,
xn--q68hp5c,,,False,True,True,PUNY_IDNA,🧐🚘,,
xn--j38h5g,,,False,True,True,PUNY_IDNA,🚘😨,,
twitwise,22.0,,False,True,True,,,,
closetimes,22.0,,False,True,True,,,,
territoriums,55.0,plural - The land around or within the boundaries of a town; territory [latin],False,True,True,,,,
xn--g6h9410oeaesot60sdxq,,,False,True,True,PUNY_IDNA,💓🖤♥💙💔🧡💞💕💛,,
blockcorp,1515.0,,False,True,True,,,,
freeworlddomains,55.0,,False,True,True,,,,
xn--v4h8220o,,,False,True,True,PUNY_IDNA,☮💓,,
dogevote,444.0,,False,True,True,,,,
xn--em8hzc61p,,,False,True,True,PUNY_IDNA,🤚🏽🏐,,
cryptoyet,211.0,,False,True,True,,,,
divergentcapital,321.0,,False,True,True,,,,
chainarts,22.0,,False,True,True,,,,
cryptoblue,333.0,,False,True,True,,,,
cryptotype,333.0,,False,True,True,,,,
btcsimilar,99.0,,False,True,True,,,,
coinpush,99.0,,False,True,True,,,,
thatblockchain,22.0,,False,True,True,,,,
hangblockchain,22.0,,False,True,True,,,,
xn--7biw910n,,,False,True,True,PUNY_IDNA,🤏✌,,
xn--8biw468m,,,False,True,True,PUNY_IDNA,✍💅,,
ucubit,22.0,,False,True,True,,,,
godupdates,555.0,,False,True,True,,,,
onestraw,22.0,,False,True,True,,,,
geometra,222.0,IN 'geometrician' | genus of moths,False,True,True,,,,
movenft,1414.0,,False,True,True,,,,
nudetoken,111.0,,False,True,True,,,,
grabac,55.0,ES 'record',False,True,True,,,,
xn--eih9625p,,,False,True,True,PUNY_IDNA,🚫⌛,,
eartharoma,22.0,,False,True,True,,,,
finew3b,33.0,,False,True,True,,,,
oldnerd,55.0,,False,True,True,,,,
digitrail,55.0,,False,True,True,,,,
bitcoinstacker,111.0,,False,True,True,,,,
kaliyuga,22.0,,False,True,True,,,,
xn--ug8h7a,,,False,True,True,PUNY_IDNA,🌟🌎,,
nftvisa,88.0,,False,True,True,,,,
dighair,22.0,,False,True,True,,,,
diganga,22.0,,False,True,True,,,,
grabezmala,22.0,BU 'grabbed' .. \ni grabbed it - you can too!,False,True,True,,,,
gostilij,111.0,Slovenian 'inns',False,True,True,,,,
kelime,222.0,,False,True,True,,,,
tiskovac,22.0,"Czech 'printer' [OR .. a place is situated in Zadar-Knin, Croatia]",False,True,True,,,,
privacyapp,66.0,,False,True,True,,,,
superscalar,44.0,,False,True,True,,,,
aklame,55.0,Haitian Creole 'acclaimed',False,True,True,,,,
xn--lv8hii,,,False,True,True,PUNY_IDNA,🔒🖖,,
systray,44.0,,False,True,True,,,,
up-skill,444.0,,False,True,True,,,,
xn--fiq241nqud,,,False,True,True,"PUNY_IDNA,CJK",中間进,Chinese/Japanese/Korean,Enter in the middle
boassa,999.0,PT 'goodness',False,True,True,,,,
bosseye,555.0,In jamaica this word means looking or waiting for a bus; in trinidad it means looking or wanting to get punched [urbandictionary].,False,True,True,,,,
betraders,22.0,,False,True,True,,,,
galaxyglow,22.0,,False,True,True,,,,
charababil,11.0,"village in Raipur, India",False,True,True,,,,
bodgi,44.0,,False,True,True,5L,,,
dugolaz,55.0,Croatian 'long-distance',False,True,True,,,,
alphashake,33.0,,False,True,True,,,,
srednje,22.0,Slovenian 'medium',False,True,True,,,,
spasovnica,22.0,BU lifeguard,False,True,True,,,,
naturecrossroad,22.22,,False,True,True,,,,
sys-admin,66.0,,False,True,True,,,,
xn--mn8h7ez3c,,,False,True,True,PUNY_IDNA,👌🏻😍,,
how2code,222.0,,False,True,True,,,,
changeblockchain,22.0,,False,True,True,,,,
spacecraft-shop,11.0,,False,True,True,,,,
yummyfoodbites,22.0,,False,True,True,,,,
xn--5k8h7s,,,False,True,True,PUNY_IDNA,📖🎥,,
cryptominersgroup,170.0,,False,True,True,,,,
torosbravos,111.0,,False,True,True,,,,
handshakeoasis,555.0,,False,True,True,,,,
nowhandshake,555.0,,False,True,True,,,,
wildcaughtfish,555.0,,False,True,True,,,,
respondwell,11.0,,False,True,True,,,,
typecasting,444.0,,False,True,True,,,,
tradebody,444.0,,False,True,True,,,,
titlebar,44.0,,False,True,True,,,,
supernovaremnant,22.0,,False,True,True,,,,
comunidadrodeo,11.0,ES community rodeo,False,True,True,,,,
axinim,22.0,axin' 'im [giving him the boot\sack],False,True,True,,,,
poddrezanj,55.0,Slovenian 'undercuts',False,True,True,,,,
azevedosodre,22.0,PT sourdough,False,True,True,,,,
reeferparadise,22.22,,False,True,True,,,,
dondaii,22.0,,False,True,True,,,,
dongi,99.0,Put on a gi [JP martial arts suit].,False,True,True,5L,,,
sumjet,55.0,some jet .. pick your airline [and its cost] !,False,True,True,,,,
000acr,99.0,ooo's of acres [for sale],False,True,True,,,,
gomasta,111.0,Master of Go language,False,True,True,,,,
bamnia,22.0,"Jhabua district, Madhya Pradesh, India",False,True,True,,,,
andudu,111.0,".. and doodoo .. well, wot a load of ..........!",False,True,True,,,,
banbaria,22.0,,False,True,True,,,,
andata,2222.0,and data [OR .. IT 'gone'],False,True,True,,,,
gamifies,555.0,,False,True,True,,,,
tipure,11.0,,False,True,True,,,,
tilava,22.0,FI 'spacious',False,True,True,,,,
timarci,11.0,"located in Bosnia and Herzegovina about 102 mi (or 163 km) north-west of Sarajevo, the country's capital",False,True,True,,,,
spraca,22.0,PO runs back,False,True,True,,,,
srebrnica,111.0,https://en.wikipedia.org/wiki/Srebrenica,False,True,True,,,,
sokolice,55.0,Croatian falcons,False,True,True,,,,
sorde,111.0,IT deaf,False,True,True,5L,,,
srebrnik,22.0,Slovenian silver,False,True,True,,,,
meetblockchain,11.0,,False,True,True,,,,
spanici,111.0,IT spanic,False,True,True,,,,
sosici,111.0,SOS ici FR] - 'Help here!' .. ALSO a place in Croatia,False,True,True,,,,
solaje,111.0,ES solace,False,True,True,,,,
spreca,22.0,IT 'wastes',False,True,True,,,,
solici,222.0,ES 'I requested',False,True,True,,,,
podgalevi,22.0,BU subchapters,False,True,True,,,,
posern,22.0,"Was a province of Prussia; present-day Poznań, Poland - https://en.wikipedia.org/wiki/Province_of_Posen [also surname]",False,True,True,,,,
arroiodaseca,11.0,PT stream-drought,False,True,True,,,,
argolas,22.0,"PT ring, hoop, link",False,True,True,,,,
pervici,11.0,perv is he',False,True,True,,,,
arrieiro,11.0,Galician carrier,False,True,True,,,,
baiabranca,22.0,PT white bay,False,True,True,,,,
osterwasser,22.0,,False,True,True,,,,
banagram,22.0,,False,True,True,,,,
ofenau,55.0,of English Australian,False,True,True,,,,
ovcari,22.0,Bosnian 'sheep',False,True,True,,,,
pyot,444.44,pik-ur-own-talent\team\time\trash | Put Yourself Out There | Print Your Own Tee | magpie | piebald horse,False,True,True,4L,,,
xn--45qu04cprp,,,False,True,True,"PUNY_IDNA,CJK",紅八月,Chinese/Japanese/Korean,紅八月
ozreni,22.0,BU 'mature',False,True,True,,,,
xn--55q5d944a,,,False,True,True,"PUNY_IDNA,CJK",公安军,Chinese/Japanese/Korean,public security army
xn--fiqr1kovf8vfd89d,,,False,True,True,"PUNY_IDNA,CJK",中央警卫师,Chinese/Japanese/Korean,Central Guard Division
xn--fiqr1kb8cf1cus5h,,,False,True,True,"PUNY_IDNA,CJK",中央警卫团,Chinese/Japanese/Korean,central guard corps
xn--4kqw3e63mcrc,,,False,True,True,"PUNY_IDNA,CJK",公安二师,Chinese/Japanese/Korean,Second Public Security Division
xn--v77hga61r,,,False,True,True,PUNY_IDNA,💖🇷🇺,,
xn--53tu51j,,,False,True,True,"PUNY_IDNA,CJK",长征,Chinese/Japanese/Korean,long march
xn--g77hwa349aca,,,False,True,True,PUNY_IDNA,🛰🇨🇳🛰,,
neversaygoodbye,55.0,,False,True,True,,,,
xn--xp8hyg,,,False,True,True,PUNY_IDNA,👌💸,,
sping,22.0,,False,True,True,5L,,,
bootos,3333.0,boot OS,False,True,True,,,,
uri30,15.0,"Uniform Resource Identifier | URI-30 Bladder control,Stops Urges,Frequent Urination,Homeopathic Pills.Urinary Incontinence",False,True,True,5C,,,
tkoin,111.0,tko [total knockout] coin,False,True,True,5L,,,
mysite21,55.0,,False,True,True,,,,
falcondo,44.0,"Falconbridge Dominicana S.A. (Falcondo), owned by Americano Nickel Ltd, operates the Falcondo ferronickel mine in the Dominican Republic.",False,True,True,,,,
dynotic,22.0,,False,True,True,,,,
qwipper,22.0,,False,True,True,,,,
coolary,111.0,a Studio on Scratch,False,True,True,,,,
vrdrift,222.0,,False,True,True,,,,
menumap,55.0,,False,True,True,,,,
seosy,55.0,,False,True,True,5L,,,
dellage,11.0,,False,True,True,,,,
windivo,22.0,,False,True,True,,,,
dopego,222.0,ES 'i hit' | PT 'of the caught',False,True,True,,,,
zenment,44.0,,False,True,True,,,,
pubmata,22.0,,False,True,True,,,,
biairdrop,22.0,,False,True,True,,,,
mintila,222.0,Mintila Hot Chocolate (Tequila Mint),False,True,True,,,,
skichains,99.0,,False,True,True,,,,
coinbeg,555.0,,False,True,True,,,,
btcprincess,444.0,,False,True,True,,,,
cryptopersia,777.0,,False,True,True,,,,
smilesdebit,11.0,,False,True,True,,,,
pharmapurse,11.0,,False,True,True,,,,
habitsaver,22.0,,False,True,True,,,,
coindav,11.0,,False,True,True,,,,
crohnsquiz,55.0,,False,True,True,,,,
getbtcx,111.0,,False,True,True,,,,
digitallivre,22.0,,False,True,True,,,,
googlez,1234.0,,False,True,True,,,,
wildwallaby,222.0,,False,True,True,,,,
chinesewine,888.0,,False,True,True,,,,
stoicslime,55.0,,False,True,True,,,,
xn--b00bies,,,False,True,True,PUNY_IDNA,끙끓끗끝,,
bestcoins,444.0,,False,True,True,,,,
schaerme,222.0,DE 'scare',False,True,True,,,,
pept,444.44,"excited, 'pepped' | Philippine Educational Placement Test",False,True,True,4L,,,
geyi,44.0,,False,True,True,4L,,,
vuec,44.0,,False,True,True,4L,,,
dicts,111.0,dictionaries \ dictates,False,True,True,5L,,,
n-u-d-e,111.0,,False,True,True,,,,
tro1,111.0,,False,True,True,4C,,,
bucketing,22.0,,False,True,True,,,,
humantax,55.0,,False,True,True,,,,
phoenixed,55.0,,False,True,True,,,,
xn--is8ha8b,,,False,True,True,PUNY_IDNA,💦💵💦,,
xn--vs8hdjn,,,False,True,True,PUNY_IDNA,💵💸💳💻,,
cryptoasians,888.0,,False,True,True,,,,
digitaldoza,11.0,,False,True,True,,,,
btcstockpile,111.0,,False,True,True,,,,
xn--pps-5ycb,,,False,True,True,"PUNY_IDNA,Greek",pξpξs,Greek,pξpξs
nonphixion,55.0,,False,True,True,,,,
growdao,22.0,,False,True,True,,,,
xn--v4h9380o,,,False,True,True,PUNY_IDNA,😿☮,,
noshnest,22.0,,False,True,True,,,,
xn--ns8hnvne,,,False,True,True,PUNY_IDNA,😂😵💫,,
xn--g28hib,,,False,True,True,PUNY_IDNA,😂😖,,
xn--h4hz770o,,,False,True,True,PUNY_IDNA,😂☠,,
xn--5biy519m,,,False,True,True,PUNY_IDNA,😂✊,,
xn--v4h1191o,,,False,True,True,PUNY_IDNA,🤯☮,,
xn--v4h5480o,,,False,True,True,PUNY_IDNA,🙄☮,,
xn--v4h9091o,,,False,True,True,PUNY_IDNA,🤬☮,,
xn--us8hz5e,,,False,True,True,PUNY_IDNA,🤯💲,,
xn--xv8h9o,,,False,True,True,PUNY_IDNA,😐🔞,,
xn--dux-u19a,,,False,True,True,PUNY_IDNA,⭐dux,,
multitrip,444.0,,False,True,True,,,,
uddl,444.44,p.uddl/ | m.uddl/ | bef.uddle/ | c.uddl/ | h.uddl/,False,True,True,4L,,,
deow,444.44,remove pain [de-'ow'] - 'healing',False,True,True,4L,,,
countme,555.0,,False,True,True,,,,
indiair,555.0,,False,True,True,,,,
xn--gecl5dc,,,False,True,True,PUNY_IDNA,પિતા,,
xn--oe-ema,,,False,True,True,"PUNY_IDNA,European",oče,European (Latin Extended),father
xn--loda5ab,,,False,True,True,"PUNY_IDNA,Georgian",მამა,Georgian,father
xn--80aab1h,,,False,True,True,"PUNY_IDNA,Cyrillic",баща,Cyrillic (Russian/Ukrainian),father
xn--e1ar1a,,,False,True,True,"PUNY_IDNA,Cyrillic",оче,Cyrillic (Russian/Ukrainian),father
xn--ggb5fxg,,,False,True,True,"PUNY_IDNA,Arabic",پيء,Arabic/Urdu/Uyghur,father
dints,111.0,,False,True,True,5L,,,
dipso,111.0,Slang: Disparaging and Offensive. a habitual drinker of alcohol who is frequently intoxicated; a dipsomaniac,False,True,True,5L,,,
dirke,22.0,,False,True,True,5L,,,
xn--y9aowv9c,,,False,True,True,"PUNY_IDNA,Armenian",հայրը,Armenian,the father
xn--g77hwa23s,,,False,True,True,PUNY_IDNA,🇨🇳💵,,
xn--0s8ha884a,,,False,True,True,PUNY_IDNA,💸🤝💸,,
xn--r77hna07v,,,False,True,True,PUNY_IDNA,🔭🇺🇳,,
xn--26hwd1683fba,,,False,True,True,PUNY_ALT,♻️⚛️,,
xn--i48hg6chc,,,False,True,True,PUNY_IDNA,🙊🦧🦍,,
ifeelhappyandexcited,55.0,,False,True,True,,,,
theworldisawonderfulplace,55.0,,False,True,True,,,,
diplomatwallet,55.0,,False,True,True,,,,
startyourblockchain,55.0,,False,True,True,,,,
universalearning,444.0,,False,True,True,,,,
dialecticalmaterialism,7.0,,False,True,True,,,,
xn--hvn-xr5ab,,,False,True,True,PUNY_IDNA,h☰v☰n,,
bytecoinbroker,111.0,,False,True,True,,,,
farmingfriends,55.55,,False,True,True,,,,
digitaldwellers,55.55,,False,True,True,,,,
hourdefi,66.0,,False,True,True,,,,
chinarang,888.0,,False,True,True,,,,
chakratala,22.0,small cymbals,False,True,True,,,,
cantori,555.0,IT 'singers',False,True,True,,,,
chinarati,888.0,,False,True,True,,,,
carbonita,111.0,ES 'carbonite',False,True,True,,,,
damerchar,11.0,,False,True,True,,,,
chausi,44.0,"chausi [or chausie] is a cross between a domestic cat and another non-Felis silvestris, the jungle cat found in Asia",False,True,True,,,,
deodasa,22.0,PT 'toothy',False,True,True,,,,
choffee,333.0,,False,True,True,,,,
domany,44.0,do many,False,True,True,,,,
bychikha,22.0,,False,True,True,,,,
damaoil,22.0,Scots Gaelic 'damages',False,True,True,,,,
chakrapara,22.0,ES chakra 'to\for',False,True,True,,,,
bushmin,22.0,,False,True,True,,,,
domoslave,44.0,house [Esperanto] slave,False,True,True,,,,
bungenie,22.0,,False,True,True,,,,
buzinanbi,11.0,PT 'horn horn',False,True,True,,,,
buzingo,22.0,PT 'horn',False,True,True,,,,
bet-wins,22.0,,False,True,True,,,,
xn--fiq86kg7ekzk,,,False,True,True,"PUNY_IDNA,CJK",中央厨房,Chinese/Japanese/Korean,central kitchen
xn--80aab1b7ctb,,,False,True,True,"PUNY_IDNA,Cyrillic",бацька,Cyrillic (Russian/Ukrainian),father
xn--9hcd8cb,,,False,True,True,PUNY_IDNA,ବାପା,,
xn--e2b8ah9b,,,False,True,True,"PUNY_IDNA,Hindi",वडील,Devanagari (Hindi),father
xn--80aag,,,False,True,True,"PUNY_IDNA,Cyrillic",аав,Cyrillic (Russian/Ukrainian),father
xn--tat-cpa,,,False,True,True,"PUNY_IDNA,European",tată,European (Latin Extended),father
xn--oidg6c1h,,,False,True,True,PUNY_IDNA,ဖခင်,,
xn--tvas-vva,,,False,True,True,"PUNY_IDNA,European",tėvas,European (Latin Extended),father
xn--goc6dh4c1dzd,,,False,True,True,PUNY_IDNA,తండ్రి,,
xn--80aal6bi,,,False,True,True,"PUNY_IDNA,Cyrillic",падар,Cyrillic (Russian/Ukrainian),father
xn--80ab2aqs4d,,,False,True,True,"PUNY_IDNA,Cyrillic",батько,Cyrillic (Russian/Ukrainian),father
10100111001,7331.0,binary of 1337 decimal [leet = elite],False,True,True,,,,
xn--mgbpbq3ib,,,False,True,True,"PUNY_IDNA,Arabic",دادىسى,Arabic/Urdu/Uyghur,father
xn--rlcal3kxa,,,False,True,True,"PUNY_IDNA,Tamil",தந்தை,Tamil,father
xn--makuakne-m7a,,,False,True,True,"PUNY_IDNA,Hawaiian",makuakāne,Hawaiian,father
xn--ixahb1dhnd,,,False,True,True,"PUNY_IDNA,Greek",πατέρασ,Greek,father
xn--uvc6bd3rpi,,,False,True,True,"PUNY_IDNA,Malayalam",അച്ഛൻ,Malayalam,father
rememe,555.0,,False,True,True,,,,
budslaw,22.0,,False,True,True,,,,
xn--z38hde,,,False,True,True,PUNY_IDNA,😺😸😻,,
dolea,2222.0,ES 'it hurts',False,True,True,5L,,,
xn--9n8hpt,,,False,True,True,PUNY_IDNA,🕊🐒,,
eculture,333.0,,False,True,True,,,,
emilitary,333.0,,False,True,True,,,,
xn--2p8h96f,,,False,True,True,PUNY_IDNA,🦃👑,,
xn--rn8h7e,,,False,True,True,PUNY_IDNA,👑🐀,,
xn--2p8hhf,,,False,True,True,PUNY_IDNA,💥👑,,
ourspring,22.22,,False,True,True,,,,
exportsy,11.0,,False,True,True,,,,
cheaptutor,22.22,,False,True,True,,,,
guruforum,22.22,,False,True,True,,,,
toysolar,22.22,,False,True,True,,,,
xn--2p8hjl,,,False,True,True,PUNY_IDNA,🔆👑,,
xn--2p8htq,,,False,True,True,PUNY_IDNA,🕛👑,,
temptio,11.0,,False,True,True,,,,
stalkia,11.0,,False,True,True,,,,
gurupost,22.22,,False,True,True,,,,
xn--1q8hoj,,,False,True,True,PUNY_IDNA,👳🔊,,
xn--1q8hnj,,,False,True,True,PUNY_IDNA,🔊👳,,
xn--0q8hpj,,,False,True,True,PUNY_IDNA,🔊👲,,
xn--0q8hqj,,,False,True,True,PUNY_IDNA,👲🔊,,
robocosmic,22.22,,False,True,True,,,,
sablayan,22.0,"officially the Municipality of Sablayan, is a 1st class municipality in the province of Occidental Mindoro, Philippines.",False,True,True,,,,
xn--dv8h16e,,,False,True,True,PUNY_IDNA,🦘🔊,,
shopgamer,22.22,,False,True,True,,,,
xn--2p8hnb29a,,,False,True,True,PUNY_IDNA,👨🔬👑,,
xn--2p8hpby7a,,,False,True,True,PUNY_IDNA,👩🔬👑,,
hitcharide,11.0,,False,True,True,,,,
sikpur,44.0,,False,True,True,,,,
hetviswater,11.0,Dutch 'the fishing water',False,True,True,,,,
rotaitalia,22.0,Rota Italia,False,True,True,,,,
xn--dv8hj8e,,,False,True,True,PUNY_IDNA,🦯🔊,,
xn--dv8hk8e,,,False,True,True,PUNY_IDNA,🔊🦯,,
xn--mm8het,,,False,True,True,PUNY_IDNA,🏘🔊,,
xn--kg8hm6a,,,False,True,True,PUNY_IDNA,🌄🔊,,
0level,55.0,,False,True,True,,,,
hetven,11.0,HU 'seventy',False,True,True,,,,
hetvenne,11.0,HU 'seventies',False,True,True,,,,
hetvischwater,11.0,Dutch 'the fishing water',False,True,True,,,,
netclown,22.22,,False,True,True,,,,
unialfa,22.22,,False,True,True,,,,
hazardnews,22.22,,False,True,True,,,,
earthdeck,22.22,,False,True,True,,,,
jpgking,123.0,,False,True,True,,,,
cryptotaoist,333.0,,False,True,True,,,,
daory,222.0,,False,True,True,5L,,,
villagemart,66.0,,False,True,True,,,,
wikimonks,11.0,,False,True,True,,,,
cryptmonk,111.0,,False,True,True,,,,
kanggaru,555.0,Malay 'kangaroo',False,True,True,,,,
kihk,444.44,kick,False,True,True,4L,,,
apktech,111.0,,False,True,True,,,,
xn--cjzu29a3zn,,,False,True,True,"PUNY_IDNA,CJK",黑神话,Chinese/Japanese/Korean,black myth
xn--fhq102n,,,False,True,True,"PUNY_IDNA,CJK",迷上,Chinese/Japanese/Korean,obsessed with
herba-life,55.0,,False,True,True,,,,
upload69,33.0,,False,True,True,,,,
mynfteam,55.0,,False,True,True,,,,
xn--ug8h89h,,,False,True,True,PUNY_IDNA,🌎🦯,,
xn--ug8h80h,,,False,True,True,PUNY_IDNA,🌎🤟,,
xn--ug8h82h,,,False,True,True,PUNY_IDNA,🌎🤿,,
inertianft,33.0,,False,True,True,,,,
0x00club,222.0,,False,True,True,,,,
cyez,444.44,cyber-easy | sighs,False,True,True,4L,,,
cyok,444.44,cyber is good!,False,True,True,4L,,,
tekko,333.0,,False,True,True,5L,,,
cyup,444.44,cyber-up,False,True,True,4L,,,
byiv,444.44,by intravenous | In Vitro | _many_ [https://acronyms.thefreedictionary.com/IV],False,True,True,4L,,,
geekle,222.0,,False,True,True,,,,
maskdoge,555.0,,False,True,True,,,,
xn--mgbpl1fsa,,,False,True,True,"PUNY_IDNA,Arabic",سيدنا,Arabic/Urdu/Uyghur,Our master
aac1,111.0,,False,True,True,4C,,,
adu0,111.0,a Duo,False,True,True,4C,,,
afo0,111.0,a Foo was 'ere :-),False,True,True,4C,,,
adh4,111.0,"Of course, anyone ADHD will hav realised the fourth letter is 'D' lol :-) !",False,True,True,4C,,,
fruitandveg,111.0,,False,True,True,,,,
fishingonthechain,22.0,,False,True,True,,,,
timofeji,9.0,,False,True,True,,,,
surfas,888.0,,False,True,True,,,,
00no,222.0,oooohh nooo...!\n Get https://www.namebase.io/domains/onoo too!,False,True,True,4C,,,
xn--4dbagida3all0j,,,False,True,True,"PUNY_IDNA,Hebrew",ארכאולוגיה,Hebrew,Archaeology
tacoverse,777.0,,False,True,True,,,,
tacoify,777.0,,False,True,True,,,,
space1999,444.0,,False,True,True,,,,
instagranny,44.0,,False,True,True,,,,
xn--43h4080o,,,False,True,True,PUNY_IDNA,☔😍,,
xn--n3h9280o,,,False,True,True,PUNY_IDNA,😍☃,,
xn--98h2529m,,,False,True,True,PUNY_IDNA,😍⛈,,
xn--p28hx9c,,,False,True,True,PUNY_IDNA,🦇😋,,
noob21,11.0,,False,True,True,,,,
web3dot0,77.0,,False,True,True,,,,
instagranddad,44.0,,False,True,True,,,,
spued,111.0,spewed,False,True,True,5L,,,
darknet22,11.0,,False,True,True,,,,
xn--tu8hiu,,,False,True,True,PUNY_IDNA,📷😻,,
xn--cr8hth,,,False,True,True,PUNY_IDNA,📷👽,,
xn--h4hx930o,,,False,True,True,PUNY_IDNA,📷☠,,
xn--tu8h40e,,,False,True,True,PUNY_IDNA,📷🤦,,
noob22,11.0,,False,True,True,,,,
xn--3n1b4fa743m,,,False,True,True,PUNY_IDNA,도도덱스,,
xn--ug8h03h,,,False,True,True,PUNY_IDNA,🌎🥋,,
xn--ug8h71h,,,False,True,True,PUNY_IDNA,🤯🌎,,
moongoat,888.0,Gone to the Moon as Greatest Of All Time !!,False,True,True,,,,
wija,444.44,ouija [board],False,True,True,4L,,,
cyav,444.44,cyber-audiovisual | Community Youth Against Violence,False,True,True,4L,,,
mmkm,444.44,,False,True,True,4L,,,
onoo,444.44,oooohh nooo...!\n Get ttps://www.namebase.io/domains/00no too!,False,True,True,4L,,,
xn--ohm-e0c,,,False,True,True,"PUNY_IDNA,Greek",ωohm,Greek,ωohm
lifeview,777.0,,False,True,True,,,,
xn--1o8hs6a,,,False,True,True,PUNY_IDNA,🐭😶,,
xn--1o8hr6a,,,False,True,True,PUNY_IDNA,😶🐭,,
xn--1o8h04g,,,False,True,True,PUNY_IDNA,🐭🧚,,
xn--1o8hz4g,,,False,True,True,PUNY_IDNA,🧚🐭,,
xn--fr8hsc,,,False,True,True,PUNY_IDNA,💀💩,,
00zy,55.0,ooozy :-) slime!,False,True,True,4C,,,
golfprodirectory,33.33,,False,True,True,,,,
xn--mgbc6cyb,,,False,True,True,"PUNY_IDNA,Arabic",غالب,Arabic/Urdu/Uyghur,dominant
nft169,11.0,,False,True,True,,,,
xn--m9h2678m,,,False,True,True,PUNY_IDNA,⛔💩,,
xn--75gy1u,,,False,True,True,PUNY_IDNA,❤↔,,
xleg,444.44,4char 'cross-leg',False,True,True,4L,,,
xn--7o8hd,,,False,True,True,PUNY_IDNA,🐵🐳,,
dunyasi,555.0,"Azerbaijani, Javanese, Kyrgyz, Malay, Sundanese, Swahili, Tajik, Turkish, Turkmen, Uzbek .. 'world [is]'",False,True,True,,,,
australianmuscle,555.0,,False,True,True,,,,
xn--zn8h52g,,,False,True,True,PUNY_IDNA,🦘🐈,,
tlid,444.44,4char 'Top-Level ID',False,True,True,4L,,,
klib,444.44,,False,True,True,4L,,,
krif,444.44,,False,True,True,4L,,,
xn--ns8h02f,,,False,True,True,PUNY_IDNA,💫🦘,,
tyob,444.44,,False,True,True,4L,,,
dlem,444.44,4char meld[rev],False,True,True,4L,,,
wildplaces,111.0,,False,True,True,,,,
aussiemuscle,555.0,,False,True,True,,,,
hsuh,444.44,4char hush[rev],False,True,True,4L,,,
hsum,444.44,4char mush[rev] -drive the dog-team backwards | Health Sciences University of Mongolia,False,True,True,4L,,,
dlim,444.44,,False,True,True,4L,,,
solhus,555.0,Nordic\Scandanavian 'solar house',False,True,True,,,,
xn--lodaogin3b,,,False,True,True,"PUNY_IDNA,Georgian",მთავარი,Georgian,main
altcoinfans,44.0,,False,True,True,,,,
slamfun,22.0,,False,True,True,,,,
fuij,444.44,,False,True,True,4L,,,
xn--n8j9a9dug,,,False,True,True,"PUNY_IDNA,Japanese",ばんざい,Japanese,Good luck
liikunta,222.0,"Finnish noun: exercise, movement, physical education",False,True,True,,,,
ryoc,444.44,Rule\Run Your Own Country | Roll Your Own Candy\Cigarettes,False,True,True,4L,,,
xn--0t8hb,,,False,True,True,PUNY_IDNA,📜📛,,
onlyscam,55.55,,False,True,True,,,,
xn--1o8hu2f,,,False,True,True,PUNY_IDNA,🐭🤗,,
darkbet,666.0,,False,True,True,,,,
s3cr3tz,44.0,,False,True,True,,,,
xn--88j6eta,,,False,True,True,"PUNY_IDNA,Japanese",をする,Japanese,do
xn--u8j9d,,,False,True,True,"PUNY_IDNA,Japanese",かぶ,Japanese,turnip
xn--1o8ht2f,,,False,True,True,PUNY_IDNA,🤗🐭,,
darkchi,55.55,,False,True,True,,,,
nordsud,111.11,FR 'north-south',False,True,True,,,,
uhnsi,22.22,,False,True,True,5L,,,
phnsi,22.22,,False,True,True,5L,,,
mhnsi,22.22,,False,True,True,5L,,,
zhnsi,22.0,,False,True,True,5L,,,
khnsi,22.22,,False,True,True,5L,,,
galacticnode,111.11,,False,True,True,,,,
jhnsi,22.22,,False,True,True,5L,,,
vhnsi,22.22,,False,True,True,5L,,,
shif,444.44,,False,True,True,4L,,,
muskovite,33.0,,False,True,True,,,,
snrz,444.44,,False,True,True,4L,,,
snse,444.44,,False,True,True,4L,,,
shev,444.44,,False,True,True,4L,,,
smarthing,444.0,,False,True,True,,,,
hnsxai,222.22,,False,True,True,,,,
xn--gmqq18e,,,False,True,True,"PUNY_IDNA,CJK",游人,Chinese/Japanese/Korean,tourist
trustate,222.22,,False,True,True,,,,
xn--5suv74k,,,False,True,True,"PUNY_IDNA,CJK",拉麵,Chinese/Japanese/Korean,拉麵
secretspot,888.0,,False,True,True,,,,
orgm,444.44,orgasm,False,True,True,4L,,,
kkno,444.44,,False,True,True,4L,,,
mfir,444.44,,False,True,True,4L,,,
mnab,444.44,,False,True,True,4L,,,
ijtv,444.44,ijit tv [idiot tevevision],False,True,True,4L,,,
xn--3k8h1a,,,False,True,True,PUNY_IDNA,🎱🎣,,
xrpaustralia,22.0,,False,True,True,,,,
ephemerama,77.0,,False,True,True,,,,
espan,222.0,[short Español] |Enhanced Switched Port Analyzer (Cisco) | Electronic and Small Press Authors' Network (Romance Writers of America),False,True,True,5L,,,
xn--nm8h1t,,,False,True,True,PUNY_IDNA,🔗🏙,,
asianeye,55.0,,False,True,True,,,,
ebbk,444.44,big\fat ebook [or .. tide goes out a kay lol],False,True,True,4L,,,
orgq,444.44,orgy queue,False,True,True,4L,,,
xn--94qv64c,,,False,True,True,"PUNY_IDNA,CJK",未免,Chinese/Japanese/Korean,Unavoidable
mylookout,11.0,,False,True,True,,,,
kvhz,444.44,4char electrical notation [KiloVolt Hertz],False,True,True,4L,,,
yphu,44.0,,False,True,True,4L,,,
sayy,444.44,,False,True,True,4L,,,
cilk,1234.56,,False,True,True,4L,,,
mmft,444.44,,False,True,True,4L,,,
moaj,444.44,,False,True,True,4L,,,
mbkf,444.44,,False,True,True,4L,,,
mrnu,444.44,,False,True,True,4L,,,
mxes,444.44,,False,True,True,4L,,,
mxfb,444.44,,False,True,True,4L,,,
mjob,444.44,,False,True,True,4L,,,
mjoe,444.44,,False,True,True,4L,,,
mjox,444.44,,False,True,True,4L,,,
mwho,444.44,,False,True,True,4L,,,
mdue,444.44,,False,True,True,4L,,,
mdud,444.44,,False,True,True,4L,,,
mgwu,444.44,,False,True,True,4L,,,
ynmi,44.0,,False,True,True,4L,,,
mnap,444.44,,False,True,True,4L,,,
icav,444.44,,False,True,True,4L,,,
melbourneit,222.0,,False,True,True,,,,
xn--ltr54y,,,False,True,True,"PUNY_IDNA,CJK",性命,Chinese/Japanese/Korean,life
xn--idk9b,,,False,True,True,"PUNY_IDNA,Japanese",ニュ,Japanese,New
isurgir,55.0,PT 'arise',False,True,True,,,,
meditateandbreathe,22.22,,False,True,True,,,,
buggerie,22.22,,False,True,True,,,,
zillionnaire,55.0,,False,True,True,,,,
aievolves,55.55,,False,True,True,,,,
tsmy,444.44,,False,True,True,4L,,,
tsmr,444.44,,False,True,True,4L,,,
pesk,444.44,,False,True,True,4L,,,
tvea,444.44,,False,True,True,4L,,,
trrz,444.44,,False,True,True,4L,,,
peuu,444.44,,False,True,True,4L,,,
tvew,444.44,,False,True,True,4L,,,
nftsgirl,33.0,,False,True,True,,,,
sh1ts,44.0,,False,True,True,5C,,,
tdld,444.44,,False,True,True,4L,,,
xn--nft-eza,,,False,True,True,"PUNY_IDNA,European",nftś,European (Latin Extended),nftś
tsmo,444.0,,False,True,True,4L,,,
rrbt,444.44,,False,True,True,4L,,,
tvem,444.44,,False,True,True,4L,,,
jond,444.44,,False,True,True,4L,,,
zvuu,44.0,,False,True,True,4L,,,
zxif,44.0,,False,True,True,4L,,,
ate88,888.0,,False,True,True,5C,,,
xn--look,,,False,True,True,PUNY_IDNA,䕳䕸,,
xbbq,555.55,,False,True,True,4L,,,
xyji,44.0,,False,True,True,4L,,,
xehn,444.44,,False,True,True,4L,,,
hucx,1234.0,,False,True,True,4L,,,
nvyr,444.44,,False,True,True,4L,,,
qsks,444.44,q asks .. asks questions,False,True,True,4L,,,
wayy,444.44,,False,True,True,4L,,,
xdag,444.44,,False,True,True,4L,,,
hamuk,99.0,phonetic 'hammock',False,True,True,5L,,,
oyic,444.44,,False,True,True,4L,,,
fomomofos,111.0,,False,True,True,,,,
catspaws,555.0,,False,True,True,,,,
xn--ss8hpz,,,False,True,True,PUNY_IDNA,🙈💰,,
smallwhale,333.0,,False,True,True,,,,
qsld,444.44,qld sld,False,True,True,4L,,,
lookatmynft,25.0,,False,True,True,,,,
eurue,44.0,List the things that the EU rue!,False,True,True,5L,,,
froots,333.0,[fruits],False,True,True,,,,
wikisage,22.0,,False,True,True,,,,
ubjw,444.44,You BE JW,False,True,True,4L,,,
photofacts,222.0,,False,True,True,,,,
globallynomadic,22.0,,False,True,True,,,,
ehehe,44.0,,False,True,True,5L,,,
myaym,55.0,my aim,False,True,True,5L,,,
weof,444.44,,False,True,True,4L,,,
xn--le5bt3b,,,False,True,True,PUNY_IDNA,이안,,
nzhs,444.44,,False,True,True,4L,,,
photodojo,444.0,,False,True,True,,,,
nvem,444.44,envy 'em,False,True,True,4L,,,
pedrose,69.0,,False,True,True,,,,
kiitana,69.0,,False,True,True,,,,
yoiu,44.0,,False,True,True,4L,,,
romanroad,77.0,,False,True,True,,,,
ziesar,22.0,,False,True,True,,,,
hongki,44.0,phonetic 'honky',False,True,True,,,,
ruzhdi,44.0,Albanian 'Rushdie' [https://en.wikipedia.org/wiki/Salman_Rushdie],False,True,True,,,,
gauni,44.0,Swahili 'gown',False,True,True,5L,,,
chainrek,22.0,,False,True,True,,,,
usdsos,22.0,US Dollar (USD) \ Somali Shilling (SOS) [Notation],False,True,True,,,,
pivt,444.44,,False,True,True,4L,,,
xn--85bhk3j,,,False,True,True,PUNY_IDNA,বন্য,,
xn--r5b8b8bj,,,False,True,True,PUNY_IDNA,গাভী,,
mufin,77.0,phonetic 'muffin',False,True,True,5L,,,
elmac,22.0,,False,True,True,5L,,,
greycos,22.0,,False,True,True,,,,
imrah,22.0,,False,True,True,5L,,,
festivalist,22.0,,False,True,True,,,,
utkur,11.0,,False,True,True,5L,,,
tincanblues,22.0,,False,True,True,,,,
herblot,22.0,,False,True,True,,,,
labyrinthos,22.0,,False,True,True,,,,
toskas,22.0,,False,True,True,,,,
serbis,22.0,,False,True,True,,,,
gohare,22.0,,False,True,True,,,,
reedah,22.0,,False,True,True,,,,
prayas,22.0,,False,True,True,,,,
majiko,22.0,,False,True,True,,,,
trigolo,22.0,,False,True,True,,,,
pritty,22.0,,False,True,True,,,,
funodd,22.0,,False,True,True,,,,
devle,11.0,,False,True,True,5L,,,
toplot,22.0,,False,True,True,,,,
celeres,22.0,,False,True,True,,,,
fauzen,11.0,,False,True,True,,,,
grezin,22.0,,False,True,True,,,,
segonds,22.0,,False,True,True,,,,
dipha,11.0,,False,True,True,5L,,,
xn--2w2b155a,,KO ‘tsar’,False,True,True,PUNY_IDNA,차르,,
px__xq,22.0,,False,True,True,,,,
saluh,22.0,,False,True,True,5L,,,
marmoz,22.0,,False,True,True,,,,
medeus,22.0,,False,True,True,,,,
atimise,11.0,,False,True,True,,,,
brilo,22.0,,False,True,True,5L,,,
isavi,22.0,,False,True,True,5L,,,
dokrat,22.0,,False,True,True,,,,
wondah,22.0,,False,True,True,,,,
ensmind,22.0,,False,True,True,,,,
tardan,11.0,,False,True,True,,,,
hyart,22.0,,False,True,True,5L,,,
theriez,33.0,,False,True,True,,,,
eversham,22.0,,False,True,True,,,,
xn--hmf,,,False,True,True,PUNY_IDNA,ᨘ,,
allfact,22.0,,False,True,True,,,,
lowage,22.0,,False,True,True,,,,
primetip,22.0,,False,True,True,,,,
siguret,22.0,,False,True,True,,,,
anypain,22.0,,False,True,True,,,,
daouia,11.0,,False,True,True,,,,
ernar,22.0,,False,True,True,5L,,,
blood-sausage,11.0,,False,True,True,,,,
kthrash,22.0,,False,True,True,,,,
sunsetride,33.0,,False,True,True,,,,
amwongg,11.0,,False,True,True,,,,
oronas,22.0,,False,True,True,,,,
sewah,22.0,,False,True,True,5L,,,
vsjpqasq6hn5bckx6ptohyhf54virvpbi4577ra6fumq4ri7mrca,,,False,True,True,,,,
crzghcsjz2cwpxfgluhfdp5uvhffhsgvlfj3nxywpksrc7ve5dqa,,,False,True,True,,,,
xn--r8j6a8h,,,False,True,True,"PUNY_IDNA,Japanese",えもじ,Japanese,Emoji
xn--cekaa,,,False,True,True,"PUNY_IDNA,Japanese",ヨヨヨ,Japanese,Yoyoyo
egerritzen,11.0,,False,True,True,,,,
htjoepo376i4q546bdr652w6yik3e63767a3us2wt7hxdtet4uta,,,False,True,True,,,,
artpsycho,22.0,,False,True,True,,,,
mulletsfishcamp,22.0,,False,True,True,,,,
xn--koa00ik53b,,,False,True,True,"PUNY_IDNA,Cyrillic",ɴғᴛ,Cyrillic (Russian/Ukrainian),ɴғᴛ
happy21st,,,False,True,True,,,,
loanwhale,55.0,,False,True,True,,,,
rerolle,22.0,,False,True,True,,,,
pechenet,22.0,,False,True,True,,,,
buildsolar,22.0,,False,True,True,,,,
kompus,22.0,,False,True,True,,,,
farizon,22.0,,False,True,True,,,,
guiddir,22.0,,False,True,True,,,,
fabtec,22.0,,False,True,True,,,,
nznznz,,,False,True,True,,,,
shitheap,22.0,,False,True,True,,,,
euromade,22.0,,False,True,True,,,,
namewisdom,22.0,,False,True,True,,,,
xn--zz-dh3c,,,False,True,True,"PUNY_IDNA,CJK",任zz,Chinese/Japanese/Korean,Ren zz
cloudokids,22.0,,False,True,True,,,,
hahaquan,11.0,,False,True,True,,,,
awesomemaxim,11.0,,False,True,True,,,,
certech,22.0,,False,True,True,,,,
statcorner,22.0,,False,True,True,,,,
justgeneric,22.0,,False,True,True,,,,
spacemanyang,22.0,,False,True,True,,,,
bboying,22.0,,False,True,True,,,,
healersathome,22.0,,False,True,True,,,,
toxinfo,22.0,,False,True,True,,,,
xn--5gqr5yss2a,222.0,CH\ZH ‘ding rice,False,True,True,"PUNY_IDNA,CJK",丁大米,Chinese/Japanese/Korean,Ding rice
xn--ihqur60ar5y,,,False,True,True,"PUNY_IDNA,CJK",今天不信,Chinese/Japanese/Korean,I don’t believe it today
crewnow,22.0,,False,True,True,,,,
deficalendar,22.0,,False,True,True,,,,
xn--fiq23l18g,,,False,True,True,"PUNY_IDNA,CJK",安可中,Chinese/Japanese/Korean,Anka middle school
savagekingdom,22.0,,False,True,True,,,,
mywreck,22.0,,False,True,True,,,,
allmugs,22.0,,False,True,True,,,,
xn--qrq961b,,,False,True,True,"PUNY_IDNA,CJK",怂佳,Chinese/Japanese/Korean,Cowardly
onebadday,22.0,,False,True,True,,,,
xn--4gqra70b,3210.0,CH\ZH ‘3 2 1’,False,True,True,"PUNY_IDNA,CJK",三二一,Chinese/Japanese/Korean,three two one
eatsshootsandleaves,22.0,,False,True,True,,,,
wafflings,22.0,,False,True,True,,,,
freeeeak,22.0,,False,True,True,,,,
nativeseed,22.0,,False,True,True,,,,
goodbasics,22.0,,False,True,True,,,,
bestdealtoday,22.0,,False,True,True,,,,
justgoodthings,22.0,,False,True,True,,,,
jobofwork,22.0,,False,True,True,,,,
craftgenius,22.0,,False,True,True,,,,
thrillbox,22.0,,False,True,True,,,,
xn--chq2c4jaa705e,,,False,True,True,"PUNY_IDNA,CJK",十万个买买买,Chinese/Japanese/Korean,One hundred thousand buy buy buy
monki,222.0,,False,True,True,5L,,,
carryshit,22.0,,False,True,True,,,,
findigo,22.0,,False,True,True,,,,
xn--4gq537o9vbc6b,,,False,True,True,"PUNY_IDNA,CJK",驼一阵风,Chinese/Japanese/Korean,Camel gust of wind
xn--fiqrep10a7ue,,,False,True,True,"PUNY_IDNA,CJK",学习中国,Chinese/Japanese/Korean,Learn from China
slybris,22.0,,False,True,True,,,,
xn--69qa8270d,,,False,True,True,"PUNY_IDNA,CJK",龙凹凹,Chinese/Japanese/Korean,Long Ao Ao
canihavethat,22.0,,False,True,True,,,,
ruincrypto,22.0,,False,True,True,,,,
costumemania,22.0,,False,True,True,,,,
memetales,22.0,,False,True,True,,,,
contagiousabortion,11.0,,False,True,True,,,,
thousandsuns,22.0,,False,True,True,,,,
kingdomchairs,22.0,,False,True,True,,,,
meditime,22.0,,False,True,True,,,,
futurepack,22.0,,False,True,True,,,,
xn--3bs63j2w3c,,,False,True,True,"PUNY_IDNA,CJK",团小课,Chinese/Japanese/Korean,Group class
pacificwine,22.0,,False,True,True,,,,
xn--rsss09j,,,False,True,True,"PUNY_IDNA,CJK",天逆,Chinese/Japanese/Korean,Heaven's Rebellion
lookinmypc,22.0,,False,True,True,,,,
subworx,22.0,,False,True,True,,,,
brandget,22.0,,False,True,True,,,,
nftjail,22.0,,False,True,True,,,,
nftsilo,22.0,,False,True,True,,,,
prettyontheinside,22.0,,False,True,True,,,,
funnycrypto,22.0,,False,True,True,,,,
cryptospare,22.0,,False,True,True,,,,
reusedefi,22.0,,False,True,True,,,,
raisedefi,22.0,,False,True,True,,,,
dwarfnft,22.0,,False,True,True,,,,
biddingworks,22.0,,False,True,True,,,,
xn--prrz31l,,,False,True,True,"PUNY_IDNA,CJK",遥吻,Chinese/Japanese/Korean,distant kiss
xn--9dbr0a,,,False,True,True,"PUNY_IDNA,Hebrew",קמו,Hebrew,get up
dog-weary,22.0,,False,True,True,,,,
bligation,22.0,,False,True,True,,,,
ouratlas,22.0,,False,True,True,,,,
voidnft,22.0,,False,True,True,,,,
monkeyyoga,22.0,,False,True,True,,,,
matchwedding,22.0,,False,True,True,,,,
xn--gmq182bese,,,False,True,True,"PUNY_IDNA,CJK",无心人,Chinese/Japanese/Korean,careless person
conefrens,22.0,,False,True,True,,,,
cryptoruin,22.0,,False,True,True,,,,
naturewellbeing,22.0,,False,True,True,,,,
silonft,22.0,,False,True,True,,,,
xn--45qqoj7c44m,,,False,True,True,"PUNY_IDNA,CJK",八分君子,Chinese/Japanese/Korean,Eight-point gentleman
nipplebanana,22.0,,False,True,True,,,,
xn--lcy850f,,,False,True,True,"PUNY_IDNA,CJK",玩风,Chinese/Japanese/Korean,Play with the wind
nongisnong,22.0,,False,True,True,,,,
xn--dvso25e,,,False,True,True,"PUNY_IDNA,CJK",妄祁,Chinese/Japanese/Korean,Wanqi
thegeekchic,22.0,,False,True,True,,,,
yourbestbud,22.0,,False,True,True,,,,
gelded,55.0,,False,True,True,,,,
tao-yin,33.0,,False,True,True,,,,
dwebshare,22.0,,False,True,True,,,,
xn--g77hwa02n,,,False,True,True,PUNY_IDNA,🐋🇨🇳,,
lunarphase,222.0,,False,True,True,,,,
mothballnft,22.0,,False,True,True,,,,
xn--qeiz367mmba,,,False,True,True,PUNY_IDNA,❤🇸🇨,,
xn--g23a,,,False,True,True,"PUNY_IDNA,CJK",輟,Chinese/Japanese/Korean,turret
fux4,222.0,,False,True,True,4C,,,
xn--yvhej,,,False,True,True,PUNY_IDNA,⓶⓸⓻,,
v101,44.0,,False,True,True,4C,,,
xn--u71h4a,,,False,True,True,PUNY_ALT,𝕀𝕏,,
yourfortune,22.0,,False,True,True,,,,
noteat,22.0,,False,True,True,,,,
xn--qn8h4ik0a,,,False,True,True,PUNY_IDNA,🖖🏿💎,,
birdlime,22.0,,False,True,True,,,,
conductasurvey,22.0,,False,True,True,,,,
motheranddaughter,22.0,,False,True,True,,,,
dslrtripod,22.0,,False,True,True,,,,
cryptotwist,22.0,,False,True,True,,,,
xn--00w46q,333.0,CH\ZH ‘white’,False,True,True,"PUNY_IDNA,CJK",浮白,Chinese/Japanese/Korean,white
xn--qn8h4iq8b,,,False,True,True,PUNY_IDNA,🙌🏿💎,,
xn--qn8h4ih0j,,,False,True,True,PUNY_IDNA,🤙🏿💎,,
usualcrypto,22.0,,False,True,True,,,,
mooctochina,22.0,,False,True,True,,,,
xn--4gqu4ltz1b,,,False,True,True,"PUNY_IDNA,CJK",一程又,Chinese/Japanese/Korean,another journey
healthdocs,22.0,,False,True,True,,,,
xn--qei4438muga,,,False,True,True,PUNY_IDNA,❤👌🏿,,
xn--g02a,,,False,True,True,"PUNY_IDNA,CJK",訐,Chinese/Japanese/Korean,訐
pricedefi,22.0,,False,True,True,,,,
xn--4qsveow,,,False,True,True,"PUNY_IDNA,CJK",姜大声,Chinese/Japanese/Korean,Jiang DaDaSheng
xn--uxqy9saa,,,False,True,True,"PUNY_IDNA,CJK",大大大偉,Chinese/Japanese/Korean,大大大偉
no-mad,22.0,,False,True,True,,,,
xn--x8t30ksr4c,,,False,True,True,"PUNY_IDNA,CJK",风无怨,Chinese/Japanese/Korean,Feng Wuyuan
xn--p5t330d,,,False,True,True,"PUNY_IDNA,CJK",德稻,Chinese/Japanese/Korean,DeTao
grooveon,22.0,,False,True,True,,,,
xn--fiq92vjza28m9wtsyo,,,False,True,True,"PUNY_IDNA,CJK",天堂中的平民,Chinese/Japanese/Korean,civilians in heaven
xn--tfr361du9f,,,False,True,True,"PUNY_IDNA,CJK",沈力男,Chinese/Japanese/Korean,Shen Liman
goldsilverstandard,22.0,,False,True,True,,,,
sunseason,22.0,,False,True,True,,,,
blowagasket,22.0,,False,True,True,,,,
teaorange,,,False,True,True,,,,
mapactive,22.0,,False,True,True,,,,
webmeal,22.0,,False,True,True,,,,
earthgleam,22.0,,False,True,True,,,,
surftips,55.0,,False,True,True,,,,
wyciwyg,22.0,,False,True,True,,,,
catboat,22.0,,False,True,True,,,,
stonerpal,22.0,,False,True,True,,,,
catpros,22.0,,False,True,True,,,,
hisnibs,22.0,,False,True,True,,,,
catmood,22.0,,False,True,True,,,,
catkat,22.0,,False,True,True,,,,
catluck,22.0,,False,True,True,,,,
solardeity,33.0,,False,True,True,,,,
twobob,22.0,,False,True,True,,,,
poshcats,22.0,,False,True,True,,,,
pimpmylife,22.0,,False,True,True,,,,
icerescue,22.0,,False,True,True,,,,
2070ad,22.0,,False,True,True,,,,
2060ad,22.0,,False,True,True,,,,
2040ad,22.0,,False,True,True,,,,
2080ad,22.0,,False,True,True,,,,
guypics,55.0,,False,True,True,,,,
linuks,222.0,,False,True,True,,,,
showcat,22.0,,False,True,True,,,,
catcrew,22.0,,False,True,True,,,,
peacecats,22.0,,False,True,True,,,,
catgems,22.0,,False,True,True,,,,
catbits,22.0,,False,True,True,,,,
nudedudes,22.0,,False,True,True,,,,
2050ad,22.0,,False,True,True,,,,
cattek,22.0,,False,True,True,,,,
catdivas,22.0,,False,True,True,,,,
divacat,22.0,,False,True,True,,,,
catbites,22.0,,False,True,True,,,,
catgeek,22.0,,False,True,True,,,,
catdiva,22.0,,False,True,True,,,,
egosurf,55.0,,False,True,True,,,,
homebasic,22.0,,False,True,True,,,,
econowork,22.0,,False,True,True,,,,
soundgem,55.0,,False,True,True,,,,
purrjoy,22.0,,False,True,True,,,,
litlove,33.0,,False,True,True,,,,
catbond,22.0,,False,True,True,,,,
jawa,,,True,False,True,4L,,,
700101,22.0,,False,True,True,6D,,,
tvpool,,,False,True,True,,,,
boatdeck,,,False,True,True,,,,
keptman,,,False,True,True,,,,
mygrane,,,False,True,True,,,,
epicwit,,,False,True,True,,,,
beltandroadinitiative,11.0,,False,True,True,,,,
bidblitz,,,False,True,True,,,,
basicpets,,,False,True,True,,,,
barnap,,,False,True,True,,,,
lowgear,,,False,True,True,,,,
barbituism,,,False,True,True,,,,
shedcar,,,False,True,True,,,,
hisgirl,,,False,True,True,,,,
xn--9g8hit,10.0,,False,True,True,PUNY_IDNA,🌝👑,,
01011970,10.0,,False,True,True,,,,
13572468,22.0,,False,True,True,,,,
hashrunes,10.0,,False,True,True,,,,
handshaketothemoon,556.0,,False,True,True,,,,
19700101,11.0,,False,True,True,,,,
24680,111.0,,False,True,True,5D,,,
010170,10.0,,False,True,True,6D,,,
seperate,,,False,True,True,,,,
inslowmo,,,False,True,True,,,,
bacchic,,,False,True,True,,,,
xn--45q11cm41a,8.0,,False,True,True,"PUNY_IDNA,CJK",八卦掌,Chinese/Japanese/Korean,Baguazhang
xn--h4h2510o,10.0,,False,True,True,PUNY_IDNA,☠👑,,
badkarma,11.0,,False,True,True,,,,
goodkarma,11.0,,False,True,True,,,,
xn--2p8h3c,11.0,,False,True,True,PUNY_IDNA,💀👑,,
xn--5p9hga,11.0,,False,True,True,PUNY_IDNA,🤝🤠,,
xn--2me,55.0,,False,True,True,PUNY_IDNA,ᕤ,,
0xusa,,,False,True,True,5C,,,
xn--g77ha6ab282g,88.0,,False,True,True,PUNY_IDNA,🇨🇳🤝🇨🇳,,
apes3d,77.0,,False,True,True,,,,
xn--8ov0180g,88.0,,False,True,True,"PUNY_IDNA,CJK",🧧有,Chinese/Japanese/Korean,🧧Yes
xn--m77hqa322a,,,False,True,True,PUNY_IDNA,😃🇮🇶,,
xn--m77hd242a,,,False,True,True,PUNY_IDNA,😃🇰🇮,,
xn--m77hga832a,,,False,True,True,PUNY_IDNA,😃🇮🇱,,
xn--m77hia532a,,,False,True,True,PUNY_IDNA,😃🇮🇲,,
xn--v77hga112a,,,False,True,True,PUNY_IDNA,😃🇷🇺,,
xn--g5h3270o,,,False,True,True,PUNY_IDNA,😃♂,,
xn--i77h6a30v,,,False,True,True,PUNY_IDNA,😃🇪🇺,,
xn--m77hwa412a,,,False,True,True,PUNY_IDNA,😃🇮🇹,,
xn--h77hja842a,,,False,True,True,PUNY_IDNA,😃🇮🇩,,
xn--m77hsa022a,,,False,True,True,PUNY_IDNA,😃🇮🇷,,
xn--vg8hh1c,,,False,True,True,PUNY_IDNA,😃🌏,,
xn--tg8hl1c,,,False,True,True,PUNY_IDNA,😃🌍,,
xn--ug8hj1c,,,False,True,True,PUNY_IDNA,😃🌎,,
xn--t77hia412a,,,False,True,True,PUNY_IDNA,😃🇵🇹,,
xn--p77hd332a,,,False,True,True,PUNY_IDNA,😃🇳🇱,,
xn--m77hma922a,,,False,True,True,PUNY_IDNA,😃🇮🇴,,
xn--e5h7270o,,,False,True,True,PUNY_IDNA,😃♀,,
xn--9o8h12a,,,False,True,True,PUNY_IDNA,😃🐵,,
xn--h77h5a70v,,,False,True,True,PUNY_IDNA,😃🇹🇩,,
xn--v77hd512a,,,False,True,True,PUNY_IDNA,😃🇹🇷,,
xn--s77hja512a,,,False,True,True,PUNY_IDNA,😃🇹🇴,,
xn--x77ha412a,,,False,True,True,PUNY_IDNA,😃🇹🇹,,
xn--e77hiby7p,11.0,,False,True,True,PUNY_IDNA,🇦🇺🖕,,
seisan,111.0,,False,True,True,,,,
fuhren,11.0,,False,True,True,,,,
anonone,9.0,,False,True,True,,,,
xn--11bug7bu8bwg8ang,55.0,,False,True,True,"PUNY_IDNA,Hindi",स्केटबोर्ड,Devanagari (Hindi),skateboard
abau,77.0,,False,True,True,4L,,,
ryougae,222.0,,False,True,True,,,,
goldenen,11.0,,False,True,True,,,,
addresso,11.0,,False,True,True,,,,
karmabet,11.0,,False,True,True,,,,
xn--e77hibw7p,222.0,,False,True,True,PUNY_IDNA,🖕🇦🇺,,
0xtax,,,False,True,True,5C,,,
0xvc,,,False,True,True,4C,,,
truistic,,,False,True,True,,,,
apatetic,,,False,True,True,,,,
xn--2p8h4c,11.0,,False,True,True,PUNY_IDNA,👑💀,,
wvim,,,False,True,True,4L,,,
faxt,,,False,True,True,4L,,,
warw,,,False,True,True,4L,,,
uggb,,,False,True,True,4L,,,
annualsailingtrip,,,False,True,True,,,,
ontheqt,,,False,True,True,,,,
xn--uvz,,,False,True,True,"PUNY_IDNA,CJK",笔,Chinese/Japanese/Korean,Pen
abcdiners,22.0,,True,True,True,,,,
dinersabc,,,False,True,True,,,,
dinerabc,,,False,True,True,,,,
rugowner,,,False,True,True,,,,
arsit,,,False,True,True,5L,,,
orthx,,,False,True,True,5L,,,
ripz,,,False,False,True,4L,,,
ribx,,,False,True,True,4L,,,
etsgo,,,False,True,True,5L,,,
tvlaw,,,False,True,True,5L,,,
itlooksrare,,,False,True,True,,,,
zdddz,,,False,True,True,5L,,,
xn--kis,,,False,True,True,"PUNY_IDNA,CJK",埄,Chinese/Japanese/Korean,埄
goldsite,,,False,True,True,,,,
beastepic,,,False,True,True,,,,
xn--r28hma,,,False,True,True,PUNY_IDNA,😍😓,,
xn--r28hoc,,,False,True,True,PUNY_IDNA,😍😴,,
xn--r28hnc,,,False,True,True,PUNY_IDNA,😴😍,,
xn--g08h0f,,,False,True,True,PUNY_IDNA,🖼😙,,
xn--g08hzf,,,False,True,True,PUNY_IDNA,😙🖼,,
xn--g08h1f,,,False,True,True,PUNY_IDNA,😚🖼,,
xn--g08h2f,,,False,True,True,PUNY_IDNA,🖼😚,,
xn--r28hh8c,,,False,True,True,PUNY_IDNA,🥱😍,,
xn--r28hwb,,,False,True,True,PUNY_IDNA,😍😨,,
xn--r28hgb,,,False,True,True,PUNY_IDNA,😍😠,,
xn--r28hpb,,,False,True,True,PUNY_IDNA,😥😍,,
xn--r28hvb,,,False,True,True,PUNY_IDNA,😨😍,,
xn--r28hi8c,,,False,True,True,PUNY_IDNA,😍🥱,,
xn--r28hfb,,,False,True,True,PUNY_IDNA,😠😍,,
entric,,,False,True,True,,,,
leschats,,,False,True,True,,,,
eslaw,,,False,True,True,5L,,,
encer,,,False,True,True,5L,,,
eremy,,,False,True,True,5L,,,
izlaw,,,False,True,True,5L,,,
domainsau,,,False,True,True,,,,
copycatnft,,,False,True,True,,,,
nzdefi,,,False,True,True,,,,
sunsout,,,False,True,True,,,,
xn--zt8hzb,,,False,True,True,PUNY_IDNA,📷📚,,
dwebstat,,,False,True,True,,,,
apisweb,,,False,True,True,,,,
uimenu,,,False,True,True,,,,
iknow,,,False,True,True,5L,,,
xn--24x,,,False,True,True,"PUNY_IDNA,CJK",狅,Chinese/Japanese/Korean,狅
xn--zoq,,,False,True,True,"PUNY_IDNA,CJK",伓,Chinese/Japanese/Korean,伓
365health,,,False,True,True,,,,
aaalife,,,False,True,True,,,,
abcloudz,,,False,True,True,,,,
ageright,,,False,True,True,,,,
airside,,,False,True,True,,,,
kwyt,222.0,[quit/e],True,True,True,4L,,,
cardhatch,,,False,True,True,,,,
ivegotit,,,False,True,True,,,,
xn--e18h0m,,,False,True,True,PUNY_IDNA,🗝🚪,,
xn--flq,,,False,True,True,"PUNY_IDNA,CJK",亖,Chinese/Japanese/Korean,俖
hi.sname,,,False,True,False,,,,
thi.sname,,,False,True,False,,,,
xn--e77hib.xn--nn8hc254cfa,,,False,True,True,PUNY_IDNA,🇦🇺.🫱🏼🫲🏽,,
hn.sname,,,False,True,True,,,,
hns.xn--nn8hc254cfa,,,False,True,True,,,,
yay.iknow,,,False,True,True,,,,
no.trolling,,,False,True,True,,,,
