domain,unicode,tags,price,description,for_sale,personal_store,auto_renew
10170,,,10,,TRUE,TRUE,TRUE
24680,,,111,,TRUE,TRUE,TRUE
700101,,,700101,,TRUE,TRUE,TRUE
1011970,,,10,,TRUE,TRUE,TRUE
13572468,,,1122,,TRUE,TRUE,TRUE
19700101,,,11,700101,TRUE,TRUE,TRUE
10100111001,,,7331,binary of 1337 decimal [leet = elite],TRUE,TRUE,TRUE
000acr,,,99,ooo's of acres [for sale],TRUE,TRUE,TRUE
00no,,,222,oooohh nooo...!\n Get https://www.namebase.io/domains/onoo too!,TRUE,TRUE,TRUE
00zy,,,55,ooozy :-) slime!,TRUE,TRUE,TRUE
0level,,,55,,TRUE,TRUE,TRUE
0x00club,,,222,,TRUE,TRUE,TRUE
0xtax,,,,[kath],FALSE,FALSE,TRUE
0xusa,,,222,,TRUE,TRUE,TRUE
0xvc,,,1234,,TRUE,TRUE,TRUE
1000words,,,1111,Just picture it .....!,TRUE,TRUE,TRUE
2040ad,,,22,,TRUE,TRUE,TRUE
2050ad,,,22,,TRUE,TRUE,TRUE
2060ad,,,22,,TRUE,TRUE,TRUE
2070ad,,,22,,TRUE,TRUE,TRUE
2080ad,,,22,,TRUE,TRUE,TRUE
247w3,,,111,,TRUE,TRUE,TRUE
2finity,,,22,,TRUE,TRUE,TRUE
365health,,,444,,FALSE,FALSE,TRUE
4zen,,,444,,TRUE,TRUE,TRUE
52-cardpickup,,,52,,TRUE,TRUE,TRUE
696-696,,,22,,TRUE,TRUE,TRUE
6gun,,,666,,TRUE,TRUE,TRUE
7two7,,,22,,TRUE,TRUE,TRUE
aaalife,,,222,,FALSE,FALSE,TRUE
aac1,,,1234,,TRUE,TRUE,TRUE
abau,,,77,,TRUE,TRUE,TRUE
abcdiners,,,22,,TRUE,TRUE,TRUE
abcloudz,,,22,,FALSE,FALSE,TRUE
abrogating,,,55,Now abrogating this domain .. care to take it off my hands..?,TRUE,TRUE,TRUE
acciontrabajo,,,11,ES action work,TRUE,TRUE,TRUE
activewager,,,22,,TRUE,TRUE,TRUE
adatao,,,22,,TRUE,TRUE,TRUE
addresso,,,11,,TRUE,TRUE,TRUE
adh4,,,1234,"Of course, anyone ADHD will hav realised the fourth letter is 'D' lol :-) !",TRUE,TRUE,TRUE
adu0,,,444,a Duo,TRUE,TRUE,TRUE
afo0,,,444,a Foo was 'ere :-),TRUE,TRUE,TRUE
afrostudio,,,22,,TRUE,TRUE,TRUE
agemoon,,,22,,TRUE,TRUE,TRUE
ageright,,,22,,FALSE,FALSE,TRUE
agiftforyou,,,55,,TRUE,TRUE,TRUE
aievolves,,,55,,TRUE,TRUE,TRUE
aiguides,,,222,,TRUE,TRUE,TRUE
aiquery,,,222,,TRUE,TRUE,TRUE
airpaper,,,55,,TRUE,TRUE,TRUE
airside,,,22,,FALSE,FALSE,TRUE
aklame,,,55,Haitian Creole 'acclaimed',TRUE,TRUE,TRUE
alienfistbump,,,11,,TRUE,TRUE,TRUE
allfact,,,22,,TRUE,TRUE,TRUE
allmugs,,,22,,TRUE,TRUE,TRUE
alphashake,,,33,,TRUE,TRUE,TRUE
altcoinfans,,,44,,TRUE,TRUE,TRUE
alwayslost,,,22,,TRUE,TRUE,TRUE
amazingpoetry,,,11,,TRUE,TRUE,TRUE
ambonga,,,11,,TRUE,TRUE,TRUE
amemelord,,,22,,TRUE,TRUE,TRUE
amemesia,,,22,"A disorder, where in which a person sends a meme to the same person again, or to whom initially showed them the same meme",TRUE,TRUE,TRUE
amibisexual,,,22,,TRUE,TRUE,TRUE
amwongg,,,11,,TRUE,TRUE,TRUE
andata,,,222,and data [OR .. IT 'gone'],TRUE,TRUE,TRUE
andudu,,,111,".. and doodoo .. well, wot a load of ..........!",TRUE,TRUE,TRUE
annualsailingtrip,,,,,FALSE,FALSE,TRUE
anonone,,,1111,,TRUE,TRUE,TRUE
anypain,,,22,,TRUE,TRUE,TRUE
apatetic,,,,,FALSE,FALSE,TRUE
apefriend,,,33,,TRUE,TRUE,TRUE
apes3d,,,333,,TRUE,TRUE,TRUE
apeshub,,,111,,TRUE,TRUE,TRUE
apesmint,,,22,,TRUE,TRUE,TRUE
apisweb,,,22,,TRUE,TRUE,TRUE
apktech,,,111,,TRUE,TRUE,TRUE
apologyvideo,,,22,,TRUE,TRUE,TRUE
app1a,,,22,,TRUE,TRUE,TRUE
appproposal,,,22,,TRUE,TRUE,TRUE
arcadeshop,,,22,,TRUE,TRUE,TRUE
archiex,,,22,,TRUE,TRUE,TRUE
arealmaps,,,11,,TRUE,TRUE,TRUE
arewehere,,,11,,TRUE,TRUE,TRUE
argolas,,,22,"PT ring, hoop, link",TRUE,TRUE,TRUE
arrieiro,,,11,Galician carrier,TRUE,TRUE,TRUE
arroiodaseca,,,11,PT stream-drought,TRUE,TRUE,TRUE
arsenal-fan,,,33,,TRUE,TRUE,TRUE
arsit,,,11,,TRUE,TRUE,TRUE
artgalley,,,33,,TRUE,TRUE,TRUE
artmajors,,,22,,TRUE,TRUE,TRUE
artofzoo,,,55,,TRUE,TRUE,TRUE
artpsycho,,,22,,TRUE,TRUE,TRUE
artutor,,,44,,TRUE,TRUE,TRUE
asianextension,,,11,,TRUE,TRUE,TRUE
asianeye,,,55,,TRUE,TRUE,TRUE
asiansupplies,,,55,,TRUE,TRUE,TRUE
ask8ball,,,111,,TRUE,TRUE,TRUE
asktheinternet,,,222,,TRUE,TRUE,TRUE
assassassin,,,22,,TRUE,TRUE,TRUE
assassina,,,22,,TRUE,TRUE,TRUE
astrodawn,,,55,,TRUE,TRUE,TRUE
astronews,,,66,,TRUE,TRUE,TRUE
ate88,,,888,,TRUE,TRUE,TRUE
atimise,,,11,,TRUE,TRUE,TRUE
aussiemuscle,,,555,,TRUE,TRUE,TRUE
australianmuscle,,,555,,TRUE,TRUE,TRUE
autospecialties,,,11,,TRUE,TRUE,TRUE
avogadrian,,,22,,TRUE,TRUE,TRUE
awesomemaxim,,,11,,TRUE,TRUE,TRUE
awetastic,,,22,,TRUE,TRUE,TRUE
axinim,,,22,axin' 'im [giving him the boot\sack],TRUE,TRUE,TRUE
azevedosodre,,,22,PT sourdough,TRUE,TRUE,TRUE
aztecmask,,,22,,TRUE,TRUE,TRUE
b4buy,,,22,,TRUE,TRUE,TRUE
baba-jaga,,,22,,TRUE,TRUE,TRUE
babywagon,,,22,,TRUE,TRUE,TRUE
bacchic,,,22,,TRUE,TRUE,TRUE
badburger,,,33,,TRUE,TRUE,TRUE
badkarma,,,11,,TRUE,TRUE,TRUE
badneck,,,22,,TRUE,TRUE,TRUE
bagaco,,,222,bag a co [grab a company] \ PT 'brandy',TRUE,TRUE,TRUE
baiabranca,,,22,PT white bay,TRUE,TRUE,TRUE
bamnia,,,22,"Jhabua district, Madhya Pradesh, India",TRUE,TRUE,TRUE
banagram,,,22,,TRUE,TRUE,TRUE
bananapocket,,,22,"Town in Whitsunday (Queensland) is a town in Australia ... or .. is that a banana in your pocket, or are you just glad to see me...?",TRUE,TRUE,TRUE
banbaria,,,22,,TRUE,TRUE,TRUE
bangaroo,,,444,Just don't ask awkward questions.......!,FALSE,FALSE,TRUE
barbituism,,,,,FALSE,FALSE,TRUE
bardish,,,55,,TRUE,TRUE,TRUE
barnaclebob,,,11,"An octopus from the Freddi Fish series; he always says everything in rhyme.... OR .... A celebrity living among a group of people, unknown.",TRUE,TRUE,TRUE
barnap,,,22,,TRUE,TRUE,TRUE
basicpets,,,22,,TRUE,TRUE,TRUE
bboying,,,22,,TRUE,TRUE,TRUE
beastepic,,,22,,TRUE,TRUE,TRUE
beefprice,,,111,,TRUE,TRUE,TRUE
beerfeast,,,22,,TRUE,TRUE,TRUE
beltandroadinitiative,,,11,china,TRUE,TRUE,TRUE
bestauthors,,,33,,TRUE,TRUE,TRUE
bestcoins,,,444,,TRUE,TRUE,TRUE
bestdealtoday,,,22,,TRUE,TRUE,TRUE
bestdishes,,,55,,TRUE,TRUE,TRUE
bestsoundtrack,,,11,,TRUE,TRUE,TRUE
bet-wins,,,22,,TRUE,TRUE,TRUE
betquit,,,55,,TRUE,TRUE,TRUE
betraders,,,22,,TRUE,TRUE,TRUE
biairdrop,,,22,,TRUE,TRUE,TRUE
bicyclegenerator,,,33,,TRUE,TRUE,TRUE
bidblitz,,,22,,TRUE,TRUE,TRUE
biddeston,,,22,"Rural town and locality in the Toowoomba Region, Queensland, Australia. In the 2016 census, Biddeston had a population of 284 people.",TRUE,TRUE,TRUE
biddingworks,,,22,,TRUE,TRUE,TRUE
bidonart,,,55,,TRUE,TRUE,TRUE
bigbell,,,22,,TRUE,TRUE,TRUE
bigbog,,,55,,TRUE,TRUE,TRUE
bighandshake,,,555,,TRUE,TRUE,TRUE
bikehazard,,,11,,TRUE,TRUE,TRUE
binaryarea,,,22,,TRUE,TRUE,TRUE
biologyforkids,,,22,,TRUE,TRUE,TRUE
birdlime,,,22,,TRUE,TRUE,TRUE
birthchip,,,44,,TRUE,TRUE,TRUE
birthdaybot,,,22,,TRUE,TRUE,TRUE
bitcoinstacker,,,111,,TRUE,TRUE,TRUE
blackflat,,,22,"coffee, or bitumen ... ?? :-)",TRUE,TRUE,TRUE
blackmount,,,111,,TRUE,TRUE,TRUE
blankbackground,,,11,,TRUE,TRUE,TRUE
bligation,,,22,,TRUE,TRUE,TRUE
blockcorp,,,1515,,TRUE,TRUE,TRUE
blood-sausage,,,11,,TRUE,TRUE,TRUE
bloodbone,,,111,,TRUE,TRUE,TRUE
bloodinstinct,,,22,,TRUE,TRUE,TRUE
blowagasket,,,22,,TRUE,TRUE,TRUE
blueknob,,,22,,TRUE,TRUE,TRUE
bluesartists,,,33,,TRUE,TRUE,TRUE
bluetoothearrings,,,11,,TRUE,TRUE,TRUE
bluetrips,,,22,,TRUE,TRUE,TRUE
bluffrock,,,22,,TRUE,TRUE,TRUE
bmxmag,,,55,,TRUE,TRUE,TRUE
boassa,,,99,PT 'goodness',TRUE,TRUE,TRUE
boatdeck,,,,,FALSE,FALSE,TRUE
bodgi,,,222,,TRUE,TRUE,TRUE
bogearth,,,11,,TRUE,TRUE,TRUE
boggyplain,,,11,,TRUE,TRUE,TRUE
bokowen,,,55,Polish sideways,TRUE,TRUE,TRUE
bolshoylog,,,22,"Botanical reserve of regional importance in Krasnensky District of the Belgorod Oblast, Russia.",TRUE,TRUE,TRUE
bongaverse,,,55,,TRUE,TRUE,TRUE
bookcircus,,,33,,TRUE,TRUE,TRUE
booksused,,,22,,TRUE,TRUE,TRUE
booktrain,,,22,,TRUE,TRUE,TRUE
bookyards,,,22,,TRUE,TRUE,TRUE
boot-leg,,,22,,TRUE,TRUE,TRUE
bootos,,,3333,boot OS,TRUE,TRUE,TRUE
boredaip,,,55,,TRUE,TRUE,TRUE
bosseye,,,555,In jamaica this word means looking or waiting for a bus; in trinidad it means looking or wanting to get punched [urbandictionary].,TRUE,TRUE,TRUE
boundaryrider,,,33,,TRUE,TRUE,TRUE
branchise,,,444,,TRUE,TRUE,TRUE
brandget,,,22,,TRUE,TRUE,TRUE
brilo,,,22,,TRUE,TRUE,TRUE
brokenigger,,,55,broke nigger | broken nigger,TRUE,TRUE,TRUE
bromised,,,22,bro promise[d],TRUE,TRUE,TRUE
brooklyntourism,,,22,,FALSE,FALSE,TRUE
bruijst,,,44,Dutch 'fizz',TRUE,TRUE,TRUE
btc_archive,,,666,,TRUE,TRUE,TRUE
btcprincess,,,444,,TRUE,TRUE,TRUE
btcsimilar,,,99,,TRUE,TRUE,TRUE
btcstockpile,,,111,,TRUE,TRUE,TRUE
bucketing,,,22,,TRUE,TRUE,TRUE
budslaw,,,22,,TRUE,TRUE,TRUE
buggerie,,,22,,TRUE,TRUE,TRUE
buidlweb3,,,33,,TRUE,TRUE,TRUE
buildmake,,,4444,,TRUE,TRUE,TRUE
buildsolar,,,22,,TRUE,TRUE,TRUE
bullride,,,333,,TRUE,TRUE,TRUE
bungenie,,,22,,TRUE,TRUE,TRUE
burnparty,,,22,,TRUE,TRUE,TRUE
bushmin,,,22,,TRUE,TRUE,TRUE
busyguru,,,22,,TRUE,TRUE,TRUE
buxcard,,,55,,TRUE,TRUE,TRUE
buyadrink,,,111,,TRUE,TRUE,TRUE
buzinanbi,,,11,PT 'horn horn',TRUE,TRUE,TRUE
buzingo,,,22,PT 'horn',TRUE,TRUE,TRUE
bychikha,,,22,,TRUE,TRUE,TRUE
byiv,,,444,by intravenous | In Vitro | _many_ [https://acronyms.thefreedictionary.com/IV],TRUE,TRUE,TRUE
bytecoinbroker,,,111,,TRUE,TRUE,TRUE
cafesito,,,44,ES 'little coffee',TRUE,TRUE,TRUE
cafespice,,,55,,TRUE,TRUE,TRUE
caioxo,,,90,"Portuguese, caio: ENGLISH, fall ..\n'get well soon' or 'kiss it better' :-) \n",TRUE,TRUE,TRUE
calendarjournal,,,22,,TRUE,TRUE,TRUE
californiagold,,,22,,TRUE,TRUE,TRUE
calligraphyart,,,55,,TRUE,TRUE,TRUE
campersusa,,,55,,TRUE,TRUE,TRUE
campervanusa,,,44,,TRUE,TRUE,TRUE
campingholiday,,,222,,FALSE,FALSE,TRUE
campingidea,,,22,,FALSE,FALSE,TRUE
campingplay,,,33,,TRUE,TRUE,TRUE
canadaworkvisa,,,222,,TRUE,TRUE,TRUE
canihavethat,,,22,,TRUE,TRUE,TRUE
cantori,,,555,IT 'singers',TRUE,TRUE,TRUE
carbonita,,,111,ES 'carbonite',TRUE,TRUE,TRUE
cardhatch,,,,t-,FALSE,FALSE,TRUE
carribeanislands,,,11111,carribean islands,TRUE,TRUE,TRUE
carryshit,,,22,,TRUE,TRUE,TRUE
carwifi,,,111,,TRUE,TRUE,TRUE
catbites,,,22,,TRUE,TRUE,TRUE
catbits,,,111,,TRUE,TRUE,TRUE
catboat,,,22,,TRUE,TRUE,TRUE
catbond,,,22,,TRUE,TRUE,TRUE
catcrew,,,55,,TRUE,TRUE,TRUE
catdiva,,,22,,TRUE,TRUE,TRUE
catdivas,,,22,,TRUE,TRUE,TRUE
catgeek,,,111,,TRUE,TRUE,TRUE
catgems,,,22,,TRUE,TRUE,TRUE
catkat,,,22,,TRUE,TRUE,TRUE
catluck,,,55,,TRUE,TRUE,TRUE
catmood,,,111,,TRUE,TRUE,TRUE
catnerd,,,111,,TRUE,TRUE,TRUE
catpros,,,222,,TRUE,TRUE,TRUE
catsaga,,,111,,TRUE,TRUE,TRUE
catsnames,,,55,,TRUE,TRUE,TRUE
catspaws,,,555,,TRUE,TRUE,TRUE
cattek,,,22,,TRUE,TRUE,TRUE
cdtab,,,55,,TRUE,TRUE,TRUE
celeres,,,22,,TRUE,TRUE,TRUE
centones,,,11,,TRUE,TRUE,TRUE
certech,,,22,,TRUE,TRUE,TRUE
cevichebar,,,22,,TRUE,TRUE,TRUE
chaa-khol,,,44,https://en.wikipedia.org/wiki/Chaa-Khol\n Russia .. OR .. a phonetic fire fuel,TRUE,TRUE,TRUE
chainarts,,,22,,TRUE,TRUE,TRUE
chainrek,,,22,,TRUE,TRUE,TRUE
chakrapara,,,22,ES chakra 'to\for',TRUE,TRUE,TRUE
chakratala,,,22,small cymbals,TRUE,TRUE,TRUE
chaletski,,,22,,FALSE,FALSE,TRUE
changeblockchain,,,22,,TRUE,TRUE,TRUE
changestate,,,22,,TRUE,TRUE,TRUE
charababil,,,11,"village in Raipur, India",TRUE,TRUE,TRUE
chartz,,,555,,TRUE,TRUE,TRUE
chausi,,,44,"chausi [or chausie] is a cross between a domestic cat and another non-Felis silvestris, the jungle cat found in Asia",TRUE,TRUE,TRUE
cheapeat,,,22,,TRUE,TRUE,TRUE
cheappart,,,22,,TRUE,TRUE,TRUE
cheaptutor,,,22,,TRUE,TRUE,TRUE
childoriented,,,22,,TRUE,TRUE,TRUE
chinamania,,,111,,TRUE,TRUE,TRUE
chinarang,,,888,,TRUE,TRUE,TRUE
chinarati,,,888,,TRUE,TRUE,TRUE
chinavstaiwan,,,44,,TRUE,TRUE,TRUE
chinesewine,,,888,,TRUE,TRUE,TRUE
chingoje,,,80,"A park in Iringa, Tanzania; or Spanish 'shit' (by Ggl-Transl8).",TRUE,TRUE,TRUE
chocolatecup,,,55,,TRUE,TRUE,TRUE
choffee,,,333,,TRUE,TRUE,TRUE
christmasraffle,,,11,,TRUE,TRUE,TRUE
ciertas,,,44,"ES 'certain, sure, definite'",TRUE,TRUE,TRUE
cilk,,,1234,,TRUE,TRUE,TRUE
clearsunglasses,,,22,,TRUE,TRUE,TRUE
clickpower,,,55,,TRUE,TRUE,TRUE
clockpot,,,22,,TRUE,TRUE,TRUE
closetimes,,,22,,TRUE,TRUE,TRUE
clothmask,,,22,,TRUE,TRUE,TRUE
cloudcannabis,,,999,,TRUE,TRUE,TRUE
cloudokids,,,22,,TRUE,TRUE,TRUE
coderow,,,44,,TRUE,TRUE,TRUE
codesk,,,333,,FALSE,FALSE,TRUE
coinbeg,,,555,,TRUE,TRUE,TRUE
coindav,,,11,,TRUE,TRUE,TRUE
coinpush,,,99,,TRUE,TRUE,TRUE
colorword,,,22,,TRUE,TRUE,TRUE
comunidadrodeo,,,11,ES community rodeo,TRUE,TRUE,TRUE
conductasurvey,,,22,,TRUE,TRUE,TRUE
conefrens,,,22,,TRUE,TRUE,TRUE
confuciuss,,,11,,TRUE,TRUE,TRUE
contagiousabortion,,,11,,TRUE,TRUE,TRUE
cookingwithbeer,,,22,,TRUE,TRUE,TRUE
coolary,,,111,a Studio on Scratch,TRUE,TRUE,TRUE
copycatnft,,,22,,TRUE,TRUE,TRUE
costumemania,,,22,,TRUE,TRUE,TRUE
coughremedy,,,33,,TRUE,TRUE,TRUE
countme,,,555,,TRUE,TRUE,TRUE
craftgenius,,,22,,TRUE,TRUE,TRUE
craftskill,,,44,,TRUE,TRUE,TRUE
createjob,,,22,,TRUE,TRUE,TRUE
createyourhappy,,,11,,TRUE,TRUE,TRUE
creativekitchen,,,44,,TRUE,TRUE,TRUE
creditprovider,,,22,,TRUE,TRUE,TRUE
crewnow,,,22,,TRUE,TRUE,TRUE
crohnsquiz,,,55,,TRUE,TRUE,TRUE
crooksncastles,,,444,https://crooksncastles.com/pages/about-us,TRUE,TRUE,TRUE
cryptmonk,,,111,,TRUE,TRUE,TRUE
cryptoasians,,,888,,TRUE,TRUE,TRUE
cryptoblue,,,333,,TRUE,TRUE,TRUE
cryptofact,,,333,,TRUE,TRUE,TRUE
cryptominersgroup,,,170,,TRUE,TRUE,TRUE
cryptopersia,,,777,,TRUE,TRUE,TRUE
cryptoruin,,,22,,TRUE,TRUE,TRUE
cryptoshoot,,,2112,,TRUE,TRUE,TRUE
cryptospare,,,22,,TRUE,TRUE,TRUE
cryptostep,,,211,,TRUE,TRUE,TRUE
cryptostill,,,213,,TRUE,TRUE,TRUE
cryptotaoist,,,333,,TRUE,TRUE,TRUE
cryptotwist,,,22,,TRUE,TRUE,TRUE
cryptotype,,,333,,TRUE,TRUE,TRUE
cryptoyet,,,211,,TRUE,TRUE,TRUE
crzghcsjz2cwpxfgluhfdp5uvhffhsgvlfj3nxywpksrc7ve5dqa,,,,,FALSE,FALSE,FALSE
customtax,,,44,,TRUE,TRUE,TRUE
cyav,,,444,cyber-audiovisual | Community Youth Against Violence,TRUE,TRUE,TRUE
cyez,,,444,cyber-easy | sighs,TRUE,TRUE,TRUE
cyok,,,444,cyber is good!,TRUE,TRUE,TRUE
cyup,,,444,cyber-up,TRUE,TRUE,TRUE
dadgets,,,111,,TRUE,TRUE,TRUE
dadsell,,,22,,TRUE,TRUE,TRUE
dadsofdiy,,,55,,TRUE,TRUE,TRUE
dadstrain,,,11,,TRUE,TRUE,TRUE
dadworry,,,11,,TRUE,TRUE,TRUE
dairygoats,,,111,,TRUE,TRUE,TRUE
damaoil,,,22,Scots Gaelic 'damages',TRUE,TRUE,TRUE
damerchar,,,11,,TRUE,TRUE,TRUE
daory,,,222,,TRUE,TRUE,TRUE
daouia,,,11,,TRUE,TRUE,TRUE
darkbet,,,666,,TRUE,TRUE,TRUE
darkchi,,,55,,TRUE,TRUE,TRUE
darkdweb,,,888,,TRUE,TRUE,TRUE
darknet22,,,11,,TRUE,TRUE,TRUE
darkwebai,,,55,,TRUE,TRUE,TRUE
daycrypto,,,4321,,TRUE,TRUE,TRUE
dayperson,,,22,,TRUE,TRUE,TRUE
de-jour,,,55,,TRUE,TRUE,TRUE
deadhead420,,,22,,TRUE,TRUE,TRUE
deficalendar,,,22,,TRUE,TRUE,TRUE
defineword,,,22,,TRUE,TRUE,TRUE
degenzoo,,,111,,TRUE,TRUE,TRUE
dellage,,,11,,TRUE,TRUE,TRUE
deodasa,,,22,PT 'toothy',TRUE,TRUE,TRUE
deosculate,,,11,to kiss affectionately,TRUE,TRUE,TRUE
deow,,,444,remove pain [de-'ow'] - 'healing',TRUE,TRUE,TRUE
depotrestaurant,,,22,,TRUE,TRUE,TRUE
desalinated,,,22,,TRUE,TRUE,TRUE
deskheaven,,,22,,TRUE,TRUE,TRUE
devilbirth,,,22,,TRUE,TRUE,TRUE
devle,,,11,,TRUE,TRUE,TRUE
dialecticalmaterialism,,,7,,FALSE,FALSE,TRUE
dianuevo,,,111,SP 'new day'.,TRUE,TRUE,TRUE
dicts,,,555,dictionaries \ dictates,TRUE,TRUE,TRUE
diganga,,,22,,TRUE,TRUE,TRUE
dighair,,,22,,TRUE,TRUE,TRUE
digitaldoza,,,11,,TRUE,TRUE,TRUE
digitaldwellers,,,55,,TRUE,TRUE,TRUE
digitallivre,,,22,,TRUE,TRUE,TRUE
digitrail,,,55,,TRUE,TRUE,TRUE
dijeron,,,77,SP 'they said',TRUE,TRUE,TRUE
dimtsje,,,22,,TRUE,TRUE,TRUE
dimuanya,,,22,Indonesian 'in all'; Angolan town.,TRUE,TRUE,TRUE
dinerabc,,,22,,TRUE,TRUE,TRUE
dinersabc,,,22,,TRUE,TRUE,TRUE
dints,,,4321,,TRUE,TRUE,TRUE
dipha,,,11,,TRUE,TRUE,TRUE
diplomatwallet,,,55,,TRUE,TRUE,TRUE
dipso,,,111,Slang: Disparaging and Offensive. a habitual drinker of alcohol who is frequently intoxicated; a dipsomaniac,TRUE,TRUE,TRUE
directshop,,,111,,TRUE,TRUE,TRUE
dirke,,,22,,TRUE,TRUE,TRUE
dirtyphonics,,,22,,TRUE,TRUE,TRUE
dishrv,,,22,,TRUE,TRUE,TRUE
divacat,,,22,,TRUE,TRUE,TRUE
divergentcapital,,,321,,TRUE,TRUE,TRUE
divvied,,,22,,TRUE,TRUE,TRUE
diyshed,,,1111,diy shed,TRUE,TRUE,TRUE
djgigs,,,55,,TRUE,TRUE,TRUE
dlem,,,444,4char meld[rev],TRUE,TRUE,TRUE
dlim,,,444,,TRUE,TRUE,TRUE
dog-weary,,,22,,TRUE,TRUE,TRUE
dogevote,,,444,,TRUE,TRUE,TRUE
dokrat,,,22,,TRUE,TRUE,TRUE
dolea,,,222,ES 'it hurts',TRUE,TRUE,TRUE
dollaryo,,,44,,TRUE,TRUE,TRUE
domain-gallery,,,55,,TRUE,TRUE,TRUE
domainand,,,33,,TRUE,TRUE,TRUE
domainsau,,,,,FALSE,FALSE,TRUE
domainssl,,,55,,TRUE,TRUE,TRUE
domany,,,44,do many,TRUE,TRUE,TRUE
domoslave,,,44,house [Esperanto] slave,TRUE,TRUE,TRUE
dondaii,,,22,,TRUE,TRUE,TRUE
dongi,,,99,Put on a gi [JP martial arts suit].,TRUE,TRUE,TRUE
dopego,,,222,ES 'i hit' | PT 'of the caught',TRUE,TRUE,TRUE
doubleorquits,,,22,,TRUE,TRUE,TRUE
dragonfoot,,,11,,TRUE,TRUE,TRUE
dragonpair,,,11,,TRUE,TRUE,TRUE
dragontalk,,,22,,TRUE,TRUE,TRUE
dragontell,,,22,,TRUE,TRUE,TRUE
drawrein,,,22,,TRUE,TRUE,TRUE
dreamwalking,,,22,,TRUE,TRUE,TRUE
drugdex,,,222,,TRUE,TRUE,TRUE
drybrushing,,,33,,TRUE,TRUE,TRUE
dslrtripod,,,22,,TRUE,TRUE,TRUE
dudebrew,,,22,,TRUE,TRUE,TRUE
duediamond,,,22,,TRUE,TRUE,TRUE
dugolaz,,,55,Croatian 'long-distance',TRUE,TRUE,TRUE
dunyasi,,,555,"Azerbaijani, Javanese, Kyrgyz, Malay, Sundanese, Swahili, Tajik, Turkish, Turkmen, Uzbek .. 'world [is]'",TRUE,TRUE,TRUE
dwarfnft,,,22,,TRUE,TRUE,TRUE
dwebshare,,,22,,TRUE,TRUE,TRUE
dwebstat,,,11,,TRUE,TRUE,TRUE
dyeing,,,456,Color/colour your life!! :-),TRUE,TRUE,TRUE
dynotic,,,22,,TRUE,TRUE,TRUE
eachtoherown,,,22,,TRUE,TRUE,TRUE
earmint,,,22,,TRUE,TRUE,TRUE
eartharoma,,,22,,TRUE,TRUE,TRUE
earthchronicles,,,22,,TRUE,TRUE,TRUE
earthdeck,,,22,,TRUE,TRUE,TRUE
earthgleam,,,22,,TRUE,TRUE,TRUE
earthround,,,33,,TRUE,TRUE,TRUE
eatark,,,22,,TRUE,TRUE,TRUE
eatfrenzy,,,22,,TRUE,TRUE,TRUE
eatpallet,,,33,,TRUE,TRUE,TRUE
eatsshootsandleaves,,,22,,TRUE,TRUE,TRUE
ebay-nft,,,22,,TRUE,TRUE,TRUE
ebbk,,,444,big\fat ebook [or .. tide goes out a kay lol],TRUE,TRUE,TRUE
ecoherald,,,22,,TRUE,TRUE,TRUE
econowork,,,22,,TRUE,TRUE,TRUE
ecotraders,,,55,,TRUE,TRUE,TRUE
ecoutility,,,55,,TRUE,TRUE,TRUE
eculture,,,333,,TRUE,TRUE,TRUE
edibleking,,,44,,TRUE,TRUE,TRUE
egerritzen,,,11,,TRUE,TRUE,TRUE
egosurf,,,55,,TRUE,TRUE,TRUE
ehehe,,,44,,TRUE,TRUE,TRUE
electricwelding,,,11,,TRUE,TRUE,TRUE
elgoogle,,,3190.0913,,TRUE,TRUE,TRUE
elimits,,,44,,TRUE,TRUE,TRUE
elmac,,,22,,TRUE,TRUE,TRUE
elvesonline,,,22,,TRUE,TRUE,TRUE
emilitary,,,333,,TRUE,TRUE,TRUE
encer,,,55,,TRUE,TRUE,TRUE
energy-up,,,22,,TRUE,TRUE,TRUE
englishcastles,,,111,,TRUE,TRUE,TRUE
enjoythemoments,,,11,,TRUE,TRUE,TRUE
ens4you,,,44,,TRUE,TRUE,TRUE
ensmind,,,22,,TRUE,TRUE,TRUE
ensninjas,,,55,,TRUE,TRUE,TRUE
enspartners,,,222,,TRUE,TRUE,TRUE
entric,,,22,,TRUE,TRUE,TRUE
ephemerama,,,77,,TRUE,TRUE,TRUE
epicwit,,,22,,TRUE,TRUE,TRUE
equestriancoach,,,22,,TRUE,TRUE,TRUE
eremy,,,111,,TRUE,TRUE,TRUE
ernar,,,22,,TRUE,TRUE,TRUE
eslaw,,,55,,TRUE,TRUE,TRUE
espan,,,222,[short Español] |Enhanced Switched Port Analyzer (Cisco) | Electronic and Small Press Authors' Network (Romance Writers of America),TRUE,TRUE,TRUE
estyled,,,33,,TRUE,TRUE,TRUE
eth-degen,,,55,,TRUE,TRUE,TRUE
ethyk,,,888,,TRUE,TRUE,TRUE
etsgo,,,11,,TRUE,TRUE,TRUE
euroflag,,,55,,TRUE,TRUE,TRUE
euromade,,,22,,TRUE,TRUE,TRUE
europlus,,,22,,TRUE,TRUE,TRUE
eurue,,,44,List the things that the EU rue!,TRUE,TRUE,TRUE
eversham,,,22,,TRUE,TRUE,TRUE
everyai,,,222,,TRUE,TRUE,TRUE
everythingcheap,,,22,,TRUE,TRUE,TRUE
exhibitservice,,,22,,TRUE,TRUE,TRUE
exoticsinc,,,33,,TRUE,TRUE,TRUE
exportsy,,,11,,TRUE,TRUE,TRUE
ezhot,,,55,,TRUE,TRUE,TRUE
fabtec,,,22,,TRUE,TRUE,TRUE
facebookhelp,,,11,,TRUE,TRUE,TRUE
falcondo,,,44,"Falconbridge Dominicana S.A. (Falcondo), owned by Americano Nickel Ltd, operates the Falcondo ferronickel mine in the Dominican Republic.",TRUE,TRUE,TRUE
familyfirewall,,,22,,TRUE,TRUE,TRUE
farizon,,,22,,TRUE,TRUE,TRUE
farmcareer,,,33,,TRUE,TRUE,TRUE
farmiliar,,,22,,TRUE,TRUE,TRUE
farmingfriends,,,55,,TRUE,TRUE,TRUE
fastgym,,,44,,TRUE,TRUE,TRUE
fatalcohol,,,22,fatal alcohol | fat alcohol,TRUE,TRUE,TRUE
fauzen,,,11,,TRUE,TRUE,TRUE
faxt,,,4444,,TRUE,TRUE,TRUE
feedlet,,,11,,TRUE,TRUE,TRUE
feeldumb,,,22,,TRUE,TRUE,TRUE
fertilityfoods,,,22,,TRUE,TRUE,TRUE
festivalist,,,22,,TRUE,TRUE,TRUE
fiddypence,,,11,,TRUE,TRUE,TRUE
fidgetpad,,,22,,TRUE,TRUE,TRUE
fightingchairs,,,11,,TRUE,TRUE,TRUE
findigo,,,22,,TRUE,TRUE,TRUE
finew3b,,,33,,TRUE,TRUE,TRUE
fingerspelling,,,333,"Representation of the letters of a writing system, and sometimes numeral systems, using only the hands.",TRUE,TRUE,TRUE
firemama,,,55,,TRUE,TRUE,TRUE
firstcaribbean,,,11,,TRUE,TRUE,TRUE
fishingonthechain,,,22,,TRUE,TRUE,TRUE
fishroe,,,55,,FALSE,FALSE,TRUE
flag-store,,,22,,TRUE,TRUE,TRUE
flag-waving,,,33,,TRUE,TRUE,TRUE
flashmatrix,,,22,,TRUE,TRUE,TRUE
flipyeah,,,55,,TRUE,TRUE,TRUE
fliyer,,,22,[flier\flyer],TRUE,TRUE,TRUE
flowlist,,,22,,TRUE,TRUE,TRUE
focillate,,,11,IT 'focus | Latin 'mobilize',TRUE,TRUE,TRUE
folkbook,,,55,,TRUE,TRUE,TRUE
fomomofos,,,222,,TRUE,TRUE,TRUE
foodreactions,,,22,,TRUE,TRUE,TRUE
footdragon,,,11,,TRUE,TRUE,TRUE
fortunetrain,,,22,,TRUE,TRUE,TRUE
freeeeak,,,22,,TRUE,TRUE,TRUE
freeworlddomains,,,55,,TRUE,TRUE,TRUE
freshraw,,,222,,TRUE,TRUE,TRUE
friendlyfellow,,,11,,TRUE,TRUE,TRUE
friendlyname,,,22,,TRUE,TRUE,TRUE
froots,,,333,[fruits],TRUE,TRUE,TRUE
frozenmeal,,,44,,TRUE,TRUE,TRUE
fruitandveg,,,111,,TRUE,TRUE,TRUE
fuhren,,,11,,TRUE,TRUE,TRUE
fuij,,,444,,TRUE,TRUE,TRUE
funjest,,,22,,TRUE,TRUE,TRUE
funnycritters,,,22,,TRUE,TRUE,TRUE
funnycrypto,,,22,,TRUE,TRUE,TRUE
funodd,,,22,,TRUE,TRUE,TRUE
furryfrenz,,,22,,TRUE,TRUE,TRUE
futuredad,,,44,,TRUE,TRUE,TRUE
futurepack,,,22,,TRUE,TRUE,TRUE
fux4,,,222,,TRUE,TRUE,TRUE
galacticnode,,,111,,TRUE,TRUE,TRUE
galaxyglow,,,22,,TRUE,TRUE,TRUE
gamifies,,,555,,TRUE,TRUE,TRUE
ganjagrotto,,,22,,TRUE,TRUE,TRUE
garlicmayo,,,44,,TRUE,TRUE,TRUE
gasavage,,,11,,TRUE,TRUE,TRUE
gasellers,,,11,,TRUE,TRUE,TRUE
gashepherd,,,11,,TRUE,TRUE,TRUE
gashort,,,11,,TRUE,TRUE,TRUE
gasparks,,,11,,TRUE,TRUE,TRUE
gauni,,,44,Swahili 'gown',TRUE,TRUE,TRUE
geekle,,,222,,TRUE,TRUE,TRUE
geeksquare,,,22,,TRUE,TRUE,TRUE
gehort,,,444,"DE verb - belong, pertain, appertain, deserve",FALSE,FALSE,TRUE
geigers,,,69,,TRUE,TRUE,TRUE
gelded,,,55,,TRUE,TRUE,TRUE
geometra,,,222,IN 'geometrician' | genus of moths,TRUE,TRUE,TRUE
getbtcx,,,111,,TRUE,TRUE,TRUE
getmeouttahere,,,22,,FALSE,FALSE,TRUE
geyi,,,44,,TRUE,TRUE,TRUE
giftxmas,,,22,,TRUE,TRUE,TRUE
giss888,,,88,,TRUE,TRUE,TRUE
globallynomadic,,,22,,FALSE,FALSE,TRUE
globalmachinery,,,22,,TRUE,TRUE,TRUE
globe-trot,,,55,,TRUE,TRUE,TRUE
glucklich,,,444,"DE adjective - happy, lucky, fortunate .. adverb - happily, by luck, through luck",FALSE,FALSE,TRUE
godupdates,,,555,,TRUE,TRUE,TRUE
gohare,,,22,,TRUE,TRUE,TRUE
goldenen,,,11,,TRUE,TRUE,TRUE
goldsilverstandard,,,22,,TRUE,TRUE,TRUE
goldsite,,,22,,TRUE,TRUE,TRUE
golfprodirectory,,,33.33,,TRUE,TRUE,TRUE
gomasta,,,111,Master of Go language,TRUE,TRUE,TRUE
goodbasics,,,22,,TRUE,TRUE,TRUE
goodkarma,,,11,,TRUE,TRUE,TRUE
goodyearmaps,,,11,,TRUE,TRUE,TRUE
googlez,,,1234,,TRUE,TRUE,TRUE
gostilij,,,111,Slovenian 'inns',TRUE,TRUE,TRUE
grabac,,,55,ES 'record',TRUE,TRUE,TRUE
grabezmala,,,22,BU 'grabbed' .. \ni grabbed it - you can too!,TRUE,TRUE,TRUE
graduationnight,,,22,,TRUE,TRUE,TRUE
grandchat,,,55,,TRUE,TRUE,TRUE
grandmoon,,,111,,TRUE,TRUE,TRUE
greycos,,,22,,TRUE,TRUE,TRUE
greymobile,,,11,,TRUE,TRUE,TRUE
grezin,,,22,,TRUE,TRUE,TRUE
grooveon,,,22,,TRUE,TRUE,TRUE
growdao,,,22,,TRUE,TRUE,TRUE
guccihat,,,22,,TRUE,TRUE,TRUE
guiddir,,,22,,TRUE,TRUE,TRUE
gulfwartimeline,,,11,,TRUE,TRUE,TRUE
guruforum,,,22,,TRUE,TRUE,TRUE
gurupost,,,22,,TRUE,TRUE,TRUE
guypics,,,111,,TRUE,TRUE,TRUE
gymaesthetics,,,22,,TRUE,TRUE,TRUE
gynecomania,,,22,Extreme sexual desire in the male; a compulsive desire for female sex partners,TRUE,TRUE,TRUE
habilito,,,33,"ES 'enable, qualify'",TRUE,TRUE,TRUE
habitsaver,,,22,,TRUE,TRUE,TRUE
hagsdorf,,,44,Bavarian town,TRUE,TRUE,TRUE
hahaquan,,,11,,TRUE,TRUE,TRUE
hamburgerheaven,,,22,,TRUE,TRUE,TRUE
hamuk,,,222,phonetic 'hammock',TRUE,TRUE,TRUE
hand-worked,,,33,,TRUE,TRUE,TRUE
handshakeoasis,,,555,,TRUE,TRUE,TRUE
handshaketothemoon,,,222,,TRUE,TRUE,TRUE
handyear,,,55,,TRUE,TRUE,TRUE
hangblockchain,,,22,,TRUE,TRUE,TRUE
happy21st,,,,,FALSE,FALSE,TRUE
happydecay,,,22,,TRUE,TRUE,TRUE
happyplant,,,77,,TRUE,TRUE,TRUE
hashrunes,,,10,,TRUE,TRUE,TRUE
hazardnews,,,22,,TRUE,TRUE,TRUE
headrhyme,,,11,,TRUE,TRUE,TRUE
healersathome,,,22,,TRUE,TRUE,TRUE
healthdocs,,,22,,TRUE,TRUE,TRUE
healthmed,,,22,,TRUE,TRUE,TRUE
herba-life,,,55,,TRUE,TRUE,TRUE
herblot,,,22,,TRUE,TRUE,TRUE
hergear,,,555,,TRUE,TRUE,TRUE
hetven,,,11,HU 'seventy',TRUE,TRUE,TRUE
hetvenne,,,11,HU 'seventies',TRUE,TRUE,TRUE
hetvischwater,,,11,Dutch 'the fishing water',FALSE,FALSE,TRUE
hetviswater,,,11,Dutch 'the fishing water',FALSE,FALSE,TRUE
hi.sname,,,,t-,FALSE,FALSE,FALSE
hiddenbookshelf,,,11,,TRUE,TRUE,TRUE
highfivehandshake,,,555,,TRUE,TRUE,TRUE
hisgirl,,,22,,TRUE,TRUE,TRUE
hisnibs,,,22,,TRUE,TRUE,TRUE
hitcharide,,,11,,TRUE,TRUE,TRUE
hn.sname,,,,t-,FALSE,FALSE,TRUE
hns.xn--nn8hc254cfa,,,,t-,FALSE,FALSE,TRUE
hnsbandana,,,123,,TRUE,TRUE,TRUE
hnssparkly,,,234,...pprreettttyy..... :D,TRUE,TRUE,TRUE
hnsxai,,,222,,TRUE,TRUE,TRUE
hodlbag,,,777,,TRUE,TRUE,TRUE
holistichns,,,999,,TRUE,TRUE,TRUE
holistique,,,2788,FR 'holistic'.,TRUE,TRUE,TRUE
homebasic,,,22,,TRUE,TRUE,TRUE
hongki,,,44,phonetic 'honky',TRUE,TRUE,TRUE
horseroad,,,22,,TRUE,TRUE,TRUE
hourdefi,,,66,,TRUE,TRUE,TRUE
how2code,,,222,,TRUE,TRUE,TRUE
howdoibuy,,,33,,TRUE,TRUE,TRUE
howtostartadiet,,,22,,TRUE,TRUE,TRUE
hsuh,,,444,4char hush[rev],TRUE,TRUE,TRUE
hsum,,,444,4char mush[rev] -drive the dog-team backwards | Health Sciences University of Mongolia,TRUE,TRUE,TRUE
htjoepo376i4q546bdr652w6yik3e63767a3us2wt7hxdtet4uta,,,,,FALSE,FALSE,FALSE
hucx,,,1234,,TRUE,TRUE,TRUE
humanfact,,,33,,TRUE,TRUE,TRUE
humantax,,,55,,TRUE,TRUE,TRUE
hungerburg,,,77,,TRUE,TRUE,TRUE
hyart,,,22,,TRUE,TRUE,TRUE
hyphenstudio,,,22,,TRUE,TRUE,TRUE
icav,,,444,,TRUE,TRUE,TRUE
icerescue,,,22,,TRUE,TRUE,TRUE
idioot,,,55,,TRUE,TRUE,TRUE
idrt,,,444,,TRUE,TRUE,TRUE
ifeelhappyandexcited,,,55,,TRUE,TRUE,TRUE
ijtv,,,444,ijit tv [idiot tevevision],TRUE,TRUE,TRUE
iknow,,,,t-,FALSE,FALSE,TRUE
illionth,,,111,,TRUE,TRUE,TRUE
imrah,,,22,,TRUE,TRUE,TRUE
inacura,,,11,,TRUE,TRUE,TRUE
indexpenny,,,55,,TRUE,TRUE,TRUE
indiair,,,555,,TRUE,TRUE,TRUE
indiaway,,,222,India way | India away,TRUE,TRUE,TRUE
inertianft,,,33,,TRUE,TRUE,TRUE
inmatesontheweb,,,11,,TRUE,TRUE,TRUE
inorderto,,,22,,TRUE,TRUE,TRUE
insertdate,,,22,,TRUE,TRUE,TRUE
inslowmo,,,22,,TRUE,TRUE,TRUE
instagranddad,,,44,,TRUE,TRUE,TRUE
instagranny,,,44,,TRUE,TRUE,TRUE
internetroaming,,,22,,TRUE,TRUE,TRUE
ironwares,,,111,,TRUE,TRUE,TRUE
isavi,,,22,,TRUE,TRUE,TRUE
isurgir,,,55,PT 'arise',TRUE,TRUE,TRUE
it-hub,,,88,,TRUE,TRUE,TRUE
italianization,,,44,,TRUE,TRUE,TRUE
itchfor,,,11,,TRUE,TRUE,TRUE
itlooksrare,,,11,,TRUE,TRUE,TRUE
ivegotit,,,2222,,TRUE,TRUE,TRUE
izlaw,,,22,,TRUE,TRUE,TRUE
j33z,,,1234,,TRUE,TRUE,TRUE
jawa,,,,,FALSE,FALSE,TRUE
jhnsi,,,22,,TRUE,TRUE,TRUE
jobofwork,,,22,,TRUE,TRUE,TRUE
jond,,,444,,TRUE,TRUE,TRUE
jpgking,,,123,,TRUE,TRUE,TRUE
justgeneric,,,22,,TRUE,TRUE,TRUE
justgoodthings,,,22,,TRUE,TRUE,TRUE
justsun,,,22,,TRUE,TRUE,TRUE
kaliyuga,,,22,,TRUE,TRUE,TRUE
kanggaru,,,555,Malay 'kangaroo',FALSE,FALSE,TRUE
karmabet,,,11,,TRUE,TRUE,TRUE
kelime,,,55,,TRUE,TRUE,TRUE
keptman,,,222,,TRUE,TRUE,TRUE
khnsi,,,22,,TRUE,TRUE,TRUE
kidpolicy,,,33,,TRUE,TRUE,TRUE
kihk,,,444,kick,TRUE,TRUE,TRUE
kiitana,,,69,,TRUE,TRUE,TRUE
king-of-shit,,,22,,TRUE,TRUE,TRUE
kingdomchairs,,,22,,TRUE,TRUE,TRUE
kinghaggard,,,44,https://thelastunicorn.fandom.com/wiki/King_Haggard,TRUE,TRUE,TRUE
kittenbach,,,555,"Town in Styria, Austria .. or a very musical young cat!",TRUE,TRUE,TRUE
kittenberg,,,444,A town in Bavaria .. or a _very_ large young cat!,FALSE,FALSE,TRUE
kittenegg,,,999,Imagine it :-) !!,TRUE,TRUE,TRUE
kkno,,,444,,TRUE,TRUE,TRUE
klib,,,444,,TRUE,TRUE,TRUE
knightstalker,,,22,,TRUE,TRUE,TRUE
kompus,,,22,,TRUE,TRUE,TRUE
koreataekwondo,,,,,FALSE,FALSE,TRUE
kraftwerken,,,22,DE 'power plants noun: power station',TRUE,TRUE,TRUE
krif,,,444,,TRUE,TRUE,TRUE
kthrash,,,22,,TRUE,TRUE,TRUE
kungfunecktie,,,22,,TRUE,TRUE,TRUE
kvhz,,,444,4char electrical notation [KiloVolt Hertz],TRUE,TRUE,TRUE
kwyt,,,1234,[quit/e],TRUE,TRUE,TRUE
labyrinthos,,,22,,TRUE,TRUE,TRUE
ladyriders,,,111,,FALSE,FALSE,TRUE
layawager,,,22,,TRUE,TRUE,TRUE
laydee,,,111,,FALSE,FALSE,TRUE
leathersupplies,,,22,,TRUE,TRUE,TRUE
legoforadults,,,33,,TRUE,TRUE,TRUE
lemonfa,,,11,,TRUE,TRUE,TRUE
leschats,,,55,FR 'the cats',TRUE,TRUE,TRUE
letterers,,,111,,TRUE,TRUE,TRUE
lifebets,,,33,,TRUE,TRUE,TRUE
lifespin,,,222,,TRUE,TRUE,TRUE
lifeview,,,777,,TRUE,TRUE,TRUE
lightyear0,,,22,,TRUE,TRUE,TRUE
liikunta,,,222,"Finnish noun: exercise, movement, physical education",TRUE,TRUE,TRUE
linguisticsai,,,44,,TRUE,TRUE,TRUE
linuks,,,222,,TRUE,TRUE,TRUE
litlove,,,33,,TRUE,TRUE,TRUE
loanwhale,,,55,,TRUE,TRUE,TRUE
logicz,,,55,,TRUE,TRUE,TRUE
londonbuildings,,,55,,TRUE,TRUE,TRUE
longfunny,,,11,,TRUE,TRUE,TRUE
lookatmynft,,,25,,TRUE,TRUE,TRUE
lookinmypc,,,22,,TRUE,TRUE,TRUE
lostbtc,,,222,,TRUE,TRUE,TRUE
losttoys,,,22,,TRUE,TRUE,TRUE
lovecatz,,,222,,TRUE,TRUE,TRUE
lovemypen,,,33,,TRUE,TRUE,TRUE
lowage,,,22,,TRUE,TRUE,TRUE
lowgear,,,,,FALSE,FALSE,TRUE
lowlust,,,11,,TRUE,TRUE,TRUE
lowrage,,,11,,TRUE,TRUE,TRUE
luffas,,,222,,TRUE,TRUE,TRUE
lunarai,,,222,,TRUE,TRUE,TRUE
lunarphase,,,2222,,TRUE,TRUE,TRUE
lunchtimes,,,33,,TRUE,TRUE,TRUE
lustfor,,,22,,TRUE,TRUE,TRUE
lustfullove,,,111,,TRUE,TRUE,TRUE
mailfun,,,22,,TRUE,TRUE,TRUE
mailmenu,,,22,,TRUE,TRUE,TRUE
majiko,,,22,,TRUE,TRUE,TRUE
manfriday,,,11,,TRUE,TRUE,TRUE
manteaus,,,22,"plural noun: a loose gown or cloak worn by women in the 17th and 18th centuries \ a long, loose coat or overshirt worn by Muslim women.",TRUE,TRUE,TRUE
manxiety,,,111,,TRUE,TRUE,TRUE
mapactive,,,22,,TRUE,TRUE,TRUE
mapready,,,22,,TRUE,TRUE,TRUE
mapsmobile,,,22,,TRUE,TRUE,TRUE
marihuanna,,,222,,TRUE,TRUE,TRUE
marmoz,,,22,,TRUE,TRUE,TRUE
marspaceship,,,22,,TRUE,TRUE,TRUE
maskdoge,,,555,,TRUE,TRUE,TRUE
matchwedding,,,22,,TRUE,TRUE,TRUE
mbkf,,,444,,TRUE,TRUE,TRUE
mdud,,,444,,TRUE,TRUE,TRUE
mdue,,,444,,TRUE,TRUE,TRUE
medeus,,,22,,TRUE,TRUE,TRUE
medibazaar,,,22,,TRUE,TRUE,TRUE
meditateandbreathe,,,22,,TRUE,TRUE,TRUE
meditime,,,22,,TRUE,TRUE,TRUE
meetblockchain,,,11,,TRUE,TRUE,TRUE
melbourneit,,,222,,FALSE,FALSE,TRUE
memetales,,,22,,TRUE,TRUE,TRUE
menumap,,,55,,TRUE,TRUE,TRUE
methusala,,,969,1HNS for the years he's said to have lived :-),TRUE,TRUE,TRUE
mexicanpinatas,,,22,,TRUE,TRUE,TRUE
mfir,,,444,,TRUE,TRUE,TRUE
mgwu,,,444,,TRUE,TRUE,TRUE
mhnsi,,,22,,TRUE,TRUE,TRUE
mikredki,,,22,,TRUE,TRUE,TRUE
mindfulnessmatters,,,22,,TRUE,TRUE,TRUE
mindteam,,,44,,TRUE,TRUE,TRUE
minerz,,,1010,,TRUE,TRUE,TRUE
mintila,,,222,Mintila Hot Chocolate (Tequila Mint),TRUE,TRUE,TRUE
mintsilo,,,33,,TRUE,TRUE,TRUE
misseat,,,22,miss-eat \ miss-seat,TRUE,TRUE,TRUE
mixwriter,,,22,,TRUE,TRUE,TRUE
mjob,,,444,,TRUE,TRUE,TRUE
mjoe,,,444,,TRUE,TRUE,TRUE
mjox,,,444,,TRUE,TRUE,TRUE
mmft,,,444,,TRUE,TRUE,TRUE
mmkm,,,444,,TRUE,TRUE,TRUE
mnab,,,444,,TRUE,TRUE,TRUE
mnap,,,444,,TRUE,TRUE,TRUE
moaj,,,444,,TRUE,TRUE,TRUE
mojidad,,,22,,TRUE,TRUE,TRUE
momdear,,,11,,TRUE,TRUE,TRUE
momhost,,,22,,TRUE,TRUE,TRUE
mompolicy,,,11,,TRUE,TRUE,TRUE
moneyisdead,,,55,,TRUE,TRUE,TRUE
monkeydojo,,,111,,TRUE,TRUE,TRUE
monkeyyoga,,,22,,FALSE,FALSE,TRUE
monki,,,22222,,TRUE,TRUE,TRUE
monophagy,,,55,feeding on a single type of food,TRUE,TRUE,TRUE
mooctochina,,,22,,TRUE,TRUE,TRUE
moongoat,,,888,Gone to the Moon as Greatest Of All Time !!,TRUE,TRUE,TRUE
morelaws,,,22,,TRUE,TRUE,TRUE
moremart,,,111,,TRUE,TRUE,TRUE
moreshop,,,111,,TRUE,TRUE,TRUE
morevote,,,33,,TRUE,TRUE,TRUE
moscowembassy,,,22,,TRUE,TRUE,TRUE
mothballnft,,,22,,TRUE,TRUE,TRUE
motheranddaughter,,,22,,TRUE,TRUE,TRUE
mototravelers,,,22,,FALSE,FALSE,TRUE
movenft,,,1414,,TRUE,TRUE,TRUE
mrnu,,,444,,TRUE,TRUE,TRUE
mufin,,,77,phonetic 'muffin',TRUE,TRUE,TRUE
muggleworld,,,11,,TRUE,TRUE,TRUE
mulletsfishcamp,,,22,,TRUE,TRUE,TRUE
multitrip,,,444,,TRUE,TRUE,TRUE
musictag,,,33,,TRUE,TRUE,TRUE
musketeerscharacters,,,88,,TRUE,TRUE,TRUE
muskovite,,,33,,TRUE,TRUE,TRUE
mwho,,,444,,TRUE,TRUE,TRUE
mxes,,,444,,TRUE,TRUE,TRUE
mxfb,,,444,,TRUE,TRUE,TRUE
myaym,,,55,my aim,TRUE,TRUE,TRUE
mybrokensea,,,22,,TRUE,TRUE,TRUE
mycatisfat,,,55,,TRUE,TRUE,TRUE
mygrane,,,22,,TRUE,TRUE,TRUE
mylookout,,,11,,TRUE,TRUE,TRUE
mynfteam,,,55,,TRUE,TRUE,TRUE
mysite21,,,55,,TRUE,TRUE,TRUE
mywreck,,,22,,TRUE,TRUE,TRUE
n-u-d-e,,,222,,TRUE,TRUE,TRUE
namebooks,,,44,,TRUE,TRUE,TRUE
namewisdom,,,22,,TRUE,TRUE,TRUE
nastyuk,,,111,nasty yuk | nasty UK,TRUE,TRUE,TRUE
nationalcostume,,,55,,FALSE,FALSE,TRUE
nationbase,,,22,,TRUE,TRUE,TRUE
nativeseed,,,22,,TRUE,TRUE,TRUE
naturaled,,,33,natural LED,TRUE,TRUE,TRUE
natureboat,,,33,,TRUE,TRUE,TRUE
naturecrossroad,,,22,,TRUE,TRUE,TRUE
naturewellbeing,,,22,,TRUE,TRUE,TRUE
ndations,,,22,,TRUE,TRUE,TRUE
netclown,,,22,,TRUE,TRUE,TRUE
netreq,,,111,,TRUE,TRUE,TRUE
neversaygoodbye,,,55,,TRUE,TRUE,TRUE
newitch,,,33,new itch | new witch,TRUE,TRUE,TRUE
nextceo,,,55,,TRUE,TRUE,TRUE
nexttip,,,44,,TRUE,TRUE,TRUE
nft169,,,11,,TRUE,TRUE,TRUE
nftaccepted,,,55,,TRUE,TRUE,TRUE
nfteggsurprise,,,222,,TRUE,TRUE,TRUE
nftjail,,,22,,TRUE,TRUE,TRUE
nftsgirl,,,33,,TRUE,TRUE,TRUE
nftsilo,,,22,,TRUE,TRUE,TRUE
nftvisa,,,88,,TRUE,TRUE,TRUE
nicedear,,,22,,TRUE,TRUE,TRUE
nicesync,,,55,,TRUE,TRUE,TRUE
nipplebanana,,,22,,TRUE,TRUE,TRUE
no-mad,,,22,,TRUE,TRUE,TRUE
no.trolling,,,,t-,FALSE,FALSE,TRUE
nongisnong,,,22,,TRUE,TRUE,TRUE
nonphixion,,,55,,TRUE,TRUE,TRUE
noob21,,,11,,TRUE,TRUE,TRUE
noob22,,,11,,TRUE,TRUE,TRUE
nordsud,,,111,FR 'north-south',TRUE,TRUE,TRUE
norise,,,22,"Latvian 'progress noun: procedure, process, run'",TRUE,TRUE,TRUE
noshnest,,,22,,TRUE,TRUE,TRUE
noteat,,,22,,TRUE,TRUE,TRUE
nothingmax,,,22,,TRUE,TRUE,TRUE
notold,,,55,,TRUE,TRUE,TRUE
nowhandshake,,,555,,TRUE,TRUE,TRUE
nowhat,,,222,"Now What!? | No, What?",TRUE,TRUE,TRUE
nseth,,,44,,TRUE,TRUE,TRUE
nudedudes,,,22,,TRUE,TRUE,TRUE
nudetoken,,,111,,TRUE,TRUE,TRUE
nuevaitalia,,,33,"SP 'New Italy' .. Michoacán, Mexico ..OR.. Paraguay",TRUE,TRUE,TRUE
nuevoguarare,,,11,"Panama, Central America",TRUE,TRUE,TRUE
nuevosanjuan,,,111,"The _centre_ of the Americas lol .. central Central America, Panama",TRUE,TRUE,TRUE
nuevovigia,,,11,"Panama, Central America",TRUE,TRUE,TRUE
nvem,,,444,envy 'em,TRUE,TRUE,TRUE
nvyr,,,444,,TRUE,TRUE,TRUE
ny-us,,,555,,TRUE,TRUE,TRUE
nytrucks,,,22,,TRUE,TRUE,TRUE
nzdefi,,,,,FALSE,FALSE,TRUE
nzhs,,,444,,TRUE,TRUE,TRUE
nznznz,,,,,FALSE,FALSE,TRUE
ofenau,,,55,of English Australian,TRUE,TRUE,TRUE
ohforkme,,,44,,TRUE,TRUE,TRUE
old-fangled,,,33,,TRUE,TRUE,TRUE
oldnerd,,,111,,TRUE,TRUE,TRUE
oldog,,,111,,TRUE,TRUE,TRUE
omejie,,,11,mis-spelling of 'emojie',TRUE,TRUE,TRUE
omgalol,,,22,,TRUE,TRUE,TRUE
onebadday,,,22,,TRUE,TRUE,TRUE
oneillusa,,,22,,TRUE,TRUE,TRUE
onestraw,,,22,,TRUE,TRUE,TRUE
oneuni,,,111,,TRUE,TRUE,TRUE
onlineshopchina,,,22,,TRUE,TRUE,TRUE
onlyscam,,,55,,TRUE,TRUE,TRUE
onoo,,,444,oooohh nooo...!\n Get ttps://www.namebase.io/domains/00no too!,TRUE,TRUE,TRUE
ontheqt,,,22,,TRUE,TRUE,TRUE
openuser,,,111,,TRUE,TRUE,TRUE
orgm,,,444,orgasm,TRUE,TRUE,TRUE
orgq,,,444,orgy queue,TRUE,TRUE,TRUE
oronas,,,22,,TRUE,TRUE,TRUE
orthx,,,11,,TRUE,TRUE,TRUE
osterwasser,,,22,DE 'Easter water',TRUE,TRUE,TRUE
ouratlas,,,22,,TRUE,TRUE,TRUE
ourspring,,,22,,TRUE,TRUE,TRUE
outrick,,,55,,TRUE,TRUE,TRUE
ovcari,,,22,Bosnian 'sheep',TRUE,TRUE,TRUE
overearn,,,55,,TRUE,TRUE,TRUE
ox-eye,,,11,,TRUE,TRUE,TRUE
oyic,,,444,,TRUE,TRUE,TRUE
ozreni,,,22,BU 'mature',TRUE,TRUE,TRUE
pacificwine,,,22,,TRUE,TRUE,TRUE
painpal,,,22,,TRUE,TRUE,TRUE
painsomnia,,,22,,TRUE,TRUE,TRUE
pairoff,,,55,,TRUE,TRUE,TRUE
paleohns,,,345,want to list early registered names..?,TRUE,TRUE,TRUE
panprog,,,22,,TRUE,TRUE,TRUE
parysh,,,22,[parish],TRUE,TRUE,TRUE
passwordsharing,,,33,,TRUE,TRUE,TRUE
pdfcloud,,,33,,TRUE,TRUE,TRUE
peacecats,,,22,,TRUE,TRUE,TRUE
peacemaxi,,,22,,TRUE,TRUE,TRUE
peacequiet,,,44,,TRUE,TRUE,TRUE
pechenet,,,22,,TRUE,TRUE,TRUE
pedrose,,,69,,TRUE,TRUE,TRUE
pensexpert,,,22,,TRUE,TRUE,TRUE
pept,,,444,"excited, 'pepped' | Philippine Educational Placement Test",TRUE,TRUE,TRUE
personise,,,111,,TRUE,TRUE,TRUE
pervici,,,11,perv is he',TRUE,TRUE,TRUE
pesk,,,444,,TRUE,TRUE,TRUE
petcows,,,55,,TRUE,TRUE,TRUE
peuu,,,444,,TRUE,TRUE,TRUE
pharmapurse,,,11,,TRUE,TRUE,TRUE
phnsi,,,22,,TRUE,TRUE,TRUE
phoenixed,,,55,,TRUE,TRUE,TRUE
photodojo,,,444,,TRUE,TRUE,TRUE
photofacts,,,222,,FALSE,FALSE,TRUE
pimpmylife,,,22,,TRUE,TRUE,TRUE
pirateradioship,,,77,,TRUE,TRUE,TRUE
pivt,,,444,,TRUE,TRUE,TRUE
pixelogic,,,55,,TRUE,TRUE,TRUE
planshe,,,222,plan-she | plans-he,TRUE,TRUE,TRUE
plurali,,,22,,TRUE,TRUE,TRUE
poddrezanj,,,55,Slovenian 'undercuts',TRUE,TRUE,TRUE
podgalevi,,,22,BU subchapters,TRUE,TRUE,TRUE
polygraphy,,,333,,TRUE,TRUE,TRUE
pop-it,,,22,,TRUE,TRUE,TRUE
poppizzazz,,,22,,TRUE,TRUE,TRUE
pornosession,,,55,,TRUE,TRUE,TRUE
posern,,,22,"Was a province of Prussia; present-day Poznań, Poland - https://en.wikipedia.org/wiki/Province_of_Posen [also surname]",TRUE,TRUE,TRUE
poshcats,,,22,,TRUE,TRUE,TRUE
prayas,,,22,,TRUE,TRUE,TRUE
precrowd,,,999,,TRUE,TRUE,TRUE
prettyontheinside,,,22,,TRUE,TRUE,TRUE
price-watch,,,44,,TRUE,TRUE,TRUE
pricedefi,,,22,,TRUE,TRUE,TRUE
primetip,,,22,,TRUE,TRUE,TRUE
pritty,,,22,,TRUE,TRUE,TRUE
privacyapp,,,66,,TRUE,TRUE,TRUE
proofwin,,,22,,TRUE,TRUE,TRUE
protoprogram,,,22,,TRUE,TRUE,TRUE
pterophorid,,,22,"tiny plume moths, a family of Lepidoptera with unusually modified wings",TRUE,TRUE,TRUE
pubmata,,,22,,TRUE,TRUE,TRUE
punxart,,,222,,TRUE,TRUE,TRUE
purrjoy,,,22,,TRUE,TRUE,TRUE
px__xq,,,22,,TRUE,TRUE,TRUE
pyot,,,444,pik-ur-own-talent\team\time\trash | Put Yourself Out There | Print Your Own Tee | magpie | piebald horse,TRUE,TRUE,TRUE
qsks,,,444,q asks .. asks questions,TRUE,TRUE,TRUE
qsld,,,444,qld sld,FALSE,FALSE,TRUE
quirioco,,,,,FALSE,FALSE,TRUE
qwipper,,,22,,TRUE,TRUE,TRUE
r8edu,,,44,,TRUE,TRUE,TRUE
r8eth,,,88,,TRUE,TRUE,TRUE
rainforesttours,,,22,,FALSE,FALSE,TRUE
raisedefi,,,22,,TRUE,TRUE,TRUE
rantize,,,22,,TRUE,TRUE,TRUE
raredrinks,,,22,,TRUE,TRUE,TRUE
rastamagic,,,33,,TRUE,TRUE,TRUE
ratetable,,,55,,TRUE,TRUE,TRUE
rched,,,33,,TRUE,TRUE,TRUE
readabl,,,111,,FALSE,FALSE,TRUE
rebelnomad,,,55,,TRUE,TRUE,TRUE
recipecart,,,22,,TRUE,TRUE,TRUE
recorrio,,,333,"ES 'toured, verb: travel, walk, tour'",TRUE,TRUE,TRUE
reedah,,,22,,TRUE,TRUE,TRUE
reeferparadise,,,22,,TRUE,TRUE,TRUE
regularira,,,22,PT 'regular' | ES 'regularize',TRUE,TRUE,TRUE
rememe,,,555,,TRUE,TRUE,TRUE
rentboards,,,22,,FALSE,FALSE,TRUE
rerolle,,,22,,TRUE,TRUE,TRUE
resourcio,,,55,,TRUE,TRUE,TRUE
respondwell,,,11,,TRUE,TRUE,TRUE
retiredguy,,,22,,TRUE,TRUE,TRUE
returnbest,,,22,,TRUE,TRUE,TRUE
retyped,,,100,"Whether it be re-styled, or put in a new format some other way, this would seem a most useful name.",TRUE,TRUE,TRUE
reunionnft,,,22,,TRUE,TRUE,TRUE
reusedefi,,,22,,TRUE,TRUE,TRUE
rhymetime,,,55,,TRUE,TRUE,TRUE
ribx,,,11,,TRUE,TRUE,TRUE
ridedragon,,,22,,TRUE,TRUE,TRUE
ripz,,,11,,FALSE,FALSE,TRUE
rob-u,,,55,,TRUE,TRUE,TRUE
robocosmic,,,22,,TRUE,TRUE,TRUE
romanroad,,,77,,TRUE,TRUE,TRUE
rommany,,,99,,TRUE,TRUE,TRUE
rotaitalia,,,22,Rota Italia,TRUE,TRUE,TRUE
rrbt,,,444,,TRUE,TRUE,TRUE
rugbycamp,,,22,,TRUE,TRUE,TRUE
rugminter,,,11,,TRUE,TRUE,TRUE
rugowner,,,22,,TRUE,TRUE,TRUE
ruincrypto,,,22,,TRUE,TRUE,TRUE
runeditor,,,33,,TRUE,TRUE,TRUE
runtofthelitter,,,22,,TRUE,TRUE,TRUE
ruzhdi,,,44,Albanian 'Rushdie' [https://en.wikipedia.org/wiki/Salman_Rushdie],TRUE,TRUE,TRUE
rylife,,,22,,TRUE,TRUE,TRUE
ryoc,,,444,Rule\Run Your Own Country | Roll Your Own Candy\Cigarettes,TRUE,TRUE,TRUE
ryougae,,,222,,TRUE,TRUE,TRUE
s-e-l-l,,,777,,TRUE,TRUE,TRUE
s3cr3tz,,,44,,TRUE,TRUE,TRUE
sablayan,,,22,"officially the Municipality of Sablayan, is a 1st class municipality in the province of Occidental Mindoro, Philippines.",TRUE,TRUE,TRUE
sadguide,,,11,,TRUE,TRUE,TRUE
sagepunk,,,22,,TRUE,TRUE,TRUE
salespipe,,,222,,TRUE,TRUE,TRUE
salesweb,,,222,,TRUE,TRUE,TRUE
salezy,,,77,,TRUE,TRUE,TRUE
saluh,,,22,,TRUE,TRUE,TRUE
salutoria,,,22,IT 'salutary',TRUE,TRUE,TRUE
savagekingdom,,,22,,TRUE,TRUE,TRUE
sayut,,,55,,TRUE,TRUE,TRUE
sayy,,,444,,TRUE,TRUE,TRUE
schaerme,,,222,DE 'scare',TRUE,TRUE,TRUE
scoundrelly,,,22,,TRUE,TRUE,TRUE
searchya,,,22,,TRUE,TRUE,TRUE
secretspot,,,888,,TRUE,TRUE,TRUE
segonds,,,22,,TRUE,TRUE,TRUE
seisan,,,111,,TRUE,TRUE,TRUE
selfexpert,,,44,,TRUE,TRUE,TRUE
sensexoracle,,,22,,TRUE,TRUE,TRUE
seochecker,,,201,,TRUE,TRUE,TRUE
seoguy,,,222,,TRUE,TRUE,TRUE
seooptimise,,,55,,TRUE,TRUE,TRUE
seospy,,,55,,TRUE,TRUE,TRUE
seosy,,,55,,TRUE,TRUE,TRUE
seperate,,,222,mis-spall 'separate',TRUE,TRUE,TRUE
serbis,,,22,,TRUE,TRUE,TRUE
seriouspizza,,,55,,TRUE,TRUE,TRUE
setcamera,,,22,,TRUE,TRUE,TRUE
sewah,,,22,,TRUE,TRUE,TRUE
sh1ts,,,555,,TRUE,TRUE,TRUE
shakendip,,,22,,TRUE,TRUE,TRUE
shamcenter,,,22,,TRUE,TRUE,TRUE
shedcar,,,222,,TRUE,TRUE,TRUE
shev,,,444,,TRUE,TRUE,TRUE
shif,,,444,,TRUE,TRUE,TRUE
shitheap,,,222,,TRUE,TRUE,TRUE
shopdaily,,,555,,TRUE,TRUE,TRUE
shopgamer,,,22,,TRUE,TRUE,TRUE
shopreturn,,,22,,TRUE,TRUE,TRUE
showcat,,,222,,TRUE,TRUE,TRUE
showing-off,,,55,,TRUE,TRUE,TRUE
siguret,,,22,,TRUE,TRUE,TRUE
sikpur,,,44,,TRUE,TRUE,TRUE
silkcotton,,,11,,TRUE,TRUE,TRUE
silonft,,,22,,TRUE,TRUE,TRUE
simfile,,,22,,TRUE,TRUE,TRUE
simplefurniture,,,22,,TRUE,TRUE,TRUE
sirgas,,,22,,TRUE,TRUE,TRUE
sirwish,,,22,,TRUE,TRUE,TRUE
sitalone,,,22,,TRUE,TRUE,TRUE
siteologist,,,22,,TRUE,TRUE,TRUE
sitesite,,,111,the.sitesite,TRUE,TRUE,TRUE
skichains,,,99,,TRUE,TRUE,TRUE
slamfun,,,22,,TRUE,TRUE,TRUE
slangular,,,22,,TRUE,TRUE,TRUE
slogwood,,,22,,TRUE,TRUE,TRUE
slowtravel,,,1111,,TRUE,TRUE,TRUE
slybris,,,22,,TRUE,TRUE,TRUE
smallwhale,,,333,,TRUE,TRUE,TRUE
smarthing,,,444,,TRUE,TRUE,TRUE
smartswag,,,33,,TRUE,TRUE,TRUE
smash-the-bat,,,22,,TRUE,TRUE,TRUE
smilesdebit,,,11,,TRUE,TRUE,TRUE
smileyapp,,,55,,TRUE,TRUE,TRUE
smokedaddy,,,22,,TRUE,TRUE,TRUE
sname,,,555,,TRUE,TRUE,TRUE
snowboardhire,,,22,,TRUE,TRUE,TRUE
snowbrand,,,22,,TRUE,TRUE,TRUE
snrz,,,444,,TRUE,TRUE,TRUE
snse,,,444,,TRUE,TRUE,TRUE
sokolice,,,55,Croatian falcons,TRUE,TRUE,TRUE
solaje,,,111,ES solace,TRUE,TRUE,TRUE
solardeity,,,33,,TRUE,TRUE,TRUE
solhus,,,555,Nordic\Scandanavian 'solar house',TRUE,TRUE,TRUE
solici,,,222,ES 'I requested',TRUE,TRUE,TRUE
sorde,,,111,IT deaf,TRUE,TRUE,TRUE
sosici,,,111,SOS ici FR - 'Help here!' .. ALSO a place in Croatia,TRUE,TRUE,TRUE
soundgem,,,55,,TRUE,TRUE,TRUE
space1999,,,444,,TRUE,TRUE,TRUE
spacecraft-shop,,,11,,TRUE,TRUE,TRUE
spacemanyang,,,22,,TRUE,TRUE,TRUE
spacexstock,,,55,,TRUE,TRUE,TRUE
spamsite,,,55,,TRUE,TRUE,TRUE
spanici,,,111,IT spanic,TRUE,TRUE,TRUE
spanishdelight,,,22,,TRUE,TRUE,TRUE
spasovnica,,,22,BU lifeguard,TRUE,TRUE,TRUE
specialart,,,33,,TRUE,TRUE,TRUE
specialdish,,,111,,TRUE,TRUE,TRUE
spellmaster,,,222,,TRUE,TRUE,TRUE
sping,,,22,,TRUE,TRUE,TRUE
sportcritic,,,222,,TRUE,TRUE,TRUE
spraca,,,22,PO runs back,TRUE,TRUE,TRUE
spreca,,,22,IT 'wastes',TRUE,TRUE,TRUE
spued,,,111,spewed,TRUE,TRUE,TRUE
srebrnica,,,111,https://en.wikipedia.org/wiki/Srebrenica,TRUE,TRUE,TRUE
srebrnik,,,22,Slovenian silver,TRUE,TRUE,TRUE
srednje,,,22,Slovenian 'medium',TRUE,TRUE,TRUE
staffmail,,,33,,TRUE,TRUE,TRUE
staffpower,,,33,,TRUE,TRUE,TRUE
stalkia,,,11,,TRUE,TRUE,TRUE
stardiets,,,55,,TRUE,TRUE,TRUE
stargod,,,111,,TRUE,TRUE,TRUE
starmoves,,,44,,TRUE,TRUE,TRUE
startdomain,,,33,,TRUE,TRUE,TRUE
starttravel,,,11,,TRUE,TRUE,TRUE
startyourblockchain,,,55,,TRUE,TRUE,TRUE
statcorner,,,22,,TRUE,TRUE,TRUE
stirpiculturist,,,22,One who devotes themself to the improvement of the breed or stock in animals,TRUE,TRUE,TRUE
stoicslime,,,55,,TRUE,TRUE,TRUE
stonercards,,,22,,TRUE,TRUE,TRUE
stonerpal,,,22,,TRUE,TRUE,TRUE
stonerplay,,,22,,TRUE,TRUE,TRUE
stonerstickers,,,33,,TRUE,TRUE,TRUE
stonetype,,,22,,TRUE,TRUE,TRUE
stoptrafficking,,,22,,TRUE,TRUE,TRUE
subworx,,,22,,TRUE,TRUE,TRUE
sucy-en-brie,,,11,https://en.wikipedia.org/wiki/Sucy-en-Brie,TRUE,TRUE,TRUE
sumjet,,,55,some jet .. pick your airline [and its cost] !,TRUE,TRUE,TRUE
sunrisehns,,,456,For all things new in Handshake.......,TRUE,TRUE,TRUE
sunrub,,,55,,TRUE,TRUE,TRUE
sunseason,,,22,,TRUE,TRUE,TRUE
sunsetride,,,33,,FALSE,FALSE,TRUE
sunsout,,,,,FALSE,FALSE,TRUE
supernovaremnant,,,22,,TRUE,TRUE,TRUE
superscalar,,,44,,TRUE,TRUE,TRUE
supersquid,,,22,,TRUE,TRUE,TRUE
surfas,,,888,,TRUE,TRUE,TRUE
surfpismo,,,11,,TRUE,TRUE,TRUE
surftips,,,55,,TRUE,TRUE,TRUE
surjan,,,55,phonetic 'surgeon',TRUE,TRUE,TRUE
suryayoga,,,55,,TRUE,TRUE,TRUE
sushiknife,,,33,,TRUE,TRUE,TRUE
sys-admin,,,111,,TRUE,TRUE,TRUE
systray,,,44,,TRUE,TRUE,TRUE
tablefor2,,,22,,TRUE,TRUE,TRUE
tablista,,,55,"ES 'surfer, windsurfer'",TRUE,TRUE,TRUE
tacoify,,,777,,TRUE,TRUE,TRUE
tacoverse,,,777,,TRUE,TRUE,TRUE
takestan,,,20,"Siadehan or Siaden, aka Takestan, is a city and capital of Takestan County, in Qazvin Province, Iran; literally means vineyard"".""",TRUE,TRUE,TRUE
tao-yin,,,33,,TRUE,TRUE,TRUE
tardan,,,11,,TRUE,TRUE,TRUE
targetbow,,,55,,TRUE,TRUE,TRUE
tastetomint,,,22,,TRUE,TRUE,TRUE
taxde,,,55,,TRUE,TRUE,TRUE
tdld,,,444,,TRUE,TRUE,TRUE
teachaid,,,22,,TRUE,TRUE,TRUE
teaorange,,,,,FALSE,FALSE,TRUE
technothink,,,22,techno-think | tech-no-think,TRUE,TRUE,TRUE
techxpert,,,55,,TRUE,TRUE,TRUE
tekko,,,333,,TRUE,TRUE,TRUE
tellsus,,,11,,TRUE,TRUE,TRUE
temptio,,,11,,TRUE,TRUE,TRUE
tentcampers,,,22,,FALSE,FALSE,TRUE
territoriums,,,55,plural - The land around or within the boundaries of a town; territory [latin],TRUE,TRUE,TRUE
thatblockchain,,,22,,TRUE,TRUE,TRUE
theartofwriting,,,33,,TRUE,TRUE,TRUE
theeightfoldpath,,,111,,TRUE,TRUE,TRUE
theforks,,,123,If you really need to give a mate something special....!,TRUE,TRUE,TRUE
thegeekchic,,,22,,TRUE,TRUE,TRUE
thenbtc,,,333,,TRUE,TRUE,TRUE
theriez,,,33,,TRUE,TRUE,TRUE
theworldisawonderfulplace,,,55,,TRUE,TRUE,TRUE
thi.sname,,,,t-,FALSE,FALSE,FALSE
thingtrade,,,22,,TRUE,TRUE,TRUE
thiscanbeseen,,,11,,TRUE,TRUE,TRUE
thousandsuns,,,22,,TRUE,TRUE,TRUE
thrillbox,,,22,,TRUE,TRUE,TRUE
thunder-god,,,11,,TRUE,TRUE,TRUE
tiedyes,,,55,,TRUE,TRUE,TRUE
tiemekangaroodown,,,22,,FALSE,FALSE,TRUE
tilava,,,22,FI 'spacious',TRUE,TRUE,TRUE
timarci,,,11,"located in Bosnia and Herzegovina about 102 mi (or 163 km) north-west of Sarajevo, the country's capital",TRUE,TRUE,TRUE
timelineapp,,,55,,TRUE,TRUE,TRUE
timofeji,,,9,,TRUE,TRUE,TRUE
tincanblues,,,22,,TRUE,TRUE,TRUE
tindwari,,,11,A Northern Indian town and a nagar panchayat (area transitioning from rural to urban) in Banda district in the state of Uttar Pradesh.,TRUE,TRUE,TRUE
tipure,,,11,,TRUE,TRUE,TRUE
tiskovac,,,22,"Czech 'printer' [OR .. a place is situated in Zadar-Knin, Croatia]",TRUE,TRUE,TRUE
titlebar,,,44,,TRUE,TRUE,TRUE
tkoin,,,111,tko [total knockout] coin,TRUE,TRUE,TRUE
tlid,,,444,4char 'Top-Level ID',TRUE,TRUE,TRUE
tobut,,,222,"to say 'but...' [OR.. Uzbek 'coffin' .. OR .. a populated place in the municipality of Lopare, Bosnia and Herzegovina]",TRUE,TRUE,TRUE
todaydate,,,55,,TRUE,TRUE,TRUE
token-wallet,,,111,,TRUE,TRUE,TRUE
toplot,,,22,,TRUE,TRUE,TRUE
torosbravos,,,111,Spanish Fighting Bull,TRUE,TRUE,TRUE
toskas,,,22,,TRUE,TRUE,TRUE
touchass,,,22,,TRUE,TRUE,TRUE
touchcat,,,44,,TRUE,TRUE,TRUE
touristmaps,,,4444,,TRUE,TRUE,TRUE
toxinfo,,,22,,TRUE,TRUE,TRUE
toysolar,,,22,,TRUE,TRUE,TRUE
tradebody,,,444,,TRUE,TRUE,TRUE
trans-action,,,222,,TRUE,TRUE,TRUE
transvests,,,22,,TRUE,TRUE,TRUE
trappists,,,44,,FALSE,FALSE,TRUE
trashforce,,,33,,TRUE,TRUE,TRUE
travelfinds,,,22,,TRUE,TRUE,TRUE
travelzooz,,,22,,TRUE,TRUE,TRUE
traviezas,,,22,SP mischief,TRUE,TRUE,TRUE
treattrove,,,22,,TRUE,TRUE,TRUE
tribalsite,,,111,,TRUE,TRUE,TRUE
trickhorse,,,55,,TRUE,TRUE,TRUE
trigerd,,,111,,TRUE,TRUE,TRUE
trigolo,,,22,,TRUE,TRUE,TRUE
tro1,,,444,,TRUE,TRUE,TRUE
tronaut,,,22,,TRUE,TRUE,TRUE
trrz,,,444,,TRUE,TRUE,TRUE
truffledog,,,44,,TRUE,TRUE,TRUE
truffledoge,,,444,,TRUE,TRUE,TRUE
trufflepig,,,44,,TRUE,TRUE,TRUE
truistic,,,,,FALSE,FALSE,TRUE
trustate,,,222,,TRUE,TRUE,TRUE
tsmo,,,444,,TRUE,TRUE,TRUE
tsmr,,,444,,TRUE,TRUE,TRUE
tsmy,,,444,,TRUE,TRUE,TRUE
tufanganj,,,11,An Eastern Indian city and a municipality of Cooch Behar district in the state of West Bengal.,TRUE,TRUE,TRUE
turfcutter,,,22,,TRUE,TRUE,TRUE
tvea,,,444,,TRUE,TRUE,TRUE
tvem,,,444,,TRUE,TRUE,TRUE
tvew,,,444,,TRUE,TRUE,TRUE
tvlaw,,,11,,TRUE,TRUE,TRUE
tvpool,,,22,,TRUE,TRUE,TRUE
tweenparty,,,22,,TRUE,TRUE,TRUE
twitwise,,,22,,TRUE,TRUE,TRUE
twobob,,,22,,TRUE,TRUE,TRUE
twoboss,,,22,,TRUE,TRUE,TRUE
twofanatics,,,22,,TRUE,TRUE,TRUE
twoloan,,,22,,TRUE,TRUE,TRUE
tyob,,,444,,TRUE,TRUE,TRUE
typecasting,,,444,,TRUE,TRUE,TRUE
u-rob,,,55,,TRUE,TRUE,TRUE
ubjw,,,444,You BE JW,TRUE,TRUE,TRUE
ucorps,,,222,,TRUE,TRUE,TRUE
ucubit,,,22,,TRUE,TRUE,TRUE
uddl,,,444,p.uddl/ | m.uddl/ | bef.uddle/ | c.uddl/ | h.uddl/,TRUE,TRUE,TRUE
uggb,,,444,,TRUE,TRUE,TRUE
uhnsi,,,22,,TRUE,TRUE,TRUE
uimenu,,,22,,TRUE,TRUE,TRUE
understars,,,22,,TRUE,TRUE,TRUE
uneidlich,,,22,,TRUE,TRUE,TRUE
unh-unh,,,11,,TRUE,TRUE,TRUE
unhodl,,,111,,TRUE,TRUE,TRUE
unialfa,,,22,,TRUE,TRUE,TRUE
unicornsnot,,,11,,TRUE,TRUE,TRUE
uniquecapital,,,22,,TRUE,TRUE,TRUE
universalearning,,,444,,TRUE,TRUE,TRUE
unlipped,,,22,,TRUE,TRUE,TRUE
unmoated,,,22,,TRUE,TRUE,TRUE
unnel,,,33,f.unnel | t.unnel | ch.unnel | ipt.unnel | g.unnel,TRUE,TRUE,TRUE
unosquare,,,22,,TRUE,TRUE,TRUE
up-skill,,,444,,TRUE,TRUE,TRUE
upload69,,,33,,TRUE,TRUE,TRUE
urbanforum,,,22,,TRUE,TRUE,TRUE
uri30,,,15,"Uniform Resource Identifier | URI-30 Bladder control,Stops Urges,Frequent Urination,Homeopathic Pills.Urinary Incontinence",TRUE,TRUE,TRUE
usahere,,,55,,TRUE,TRUE,TRUE
usdsos,,,22,US Dollar (USD) \ Somali Shilling (SOS) [Notation],TRUE,TRUE,TRUE
usertrade,,,22,,TRUE,TRUE,TRUE
usualcrypto,,,22,,TRUE,TRUE,TRUE
usualstory,,,111,,TRUE,TRUE,TRUE
utkur,,,11,,TRUE,TRUE,TRUE
v101,,,444,,TRUE,TRUE,TRUE
vaccinedesk,,,22,,TRUE,TRUE,TRUE
vapenight,,,55,,TRUE,TRUE,TRUE
vextreme,,,22,,TRUE,TRUE,TRUE
vhnsi,,,22,,TRUE,TRUE,TRUE
villagemart,,,66,,TRUE,TRUE,TRUE
voicewords,,,55,,TRUE,TRUE,TRUE
voidnft,,,22,,TRUE,TRUE,TRUE
vorgeschlagen,,,22,"DE verb:\n suggest, propose, put forward, nominate, propound",TRUE,TRUE,TRUE
vrdrift,,,222,,TRUE,TRUE,TRUE
vsjpqasq6hn5bckx6ptohyhf54virvpbi4577ra6fumq4ri7mrca,,,,,FALSE,FALSE,FALSE
vuec,,,44,,TRUE,TRUE,TRUE
vulpmes,,,22,,TRUE,TRUE,TRUE
w3belf,,,33,,TRUE,TRUE,TRUE
waben,,,88,DE honeycomb,TRUE,TRUE,TRUE
wafflings,,,22,,TRUE,TRUE,TRUE
walkwin,,,22,,TRUE,TRUE,TRUE
walllaw,,,44,,TRUE,TRUE,TRUE
warw,,,1234,,TRUE,TRUE,TRUE
waytask,,,22,,TRUE,TRUE,TRUE
wayy,,,444,,TRUE,TRUE,TRUE
wealthworx,,,22,,TRUE,TRUE,TRUE
web3dot0,,,77,,TRUE,TRUE,TRUE
webfintech,,,68,,TRUE,TRUE,TRUE
webjames,,,33,,TRUE,TRUE,TRUE
webmeal,,,22,,TRUE,TRUE,TRUE
webpager,,,111,,TRUE,TRUE,TRUE
weof,,,444,,TRUE,TRUE,TRUE
whackedout,,,22,,TRUE,TRUE,TRUE
wholegoods,,,111,,TRUE,TRUE,TRUE
wija,,,444,ouija [board],TRUE,TRUE,TRUE
wikimanual,,,222,,TRUE,TRUE,TRUE
wikimonks,,,11,,TRUE,TRUE,TRUE
wikisage,,,22,,TRUE,TRUE,TRUE
wildcaughtfish,,,555,,TRUE,TRUE,TRUE
wildfermentation,,,111,,TRUE,TRUE,TRUE
wildflowrs,,,22,,TRUE,TRUE,TRUE
wildnite,,,55,,TRUE,TRUE,TRUE
wildplaces,,,111,,TRUE,TRUE,TRUE
wildwallaby,,,222,,FALSE,FALSE,TRUE
windandsun,,,33,,FALSE,FALSE,TRUE
windhide,,,22,,TRUE,TRUE,TRUE
windivo,,,22,,TRUE,TRUE,TRUE
windoors,,,111,,TRUE,TRUE,TRUE
windowr,,,111,,TRUE,TRUE,TRUE
wineideal,,,44,,TRUE,TRUE,TRUE
winnerlife,,,33,,TRUE,TRUE,TRUE
wivestales,,,55,,TRUE,TRUE,TRUE
wokegeek,,,55,,TRUE,TRUE,TRUE
wondah,,,22,,TRUE,TRUE,TRUE
word-for-word,,,33,,TRUE,TRUE,TRUE
worksolid,,,33,,TRUE,TRUE,TRUE
worldbirth,,,22,,TRUE,TRUE,TRUE
worldtrail,,,22,,TRUE,TRUE,TRUE
wvim,,,444,,TRUE,TRUE,TRUE
ww2gear,,,22,,TRUE,TRUE,TRUE
wyciwyg,,,22,,TRUE,TRUE,TRUE
xbbq,,,555,,TRUE,TRUE,TRUE
xdag,,,444,,TRUE,TRUE,TRUE
xehn,,,444,,TRUE,TRUE,TRUE
xempted,,,22,,TRUE,TRUE,TRUE
xhack,,,222,,TRUE,TRUE,TRUE
xleg,,,444,4char 'cross-leg',TRUE,TRUE,TRUE
xn--00w46q,浮白,PUNY_IDNA,333,CH\ZH ‘white’,TRUE,TRUE,TRUE
xn--0p9hyl,🤘🧔,PUNY_IDNA,,,FALSE,FALSE,TRUE
xn--0q8hpj,🔊👲,PUNY_IDNA,,,FALSE,FALSE,TRUE
xn--0q8hqj,👲🔊,PUNY_IDNA,,,FALSE,FALSE,TRUE
xn--0s8ha884a,💸🤝💸,PUNY_IDNA,,,FALSE,FALSE,TRUE
xn--0t8hb,📜📛,PUNY_IDNA,,,FALSE,FALSE,TRUE
xn--11bo3d2c1c,क्रीज,PUNY_IDNA,,,FALSE,FALSE,TRUE
xn--11bug7bu8bwg8ang,स्केटबोर्ड,PUNY_IDNA,555,Hindi 'Skateboard',TRUE,TRUE,TRUE
xn--15q26v,全季,PUNY_IDNA,1234,CH\ZH ‘all seasons’,TRUE,TRUE,TRUE
xn--1o8h04g,🐭🧚,PUNY_IDNA,,,FALSE,FALSE,TRUE
xn--1o8hr6a,😶🐭,PUNY_IDNA,,,FALSE,FALSE,TRUE
xn--1o8hs6a,🐭😶,PUNY_IDNA,,,FALSE,FALSE,TRUE
xn--1o8ht2f,🤗🐭,PUNY_IDNA,,,FALSE,FALSE,TRUE
xn--1o8hu2f,🐭🤗,PUNY_IDNA,,,FALSE,FALSE,TRUE
xn--1o8hz4g,🧚🐭,PUNY_IDNA,,,FALSE,FALSE,TRUE
xn--1q8hnj,🔊👳,PUNY_IDNA,,,FALSE,FALSE,TRUE
xn--1q8hoj,👳🔊,PUNY_IDNA,,,FALSE,FALSE,TRUE
xn--1ug1455p8fa,💕👏,"PUNY_ALT,PUNY_INVALID",,,FALSE,FALSE,TRUE
xn--1ug1455p9fa,👏💕,"PUNY_ALT,PUNY_INVALID",,,FALSE,FALSE,TRUE
xn--24x,狅,PUNY_IDNA,8888,CH/ZH 'mad',TRUE,TRUE,TRUE
xn--26hwd1683fba,♻️⚛️,PUNY_ALT,,,FALSE,FALSE,TRUE
xn--2me,ᕤ,PUNY_IDNA,55555,,FALSE,FALSE,TRUE
xn--2p8h3c,💀👑,PUNY_IDNA,111,IDNA skull crown,TRUE,TRUE,TRUE
xn--2p8h3cy7m,💀🤝👑,PUNY_IDNA,,,FALSE,FALSE,TRUE
xn--2p8h4c,👑💀,PUNY_IDNA,111,IDNA crown skull,TRUE,TRUE,TRUE
xn--2p8h50f,🤡👑,PUNY_IDNA,,,FALSE,FALSE,TRUE
xn--2p8h96f,🦃👑,PUNY_IDNA,,,FALSE,FALSE,TRUE
xn--2p8hhf,💥👑,PUNY_IDNA,,,FALSE,FALSE,TRUE
xn--2p8hjl,🔆👑,PUNY_IDNA,,,FALSE,FALSE,TRUE
xn--2p8hnb29a,👨🔬👑,PUNY_IDNA,,,FALSE,FALSE,TRUE
xn--2p8hpby7a,👩🔬👑,PUNY_IDNA,,,FALSE,FALSE,TRUE
xn--2p8htq,🕛👑,PUNY_IDNA,,,FALSE,FALSE,TRUE
xn--2w2b155a,차르,PUNY_IDNA,,KO ‘tsar’,FALSE,FALSE,TRUE
xn--3bs63j2w3c,团小课,PUNY_IDNA,,,FALSE,FALSE,TRUE
xn--3k8h1a,🎱🎣,PUNY_IDNA,,,FALSE,FALSE,TRUE
xn--3n1b4fa743m,도도덱스,PUNY_IDNA,,,FALSE,FALSE,TRUE
xn--43h4080o,☔😍,PUNY_IDNA,,,FALSE,FALSE,TRUE
xn--45q11cm41a,八卦掌,PUNY_IDNA,,CH/ZH 'Baguazhang',FALSE,FALSE,TRUE
xn--45qa42l6w6e,八百八十,PUNY_IDNA,880,CH\ZH ‘880’,TRUE,TRUE,TRUE
xn--45qqoj7c44m,八分君子,PUNY_IDNA,,,FALSE,FALSE,TRUE
xn--45qu04cprp,紅八月,PUNY_IDNA,,,FALSE,FALSE,TRUE
xn--4dbagida3all0j,ארכאולוגיה,PUNY_IDNA,,,FALSE,FALSE,TRUE
xn--4gq537o9vbc6b,驼一阵风,PUNY_IDNA,,,FALSE,FALSE,TRUE
xn--4gqra70b,三二一,PUNY_IDNA,3210,CH\ZH ‘3 2 1’,TRUE,TRUE,TRUE
xn--4gqu4ltz1b,一程又,PUNY_IDNA,,,FALSE,FALSE,TRUE
xn--4kqw3e63mcrc,公安二师,PUNY_IDNA,,,FALSE,FALSE,TRUE
xn--4qsveow,姜大声,PUNY_IDNA,,,FALSE,FALSE,TRUE
xn--53h0179n6wabe48i,🐝☕👀🚀🌑,PUNY_IDNA,22,-bee-tea-see-rocket-moon-,TRUE,TRUE,TRUE
xn--53tu51j,长征,PUNY_IDNA,,,FALSE,FALSE,TRUE
xn--55q5d944a,公安军,PUNY_IDNA,,,FALSE,FALSE,TRUE
xn--57h0579n,⚡🎹,PUNY_IDNA,,,FALSE,FALSE,TRUE
xn--57h4771o,⚡🥁,PUNY_IDNA,,,FALSE,FALSE,TRUE
xn--5biy519m,😂✊,PUNY_IDNA,,,FALSE,FALSE,TRUE
xn--5gqr5yss2a,丁大米,PUNY_IDNA,222,CH\ZH 'ding rice',TRUE,TRUE,TRUE
xn--5k8h7s,📖🎥,PUNY_IDNA,,,FALSE,FALSE,TRUE
xn--5p9hga,🤝🤠,PUNY_IDNA,111,IDNA handshake cowboy,TRUE,TRUE,TRUE
xn--5p9hia,🤝🤡,PUNY_IDNA,,,FALSE,FALSE,TRUE
xn--5suv74k,拉麵,PUNY_IDNA,,,FALSE,FALSE,TRUE
xn--64h4989n,☹🎵,PUNY_IDNA,,,FALSE,FALSE,TRUE
xn--64h4989nca,☹🎶🎵,PUNY_IDNA,,,FALSE,FALSE,TRUE
xn--64h4989nda,☹🎵🎶,PUNY_IDNA,,,FALSE,FALSE,TRUE
xn--64hx850o,🖕☹,PUNY_IDNA,,,FALSE,FALSE,TRUE
xn--69qa8270d,龙凹凹,PUNY_IDNA,,,FALSE,FALSE,TRUE
xn--6bi2648mkbaa,✋🏿🐎🐎,PUNY_IDNA,,,FALSE,FALSE,TRUE
xn--6bi2648mteaa,✋🏿🐴🐴,PUNY_IDNA,,,FALSE,FALSE,TRUE
xn--6biz918m1uabaa,🐦✋🐦🐦🌳,PUNY_IDNA,,,FALSE,FALSE,TRUE
xn--75gy1u,❤↔,PUNY_IDNA,,,FALSE,FALSE,TRUE
xn--7biw910n,🤏✌,PUNY_IDNA,,,FALSE,FALSE,TRUE
xn--7o8hd,🐵🐳,PUNY_IDNA,,,FALSE,FALSE,TRUE
xn--80aab1b7ctb,бацька,PUNY_IDNA,,,FALSE,FALSE,TRUE
xn--80aab1h,баща,PUNY_IDNA,,,FALSE,FALSE,TRUE
xn--80aag,аав,PUNY_IDNA,,,FALSE,FALSE,TRUE
xn--80aal6bi,падар,PUNY_IDNA,,,FALSE,FALSE,TRUE
xn--80aaq9bh,ужаса,PUNY_IDNA,,,FALSE,FALSE,TRUE
xn--80aaty1a,знаат,PUNY_IDNA,,,FALSE,FALSE,TRUE
xn--80ab2aqs4d,батько,PUNY_IDNA,,,FALSE,FALSE,TRUE
xn--80apmj,имао,PUNY_IDNA,,,FALSE,FALSE,TRUE
xn--80auevl,маску,PUNY_IDNA,,,FALSE,FALSE,TRUE
xn--85bhk3j,বন্য,PUNY_IDNA,,,FALSE,FALSE,TRUE
xn--88j6eta,をする,PUNY_IDNA,,,FALSE,FALSE,TRUE
xn--8biw468m,✍💅,PUNY_IDNA,,,FALSE,FALSE,TRUE
xn--8ov0180g,🧧有,PUNY_IDNA,88,,TRUE,TRUE,TRUE
xn--94qv64c,未免,PUNY_IDNA,,,FALSE,FALSE,TRUE
xn--98h2529m,😍⛈,PUNY_IDNA,,,FALSE,FALSE,TRUE
xn--9dbr0a,קמו,PUNY_IDNA,,,FALSE,FALSE,TRUE
xn--9g8hit,🌝👑,PUNY_IDNA,111,,TRUE,TRUE,TRUE
xn--9hcd8cb,ବାପା,PUNY_IDNA,,,FALSE,FALSE,TRUE
xn--9n8hpt,🕊🐒,PUNY_IDNA,,,FALSE,FALSE,TRUE
xn--9o8h12a,😃🐵,PUNY_IDNA,,,FALSE,FALSE,TRUE
xn--9o8hkhx1j,🐵🤝💪,PUNY_IDNA,,,FALSE,FALSE,TRUE
xn--9o8hqe95ck0epa,🐵🙃🤓🤖👽,PUNY_IDNA,,,FALSE,FALSE,TRUE
xn--9o8hqe95ck0eqa,🐵🙃🤓👽🤖,PUNY_IDNA,,,FALSE,FALSE,TRUE
xn--ai-on6cx8l,ai域名,PUNY_IDNA,,,FALSE,FALSE,TRUE
xn--ai-wl03a,🤑ai,PUNY_IDNA,,,FALSE,FALSE,TRUE
xn--b00bies,끙끓끗끝,PUNY_IDNA,,,FALSE,FALSE,TRUE
xn--b1aqlekei,вотпуск,PUNY_IDNA,,RU 'here is a vacation',FALSE,FALSE,TRUE
xn--cde-ho6a,c❄de,PUNY_IDNA,,,FALSE,FALSE,TRUE
xn--cekaa,ヨヨヨ,PUNY_IDNA,,,FALSE,FALSE,TRUE
xn--chq2c4jaa705e,十万个买买买,PUNY_IDNA,,,FALSE,FALSE,TRUE
xn--cjzu29a3zn,黑神话,PUNY_IDNA,,,FALSE,FALSE,TRUE
xn--cr8hth,📷👽,PUNY_IDNA,,,FALSE,FALSE,TRUE
xn--cz8ha61y,🖕🤚🖕,PUNY_IDNA,,,FALSE,FALSE,TRUE
xn--cz8ha914a,🖕🧣🖕,PUNY_IDNA,,,FALSE,FALSE,TRUE
xn--d9b4ae0a3gef,ਦੀਕਿਤਾਬ,PUNY_IDNA,,,FALSE,FALSE,TRUE
xn--dux-u19a,⭐dux,PUNY_IDNA,,,FALSE,FALSE,TRUE
xn--dv8h16e,🦘🔊,PUNY_IDNA,,,FALSE,FALSE,TRUE
xn--dv8hj8e,🦯🔊,PUNY_IDNA,,,FALSE,FALSE,TRUE
xn--dv8hk8e,🔊🦯,PUNY_IDNA,,,FALSE,FALSE,TRUE
xn--dvso25e,妄祁,PUNY_IDNA,,,FALSE,FALSE,TRUE
xn--e18h0m,🗝🚪,PUNY_IDNA,,,FALSE,FALSE,TRUE
xn--e1apl,сне,PUNY_IDNA,,,FALSE,FALSE,TRUE
xn--e1ar1a,оче,PUNY_IDNA,,,FALSE,FALSE,TRUE
xn--e2b8ah9b,वडील,PUNY_IDNA,,,FALSE,FALSE,TRUE
xn--e5h7270o,😃♀,PUNY_IDNA,,,FALSE,FALSE,TRUE
xn--e77hib.xn--nn8hc254cfa,🇦🇺.🫱🏼🫲🏽,PUNY_IDNA,,,FALSE,FALSE,TRUE
xn--e77hibw7p,🖕🇦🇺,PUNY_IDNA,222,thumb AU,FALSE,FALSE,TRUE
xn--e77hiby7p,🇦🇺🖕,PUNY_IDNA,11,IDNA AU thumb,FALSE,FALSE,TRUE
xn--ect323j,通宵,PUNY_IDNA,,"CH/ZH 'overnight' [adverb: overnight, all night long, the whole night]",FALSE,FALSE,TRUE
xn--ehq0m06e,三六五,PUNY_IDNA,365,CH\ZH ‘3 6 5’,TRUE,TRUE,TRUE
xn--ehq45fkxb6w6e,百八十三,PUNY_IDNA,,CH/ZH '183',FALSE,FALSE,TRUE
xn--ehq95fexb6w6e,三百六十,PUNY_IDNA,360,CH\ZH ‘360’,TRUE,TRUE,TRUE
xn--eih9625p,🚫⌛,PUNY_IDNA,,,FALSE,FALSE,TRUE
xn--em8hzc61p,🤚🏽🏐,PUNY_IDNA,,,FALSE,FALSE,TRUE
xn--entrs-esa,entrés,PUNY_IDNA,,,FALSE,FALSE,TRUE
xn--f77hbd1d,🇨🇩🇧🇷,PUNY_IDNA,,,FALSE,FALSE,TRUE
xn--fhq102n,迷上,PUNY_IDNA,,,FALSE,FALSE,TRUE
xn--fiq23l18g,安可中,PUNY_IDNA,,,FALSE,FALSE,TRUE
xn--fiq241nqud,中間进,PUNY_IDNA,,,FALSE,FALSE,TRUE
xn--fiq86kg7ekzk,中央厨房,PUNY_IDNA,,,FALSE,FALSE,TRUE
xn--fiq92vjza28m9wtsyo,天堂中的平民,PUNY_IDNA,,,FALSE,FALSE,TRUE
xn--fiqr1kb8cf1cus5h,中央警卫团,PUNY_IDNA,,,FALSE,FALSE,TRUE
xn--fiqr1kovf8vfd89d,中央警卫师,PUNY_IDNA,,,FALSE,FALSE,TRUE
xn--fiqrep10a7ue,学习中国,PUNY_IDNA,,,FALSE,FALSE,TRUE
xn--flq,亖,PUNY_IDNA,,CH/ZH '4',FALSE,FALSE,TRUE
xn--fr8hsc,💀💩,PUNY_IDNA,,,FALSE,FALSE,TRUE
xn--g02a,訐,PUNY_IDNA,,,FALSE,FALSE,TRUE
xn--g08h0f,🖼😙,PUNY_IDNA,,,FALSE,FALSE,TRUE
xn--g08h1f,😚🖼,PUNY_IDNA,,,FALSE,FALSE,TRUE
xn--g08h2f,🖼😚,PUNY_IDNA,,,FALSE,FALSE,TRUE
xn--g08hzf,😙🖼,PUNY_IDNA,,,FALSE,FALSE,TRUE
xn--g23a,輟,PUNY_IDNA,,,FALSE,FALSE,TRUE
xn--g28hib,😂😖,PUNY_IDNA,,,FALSE,FALSE,TRUE
xn--g5h3270o,😃♂,PUNY_IDNA,,,FALSE,FALSE,TRUE
xn--g6h9410oeaesot60sdxq,💓🖤♥💙💔🧡💞💕💛,PUNY_IDNA,,hearts galore,FALSE,FALSE,TRUE
xn--g77ha6ab282g,🇨🇳🤝🇨🇳,PUNY_IDNA,888,China HNS,TRUE,TRUE,TRUE
xn--g77hwa02n,🐋🇨🇳,PUNY_IDNA,,,FALSE,FALSE,TRUE
xn--g77hwa23s,🇨🇳💵,PUNY_IDNA,,,FALSE,FALSE,TRUE
xn--g77hwa349aca,🛰🇨🇳🛰,PUNY_IDNA,,,FALSE,FALSE,TRUE
xn--gecl5dc,પિતા,PUNY_IDNA,,,FALSE,FALSE,TRUE
xn--ggb5fxg,پيء,PUNY_IDNA,,,FALSE,FALSE,TRUE
xn--gmq182bese,无心人,PUNY_IDNA,,,FALSE,FALSE,TRUE
xn--gmqq18e,游人,PUNY_IDNA,,,FALSE,FALSE,TRUE
xn--goc6dh4c1dzd,తండ్రి,PUNY_IDNA,,,FALSE,FALSE,TRUE
xn--gs8hvx,😟💤,PUNY_IDNA,,,FALSE,FALSE,TRUE
xn--h1adalean,коронки,PUNY_IDNA,,,FALSE,FALSE,TRUE
xn--h4h2510o,☠👑,PUNY_IDNA,111,IDNA skull crown,TRUE,TRUE,TRUE
xn--h4h2510oi9c,☠🤝👑,PUNY_IDNA,,,FALSE,FALSE,TRUE
xn--h4h8091oja,☠🤝🤠,PUNY_IDNA,,,FALSE,FALSE,TRUE
xn--h4hx930o,📷☠,PUNY_IDNA,,,FALSE,FALSE,TRUE
xn--h4hz770o,😂☠,PUNY_IDNA,,,FALSE,FALSE,TRUE
xn--h77h5a70v,😃🇹🇩,PUNY_IDNA,,,FALSE,FALSE,TRUE
xn--h77hja842a,😃🇮🇩,PUNY_IDNA,,,FALSE,FALSE,TRUE
xn--hmf,ᨘ,PUNY_IDNA,,,FALSE,FALSE,TRUE
xn--hoh66f56ag053i,⏰➕👃☕,PUNY_IDNA,,,FALSE,FALSE,TRUE
xn--hvn-xr5ab,h☰v☰n,PUNY_IDNA,,[ETH],FALSE,FALSE,TRUE
xn--i48hg6chc,🙊🦧🦍,PUNY_IDNA,,,FALSE,FALSE,TRUE
xn--i77h6a30v,😃🇪🇺,PUNY_IDNA,,,FALSE,FALSE,TRUE
xn--idk9b,ニュ,PUNY_IDNA,,,FALSE,FALSE,TRUE
xn--ihqur60ar5y,今天不信,PUNY_IDNA,,,FALSE,FALSE,TRUE
xn--ipad-kt5fz95h,二手ipad,PUNY_IDNA,,,FALSE,FALSE,TRUE
xn--is8ha8b,💦💵💦,PUNY_IDNA,,,FALSE,FALSE,TRUE
xn--is8hka,💦💫,PUNY_IDNA,,,FALSE,FALSE,TRUE
xn--ivy-q192b4c,🇦🇺ivy,PUNY_IDNA,,AU,FALSE,FALSE,TRUE
xn--ixahb1dhnd,πατέρασ,PUNY_IDNA,,,FALSE,FALSE,TRUE
xn--j1aiaaavco,котофото,PUNY_IDNA,,BU 'cat photo',FALSE,FALSE,TRUE
xn--j38h5g,🚘😨,PUNY_IDNA,,,FALSE,FALSE,TRUE
xn--kg8h8m,🌄🏕,PUNY_IDNA,,,FALSE,FALSE,TRUE
xn--kg8hm6a,🌄🔊,PUNY_IDNA,,,FALSE,FALSE,TRUE
xn--kis,埄,PUNY_IDNA,55,,TRUE,TRUE,TRUE
xn--koa00ik53b,ɴғᴛ,PUNY_IDNA,,,FALSE,FALSE,TRUE
xn--l1b6a5b9a9f,अभीतक,PUNY_IDNA,,,FALSE,FALSE,TRUE
xn--l3h20aja22528bfaghij,☁⛅⛈🌤🌥🌦🌧🌨🌩,PUNY_IDNA,,,FALSE,FALSE,TRUE
xn--lcy850f,玩风,PUNY_IDNA,,,FALSE,FALSE,TRUE
xn--le5bt3b,이안,PUNY_IDNA,,,FALSE,FALSE,TRUE
xn--lebeb-8ra,lebebè,PUNY_IDNA,,,FALSE,FALSE,TRUE
xn--lo8hk4aycty,🚫😢🐝😂,PUNY_IDNA,,,FALSE,FALSE,TRUE
xn--loda5ab,მამა,PUNY_IDNA,,,FALSE,FALSE,TRUE
xn--lodaogin3b,მთავარი,PUNY_IDNA,,,FALSE,FALSE,TRUE
xn--look,䕳䕸,PUNY_IDNA,,,FALSE,FALSE,TRUE
xn--ltr54y,性命,PUNY_IDNA,,,FALSE,FALSE,TRUE
xn--lv8hii,🔒🖖,PUNY_IDNA,,,FALSE,FALSE,TRUE
xn--m77hd242a,😃🇰🇮,PUNY_IDNA,,,FALSE,FALSE,TRUE
xn--m77hga832a,😃🇮🇱,PUNY_IDNA,,,FALSE,FALSE,TRUE
xn--m77hia532a,😃🇮🇲,PUNY_IDNA,,,FALSE,FALSE,TRUE
xn--m77hma922a,😃🇮🇴,PUNY_IDNA,,,FALSE,FALSE,TRUE
xn--m77hqa322a,😃🇮🇶,PUNY_IDNA,,,FALSE,FALSE,TRUE
xn--m77hsa022a,😃🇮🇷,PUNY_IDNA,,,FALSE,FALSE,TRUE
xn--m77hwa412a,😃🇮🇹,PUNY_IDNA,,,FALSE,FALSE,TRUE
xn--m9h2678m,⛔💩,PUNY_IDNA,,,FALSE,FALSE,TRUE
xn--makuakne-m7a,makuakāne,PUNY_IDNA,,,FALSE,FALSE,TRUE
xn--meditating-4t2py55t,meditating中文,PUNY_IDNA,,,FALSE,FALSE,TRUE
xn--meditation-4t2py55t,meditation中文,PUNY_IDNA,,,FALSE,FALSE,TRUE
xn--mgbc6cyb,غالب,PUNY_IDNA,,,FALSE,FALSE,TRUE
xn--mgbpbq3ib,دادىسى,PUNY_IDNA,,,FALSE,FALSE,TRUE
xn--mgbpl1fsa,سيدنا,PUNY_IDNA,,,FALSE,FALSE,TRUE
xn--ml8hc63p,😖🎵🎶,PUNY_IDNA,,,FALSE,FALSE,TRUE
xn--ml8hc72p,😓🎵🎶,PUNY_IDNA,,,FALSE,FALSE,TRUE
xn--mm8het,🏘🔊,PUNY_IDNA,,,FALSE,FALSE,TRUE
xn--mn8h7ez3c,👌🏻😍,PUNY_IDNA,,,FALSE,FALSE,TRUE
xn--ms-ry2cs33g,ms中文,PUNY_IDNA,,,FALSE,FALSE,TRUE
xn--mxa6ajj,χαρτ,PUNY_IDNA,,[travel],FALSE,FALSE,TRUE
xn--n3h9280o,😍☃,PUNY_IDNA,,,FALSE,FALSE,TRUE
xn--n8j9a9dug,ばんざい,PUNY_IDNA,,,FALSE,FALSE,TRUE
xn--nft-eza,nftś,PUNY_IDNA,,,FALSE,FALSE,TRUE
xn--nl8h91b,😘🎶,PUNY_IDNA,,,FALSE,FALSE,TRUE
xn--nm8h1t,🔗🏙,PUNY_IDNA,,,FALSE,FALSE,TRUE
xn--ns8h02f,💫🦘,PUNY_IDNA,,,FALSE,FALSE,TRUE
xn--ns8hnvne,😂😵💫,PUNY_IDNA,,,FALSE,FALSE,TRUE
xn--oe-ema,oče,PUNY_IDNA,,,FALSE,FALSE,TRUE
xn--ohm-e0c,ωohm,PUNY_IDNA,,,FALSE,FALSE,TRUE
xn--oidg6c1h,ဖခင်,PUNY_IDNA,,,FALSE,FALSE,TRUE
xn--on8ha90h53aca,🙏🏽🕉🙏🏽,PUNY_IDNA,,,FALSE,FALSE,TRUE
xn--on8hea15ab,👰🏽👰🏿,PUNY_IDNA,,,FALSE,FALSE,TRUE
xn--p28hx9c,🦇😋,PUNY_IDNA,,,FALSE,FALSE,TRUE
xn--p5t330d,德稻,PUNY_IDNA,,,FALSE,FALSE,TRUE
xn--p77hd332a,😃🇳🇱,PUNY_IDNA,,,FALSE,FALSE,TRUE
xn--pciv848mbda,🐝✝👀,PUNY_IDNA,,,FALSE,FALSE,TRUE
xn--pps-5ycb,pξpξs,PUNY_IDNA,,,FALSE,FALSE,TRUE
xn--pr9hwa23a,🥓🥞🧈,PUNY_IDNA,,,FALSE,FALSE,TRUE
xn--prrz31l,遥吻,PUNY_IDNA,,,FALSE,FALSE,TRUE
xn--q68hp5c,🧐🚘,PUNY_IDNA,,,FALSE,FALSE,TRUE
xn--qei0348muta,👁❤🔥,PUNY_IDNA,,,FALSE,FALSE,TRUE
xn--qei4438muga,❤👌🏿,PUNY_IDNA,,,FALSE,FALSE,TRUE
xn--qeiz367mmba,❤🇸🇨,PUNY_IDNA,,,FALSE,FALSE,TRUE
xn--qn8h4ih0j,🤙🏿💎,PUNY_IDNA,,,FALSE,FALSE,TRUE
xn--qn8h4ik0a,🖖🏿💎,PUNY_IDNA,,,FALSE,FALSE,TRUE
xn--qn8h4iq8b,🙌🏿💎,PUNY_IDNA,,,FALSE,FALSE,TRUE
xn--qrq961b,怂佳,PUNY_IDNA,,,FALSE,FALSE,TRUE
xn--r1abl7a,чуят,PUNY_IDNA,,,FALSE,FALSE,TRUE
xn--r28hfb,😠😍,PUNY_IDNA,,,FALSE,FALSE,TRUE
xn--r28hgb,😍😠,PUNY_IDNA,,,FALSE,FALSE,TRUE
xn--r28hh8c,🥱😍,PUNY_IDNA,,,FALSE,FALSE,TRUE
xn--r28hi8c,😍🥱,PUNY_IDNA,,,FALSE,FALSE,TRUE
xn--r28hma,😍😓,PUNY_IDNA,,,FALSE,FALSE,TRUE
xn--r28hnc,😴😍,PUNY_IDNA,,,FALSE,FALSE,TRUE
xn--r28hoc,😍😴,PUNY_IDNA,,,FALSE,FALSE,TRUE
xn--r28hpb,😥😍,PUNY_IDNA,,,FALSE,FALSE,TRUE
xn--r28hvb,😨😍,PUNY_IDNA,,,FALSE,FALSE,TRUE
xn--r28hwb,😍😨,PUNY_IDNA,,,FALSE,FALSE,TRUE
xn--r5b8b8bj,গাভী,PUNY_IDNA,,,FALSE,FALSE,TRUE
xn--r77hna07v,🔭🇺🇳,PUNY_IDNA,,,FALSE,FALSE,TRUE
xn--r8j6a8h,えもじ,PUNY_IDNA,,,FALSE,FALSE,TRUE
xn--rlcal3kxa,தந்தை,PUNY_IDNA,,,FALSE,FALSE,TRUE
xn--rn8h7e,👑🐀,PUNY_IDNA,,,FALSE,FALSE,TRUE
xn--rsss09j,天逆,PUNY_IDNA,,,FALSE,FALSE,TRUE
xn--s77hja512a,😃🇹🇴,PUNY_IDNA,,,FALSE,FALSE,TRUE
xn--shutter-m43kr94o,shutter中文,PUNY_IDNA,,,FALSE,FALSE,TRUE
xn--shuttered-yl6n486r,shuttered中文,PUNY_IDNA,,,FALSE,FALSE,TRUE
xn--ss8hpz,🙈💰,PUNY_IDNA,,,FALSE,FALSE,TRUE
xn--ster-vqa,sôter,PUNY_IDNA,,,FALSE,FALSE,TRUE
xn--t38hmg,😲🚘,PUNY_IDNA,,,FALSE,FALSE,TRUE
xn--t77hia412a,😃🇵🇹,PUNY_IDNA,,,FALSE,FALSE,TRUE
xn--tat-cpa,tată,PUNY_IDNA,,,FALSE,FALSE,TRUE
xn--tfr361du9f,沈力男,PUNY_IDNA,,,FALSE,FALSE,TRUE
xn--tg8hl1c,😃🌍,PUNY_IDNA,,,FALSE,FALSE,TRUE
xn--tu8h40e,📷🤦,PUNY_IDNA,,,FALSE,FALSE,TRUE
xn--tu8hiu,📷😻,PUNY_IDNA,,,FALSE,FALSE,TRUE
xn--tvas-vva,tėvas,PUNY_IDNA,,,FALSE,FALSE,TRUE
xn--u71h4a,𝕀𝕏,PUNY_ALT,,,FALSE,FALSE,TRUE
xn--u8j9d,かぶ,PUNY_IDNA,,,FALSE,FALSE,TRUE
xn--ug8h03h,🌎🥋,PUNY_IDNA,,,FALSE,FALSE,TRUE
xn--ug8h71h,🤯🌎,PUNY_IDNA,,,FALSE,FALSE,TRUE
xn--ug8h7a,🌟🌎,PUNY_IDNA,,,FALSE,FALSE,TRUE
xn--ug8h80h,🌎🤟,PUNY_IDNA,,,FALSE,FALSE,TRUE
xn--ug8h82h,🌎🤿,PUNY_IDNA,,,FALSE,FALSE,TRUE
xn--ug8h89h,🌎🦯,PUNY_IDNA,,,FALSE,FALSE,TRUE
xn--ug8hj1c,😃🌎,PUNY_IDNA,,,FALSE,FALSE,TRUE
xn--us8hz5e,🤯💲,PUNY_IDNA,,,FALSE,FALSE,TRUE
xn--uvc6bd3rpi,അച്ഛൻ,PUNY_IDNA,,,FALSE,FALSE,TRUE
xn--uvz,笔,PUNY_IDNA,,"CH/ZH 'Pen' [noun: pen, pencil, stroke; verb: write, compose]",FALSE,FALSE,TRUE
xn--uxqy9saa,大大大偉,PUNY_IDNA,,,FALSE,FALSE,TRUE
xn--v4h1191o,🤯☮,PUNY_IDNA,,,FALSE,FALSE,TRUE
xn--v4h5480o,🙄☮,PUNY_IDNA,,,FALSE,FALSE,TRUE
xn--v4h8220o,☮💓,PUNY_IDNA,,,FALSE,FALSE,TRUE
xn--v4h83a2671i,☮✊🏾,PUNY_IDNA,,,FALSE,FALSE,TRUE
xn--v4h9091o,🤬☮,PUNY_IDNA,,,FALSE,FALSE,TRUE
xn--v4h9380o,😿☮,PUNY_IDNA,,,FALSE,FALSE,TRUE
xn--v77hd512a,😃🇹🇷,PUNY_IDNA,,,FALSE,FALSE,TRUE
xn--v77hga112a,😃🇷🇺,PUNY_IDNA,,,FALSE,FALSE,TRUE
xn--v77hga61r,💖🇷🇺,PUNY_IDNA,,,FALSE,FALSE,TRUE
xn--vg8hh1c,😃🌏,PUNY_IDNA,,,FALSE,FALSE,TRUE
xn--vs8hdjn,💵💸💳💻,PUNY_IDNA,,,FALSE,FALSE,TRUE
xn--wine-9f53c,🍇wine,PUNY_IDNA,,,FALSE,FALSE,TRUE
xn--x77ha412a,😃🇹🇹,PUNY_IDNA,,,FALSE,FALSE,TRUE
xn--x8t30ksr4c,风无怨,PUNY_IDNA,,,FALSE,FALSE,TRUE
xn--xp8hyg,👌💸,PUNY_IDNA,,,FALSE,FALSE,TRUE
xn--xv8h9o,😐🔞,PUNY_IDNA,,,FALSE,FALSE,TRUE
xn--y9aowv9c,հայրը,PUNY_IDNA,,,FALSE,FALSE,TRUE
xn--yvhej,⓶⓸⓻,PUNY_IDNA,,,FALSE,FALSE,TRUE
xn--z38hde,😺😸😻,PUNY_IDNA,,,FALSE,FALSE,TRUE
xn--z7xaa,猫猫猫,PUNY_IDNA,333,CH/ZH 'cat cat cat',TRUE,TRUE,TRUE
xn--zn8h52g,🦘🐈,PUNY_IDNA,,,FALSE,FALSE,TRUE
xn--zoq,伓,PUNY_IDNA,,CH/ZH 'mad',FALSE,FALSE,TRUE
xn--zt8hzb,📷📚,PUNY_IDNA,,,FALSE,FALSE,TRUE
xn--zz-dh3c,任zz,PUNY_IDNA,,,FALSE,FALSE,TRUE
xrpaustralia,,,22,,FALSE,FALSE,TRUE
xscapetour,,,22,,TRUE,TRUE,TRUE
xxxxxxxxxxxxxxxxxxxxxxxxxxxxx,,,22,,TRUE,TRUE,TRUE
xyji,,,1234,,TRUE,TRUE,TRUE
yay.iknow,,,,t-,FALSE,FALSE,TRUE
yearnto,,,22,,TRUE,TRUE,TRUE
yellowrisk,,,22,,TRUE,TRUE,TRUE
ynmi,,,1234,,TRUE,TRUE,TRUE
yodelist,,,33,,TRUE,TRUE,TRUE
yogaphilosophy,,,33,,TRUE,TRUE,TRUE
yoiu,,,1234,,TRUE,TRUE,TRUE
yourbestbud,,,22,,TRUE,TRUE,TRUE
yourfortune,,,22,,TRUE,TRUE,TRUE
yourice,,,22,,TRUE,TRUE,TRUE
yphu,,,1234,,TRUE,TRUE,TRUE
yummyfoodbites,,,22,,TRUE,TRUE,TRUE
yz01,,,444,,TRUE,TRUE,TRUE
zdddz,,,11,,TRUE,TRUE,TRUE
zenment,,,44,,TRUE,TRUE,TRUE
zhnsi,,,22,,TRUE,TRUE,TRUE
ziesar,,,22,,TRUE,TRUE,TRUE
zillionnaire,,,55,,TRUE,TRUE,TRUE
zledgehog,,,11,,TRUE,TRUE,TRUE
zvuu,,,1234,,TRUE,TRUE,TRUE
zxif,,,1234,,TRUE,TRUE,TRUE