domains,unicode,descript-IDNA,translate-IDNA
10873,,,
13610,,,
24107,,,
25569,,,
51012,,,
66100,,,
73810,,,
74227,,,
80100,,,
98100,,,
99100,,,
1357924680,,,
brandapparel,,,
xn--dis,垽,Chinese/Japanese/Korean,彽
vatersreith,,,
evolvefish,,,
goldsecret,,,
wohsdgsdbxcso,,,
journeyx,,,
hardbase,,,
newsau,,,
queenslandcountrybank,,,
creatext,,,
artomatix,,,
cumn,,,
treeexit,,,
icook,,,
petglam,,,
xn--1di7188m,❌🕉,,
xn--fxd1c6b3qd,ትምህርት,,
xn--sleep,ᔷᔹᔾ,,
messagefirst,,,
depotld,,,
zoodash,,,
xn--7dbev,דול,Hebrew,Dollar
xn--j3d1v,ፒዛ,,
rv18,,,
nextwatch,,,
oceanbot,,,
oneirology,,,
venuswater,,,
bubulcusibis,,,
seacontact,,,
taxsmile,,,
xn--11-5j8d,11月,Chinese/Japanese/Korean,November
f414f,,,
shakefork,,,
yywww,,,
boatdeep,,,
secretgold,,,
sailorfish,,,
xn--7hvv09b,简易,Chinese/Japanese/Korean,simple
xn--em8ht8f,🤚🏐,,
weissenbachegg,,,
riset,,,
fingertea,,,
changerchar,,,
xn--vxd2cyi,ባሕር,,
rat-bag,,,
arreios,,,
offersalt,,,
xn--4k9a,ꥷ,,
basedcolleges,,,
xn--m77hka96i,🇮🇳🍴,,
jumping-betty,,,
polytomy,,,
xn--yerbamat-i1a,yerbamaté,,
urscha,,,
newscomau,,,
xn--6g8hg1c,🌚😍,,
0xroadmap,,,
xn--xpqr20g,玩伴,Chinese/Japanese/Korean,playmate
necrotised,,,
beachease,,,
golfforbeginners,,,
nft4d,,,
xn--sm8h48a,🏞😍,,
xn--3r8hga,💘💛,,
starwars-toys,,,
wittywanderlust,,,
waterbid,,,
xn--hpab728e2mx4yp,ʕಠ⌓メʔ,Japanese,ʕಠ⌓meʔ
wangheim,,,
olling,,,
xn--kbru3ai78eyr2a,十题百分,Chinese/Japanese/Korean,Ten questions percentage
waldburg,,,
viehbach,,,
convay,,,
worldforums,,,
volcani,,,
woodboy,,,
xn--u8jil9w,かんこく,Japanese,Korea
yhtio,,,
xn--t7hx200ofma,📷👩⚕,,
weisheim,,,
polopony,,,
xn--rs8hpy,😷💯,,
xn--toilet-hy84e,🚻toilet,,
hugd,,,
noscam,,,
xn--4kqv49f02g,犯二精,Chinese/Japanese/Korean,Doubtful
yfish,,,
weinling,,,
pictureapp,,,
xn--wgbp0bxbdv,عُمَرْ,Arabic/Urdu/Uyghur,
xn--co2as1x,链表,Chinese/Japanese/Korean,linked list
xn--idev-lw4b,i❤dev,,
codinghelp,,,
foodwash,,,
xn--r7h0480o,⚓🚦,,
worldget,,,
phycography,,,
feminacy,,,
shipcats,,,
xn--no8hx4a,😋🐟,,
typetime,,,
fishbook,,,
spiritjunkie,,,
kienberg,,,
rivermorning,,,
xn--movienight-7q16i,🎬movienight,,
oasisstay,,,
flag-ship-store,,,
blastomycete,,,
doctorew,,,
3xist,,,
bidlock,,,
osmoses,,,
tinyhouselayout,,,
healthyou,,,
88c88,,,
united_earth,,,
boatlease,,,
nightpics,,,
b414b,,,
dotau,,,
rvshed,,,
xn--5p9hwh,🤝🦘,,
giftauthor,,,
funnypower,,,
kinexon,,,
digitalharbor,,,
acetennis,,,
absolutebeginner,,,
tidehead,,,
roughwater,,,
xn--tu8hs9e2c,📷🧑🦰,,
aud1,,,
xn--1o8hsh,🐭💦,,
pictureweb,,,
fishguide,,,
xn--15q846c,全栈,Chinese/Japanese/Korean,full stack
shipaward,,,
sundayism,,,
leftoverfish,,,
muriphobia,,,
watercruz,,,
world-changing,,,
tradetide,,,
depressively,,,
livenewsmedia,,,
w3btek,,,
vergalden,,,
oceanlogistic,,,
kindthal,,,
floodwater,,,
p414p,,,
vvwww,,,
monosyllabism,,,
termsea,,,
kathrynai,,,
wallsee,,,
biarchy,,,
d414b,,,
chandrahar,,,
saliant,,,
interlabial,,,
naturetravels,,,
nft-goats,,,
outdared,,,
ezgolf,,,
hmart,,,
petlife,,,
z414z,,,
xn--r77hna502a,🇺🇳😀,,
yachtcam,,,
wagendorf,,,
xn--ihqw43bt1a,悔不归,Chinese/Japanese/Korean,regret not returning
waymaps,,,
blameme,,,
gardenoffice,,,
ceddawicked,,,
gypsology,,,
xn--7or316ba,木木古,Chinese/Japanese/Korean,Mumugu
caravancamping,,,
xn--rsvx71g,构造,Chinese/Japanese/Korean,structure
genepublic,,,
linkmate,,,
ecowhales,,,
xn--rss99nx8o,恒天然,Chinese/Japanese/Korean,Fonterra
meaner,,,
shitcreek,,,
fretent,,,
naturalgoals,,,
xn--hpab728el9qf0l,ʕಠᴥ✯ʔ,,
nexuses,,,
xn--5i8hhe,🎣🍟,,
tvez,,,
lifetimelimit,,,
cosmikdust,,,
chapuria,,,
kerath,,,
xn--oyster-o825e,🦪oyster,,
cosmicwisdom,,,
urfahrwand,,,
xn--wfrr87a,手办,Chinese/Japanese/Korean,Figure
mokyn,,,
nurseship,,,
xn--h0d0a3rtn,ተጫዋች,,
xn--2-636b,2月,Chinese/Japanese/Korean,February
xn--56hx971o,🤩♾,,
xn--f7ix929m,⭐🪰,,
xn--qq8h3i54j,📷👨🦱,,
xn--81b9a9b,मजा,Devanagari (Hindi),fun
xn--n77hma03l,🇯🇵🏍,,
xn--tu8hm0e,📷🤝,,
reductivism,,,
xn--9j8ho4b,🎆😍,,
speciesoffish,,,
centurycu,,,
oudini,,,
xn--zbss4c,回复,Chinese/Japanese/Korean,reply
888web,,,
cariva,,,
xn--gmq052a1idqui,安人心智,Chinese/Japanese/Korean,Soothe people's minds
seaworn,,,
shitfight,,,
earthdrive,,,
ddwww,,,
fishdirect,,,
repolished,,,
windysurf,,,
xn--8o8h7f,💕🐴,,
xn--mgbup0cj,القرض,Arabic/Urdu/Uyghur,Loan
xn--ns8hxes0b,📷😵💫,,
natural-law,,,
harbormate,,,
xn--z3d3e,ጎያ,,
waterprice,,,
disabledworld,,,
webrief,,,
moreapps,,,
seespot,,,
xn--oo8hv4a,😋🐠,,
bluelickwater,,,
niceblunt,,,
xn--2m8hk8a,🏨😍,,
fishytails,,,
majava,,,
twoness,,,
wernersdorf,,,
waterstudy,,,
xn--ibiv788m,⛳🔗,,
mintsite,,,
sendtransfer,,,
hotimg,,,
weberberg,,,
wackers,,,
donaram,,,
xn--nnuo6i,戈朗,Chinese/Japanese/Korean,Gorang
watersidepaths,,,
walddorf,,,
villmannsdorf,,,
v414v,,,
qauk,,,
ch32,,,
xn--4o8hx3f,🤬🐰,,
adayoff,,,
xn--g77hwa48o,🇨🇳👁,,
free2u,,,
bravewind,,,
penpushers,,,
unzdorf,,,
theorizies,,,
elburrito,,,
xn--qtr38n,宝咂,Chinese/Japanese/Korean,Baosha
fanfishes,,,
web3spider,,,
desalinization,,,
xn--oz-m352akc,🇦🇺oz,,
underwaterlife,,,
asiancow,,,
roofwater,,,
waterdiver,,,
watermovie,,,
obstructionistic,,,
moonlightonwater,,,
famish,,,
whalemagic,,,
xn--gdvp76a,敬畏,Chinese/Japanese/Korean,awe
lifetimeword,,,
parkfried,,,
surfista,,,
kadidi,,,
justarts,,,
australiangrown,,,
xn--yxd2dvjseyy,መንግስት,,
waterdoor,,,
eliminant,,,
morename,,,
tideofthings,,,
boatllc,,,
maxfoods,,,
xn--w4hw781o,☯🤑,,
udderlysmooth,,,
midbowman,,,
genome,,,
newmediaslive,,,
lateens,,,
sailbear,,,
boatmusic,,,
gossipry,,,
veganfta,,,
xn--3d-bzbb,3̼d̼,,
xn--56h5800o,💀♾,,
itaucorp,,,
cosmic-ai,,,
kienzerle,,,
seagrant,,,
shht,,,
ecoyachts,,,
xn--sprr0j,壽司,Chinese/Japanese/Korean,壽司
peze,,,
cayp,,,
overdare,,,
manftrades,,,
catandrat,,,
chasetree,,,
handshake-hns,,,
warstars,,,
anonymo,,,
xn--gk8he3b,🎌🗾,,
waternorth,,,
handybug,,,
phonetic,,,
donethat,,,
sinitic,,,
yumfish,,,
anaxonia,,,
xn--0et699l,少鯰,Chinese/Japanese/Korean,少鯰
kirchau,,,
enzed,,,
wowza,,,
xn--food,䕯䕭,,
xn--5eyv2omohvtn,篮球部落,Chinese/Japanese/Korean,basketball tribe
kittenhood,,,
poormaster,,,
marinefishtanks,,,
expresstruck,,,
xn--jisw73a,埃斯,Chinese/Japanese/Korean,Ace
riverraft,,,
soulpeace,,,
handymind,,,
powerstaff,,,
childdao,,,
aforeman,,,
naturewonders,,,
bullaria,,,
victoriathomas,,,
xn--5ey295at7g4jd,足球部落,Chinese/Japanese/Korean,football tribe
autistress,,,
xn--w4h9370o,🗺☯,,
xn--e6qp4v,孔兴,Chinese/Japanese/Korean,Kong Xing
xn--m3d,ዞ,,
t414t,,,
xn--kg8hs2c,🌄😍,,
spaceghxst,,,
yogita,,,
fishcarpet,,,
uptown-sushi,,,
skatan,,,
domaria,,,
cowscene,,,
xn--y9s633f,它组,Chinese/Japanese/Korean,it group
xn--l5u,摼,Chinese/Japanese/Korean,fight
xn--2m8hj8a,😍🏨,,
isospore,,,
xn--crabs-kh74d,🦀crabs,,
reknot,,,
prawner,,,
waterpipe,,,
actuallife,,,
cumuni,,,
xn--1xd4a7a0tuj,ማትሪክስ,,
q414q,,,
fossickthrough,,,
missis,,,
stringbody,,,
surfbar,,,
intersale,,,
oxozone,,,
coastnet,,,
m3xico,,,
usanonymous,,,
addnote,,,
fishvideo,,,
humaniform,,,
fishingmagazines,,,
oceanfoundation,,,
q414p,,,
kematen,,,
e-bio,,,
linuxdev,,,
domainsninja,,,
sailtough,,,
authtools,,,
0x0g,,,
oasiscoral,,,
stereotomy,,,
jamesonwilson,,,
xn--mgb2dl,اول,Arabic/Urdu/Uyghur,First
nextbeach,,,
macropterous,,,
rayjon,,,
opencargo,,,
recklessdao,,,
xn--kxd0e7h,ሊብራ,,
qasbina,,,
fishhunt,,,
newsight,,,
vrdisplay,,,
baitpump,,,
kerschenbach,,,
evetide,,,
4szn,,,
oscah,,,
phavor,,,
xn--3xd9k,ቡም,,
xn--xv8hz8d,🤫🔞,,
regionnation,,,
funship,,,
floatative,,,
xn--mg8hn2c,😍🌆,,
homophylic,,,
arasinda,,,
beallfor,,,
xn--4gq34g41ft06a9ne9yg,净土一片空白,Chinese/Japanese/Korean,Pure land is blank
fishingislife,,,
turizm,,,
alternativefact,,,
swiftships,,,
xn--1-636b,1月,Chinese/Japanese/Korean,January
xn--7-636b,7月,Chinese/Japanese/Korean,July
0xwhitepaper,,,
govdb,,,
god0,,,
falklands,,,
agoat,,,
weitgraben,,,
sld-sales,,,
thewaterdao,,,
ringoftruth,,,
bredz,,,
greasywrench,,,
coologi,,,
poxham,,,
roadie,,,
xn--kyd5a00ca,ሽግግር,,
xn--547hr7b,👑🆘,,
xn--yxdqy22a,መሠረት,,
nihilianistic,,,
buystime,,,
fidgetoys,,,
pageless,,,
xn--4kq62h49jxs4a,小二票务,Chinese/Japanese/Korean,Waiter Ticketing
xn--sense,㽓㾂,,
lapofhonour,,,
davyjonesslocker,,,
xn--oceano-o12n50a,海洋oceano,Chinese/Japanese/Korean,oceanoceano
xn--opensea,ᗆᗌᗍᗍᖿ,,
wartegg,,,
countdata,,,
dm73,,,
genteelish,,,
magicfun,,,
stellarai,,,
catcapers,,,
darkaccount,,,
lanina,,,
notmove,,,
fishabroad,,,
sailorizing,,,
amuseyourself,,,
boatapp,,,
trackproduct,,,
nametrustee,,,
unzmarkt,,,
lobscuse,,,
kepling,,,
care24,,,
xn--bo8h04a,🐓😀,,
meta-face,,,
worldweariness,,,
solarpass,,,
rizzomed,,,
lifenewsmedia,,,
firtar,,,
seaphoto,,,
seasports,,,
ch51,,,
qazidara,,,
xn--uisp1p,影城,Chinese/Japanese/Korean,cinema
8dab8,,,
boatharbor,,,
timetrekker,,,
overwet,,,
areopolis,,,
eternitydao,,,
rubyroo,,,
nonewnews,,,
digitaljpeg,,,
xn--p8t,怠,Chinese/Japanese/Korean,lazy
swimmap,,,
savingstop,,,
shakedif,,,
naturalpursuits,,,
taol,,,
suboffice,,,
feelthe,,,
meetdeath,,,
tabooist,,,
timeswelivein,,,
leafwhisper,,,
ietv,,,
handshake-gear,,,
xn--water,¦¡,,
bacillusanthracis,,,
mistervr,,,
devilfishes,,,
ecoeating,,,
anonko,,,
rapeye,,,
grandscoop,,,
bangtailmuster,,,
todaolist,,,
pandeism,,,
xn--g77hka436c,🇨🇭🤝,,
leaf-mold,,,
aawww,,,
foodfish,,,
wagrin,,,
0xrape,,,
3-ds,,,
waldsdorf,,,
ofmydreams,,,
openxxxsea,,,
xn--g5hz430oucd,📷🧞♂,,
ethereumeth2,,,
repugna,,,
seedwetrust,,,
escry,,,
8xox8,,,
larian,,,
imtimt,,,
tonicless,,,
xn--lg8hlq,🐋🌅,,
hnsiot,,,
channeldao,,,
russica,,,
ens-india,,,
quiltingnook,,,
bnbme,,,
kirnberg,,,
livenewmedias,,,
friendshop,,,
xn--yyd07a,ሻይ,,
ens1dao,,,
caym,,,
xn--4gq759ctz4a,一日酱,Chinese/Japanese/Korean,One day sauce
kirschlag,,,
ghostbat,,,
sabirkand,,,
floodins,,,
tugd,,,
euphemizer,,,
xn--oorw50i,发芽,Chinese/Japanese/Korean,germination
buxeria,,,
unterwolligen,,,
0xsenses,,,
antigoyism,,,
8non8,,,
xn--os5bog,융자,,
waasenberg,,,
rizalar,,,
fisherpeople,,,
sissyism,,,
marinecargo,,,
b4birth,,,
xn--6stqm,币库,Chinese/Japanese/Korean,Coin library
xn--nxdv32bvb,መልአክ,,
edmeds,,,
stereovision,,,
fishtoday,,,
pseudonymic,,,
isleof,,,
collectanea,,,
waveskipper,,,
mindlessdao,,,
daopensea,,,
xn--k0da6h2o,ታይታን,,
rspi,,,
xn--t7h1220oqbd,📷🧑⚕,,
physicalism,,,
8obo8,,,
firstnumber,,,
xn--jxd24a,ሉክ,,
thent,,,
regalio,,,
johh,,,
xn--whale-gha,whale©,,
xn--kcr34o,失利,Chinese/Japanese/Korean,failure
valentinhaft,,,
ebooklist,,,
firemuse,,,
kickendorf,,,
warbach,,,
graymullet,,,
seaborder,,,
chainvirus,,,
woolest,,,
byronbaycookies,,,
news24seven,,,
cryptodrillin,,,
s414s,,,
ecology365,,,
buvau,,,
sugarmilf,,,
xn--ygb1a1a,فيس,Arabic/Urdu/Uyghur,Face
tigerstripes,,,
u414u,,,
yachtgig,,,
xn--b6hggd,♠♣♦♥,,
xn--e1apa9c,ныне,Cyrillic (Russian/Ukrainian),now
earthtales,,,
sabirli,,,
abrief,,,
sneekz,,,
roadstock,,,
transtheism,,,
drawstraws,,,
sunology,,,
unadjoined,,,
lucky-dip,,,
dwebpc,,,
ch59,,,
walkersdorf,,,
ensplan,,,
diger,,,
dohai,,,
mechanicalguru,,,
kienzen,,,
xn--tu8hy9etc,📷🧑🦳,,
kirchental,,,
5best,,,
phytotomist,,,
hnsgear,,,
vierlings,,,
waterlevel,,,
thallogen,,,
measuretime,,,
dolua,,,
oftering,,,
xn--nxd1a1ptq,ማዕበል,,
folkfest,,,
xn--4-636b,4月,Chinese/Japanese/Korean,April
anglephone,,,
xn--4qwq02h,气魄,Chinese/Japanese/Korean,courage
deeeznuts,,,
viehausen,,,
weisserhof,,,
magginoodles,,,
vinier,,,
watersad,,,
xefe,,,
vichtenstein,,,
tld1hns,,,
coolfellow,,,
ch55,,,
xn--qg8hvy,💕🌊,,
thenorrisnuts,,,
xn--p77hlai,🇺🇷🇱,,
treemax,,,
xn--b1abqa1abor,говорити,Cyrillic (Russian/Ukrainian),speak
kigerl,,,
boatswainschair,,,
authpass,,,
ele7en,,,
driftwoodpics,,,
e-gift,,,
dildwar,,,
natureself,,,
simim,,,
b414d,,,
holdwater,,,
blokman,,,
seanut,,,
wendbach,,,
xn--7or33cz1i,小嘎古,Chinese/Japanese/Korean,Xiaogagu
cookingherbs,,,
xn--2p8h84h,👑🪢,,
xn--4gqz7lx5b01a,一只坏噜,Chinese/Japanese/Korean,A bad one
yearsgrowth,,,
xn--cest9bgz1cwhh,篮球天地,Chinese/Japanese/Korean,basketball world
p414q,,,
boatselfie,,,
driftwoodphotos,,,
adultwater,,,
opusculum,,,
tradidas,,,
xn--93d8bwl,ድጋፍ,,
dragovici,,,
domainse,,,
bighealth,,,
xn--6yde4vwt,ጥቃቅን,,
xn--lxde5mxe,በቀላል,,
veichltal,,,
moreroad,,,
stereofoto,,,
ch24,,,
greennrg,,,
xn--zlv572c,暗網,Chinese/Japanese/Korean,暗網
hyperbiz,,,
totemism,,,
sabatlar,,,
ch71,,,
xn--9hq5kk73n,亡丨语,Chinese/Japanese/Korean,death words
absoluteyarn,,,
kpass,,,
nremsleep,,,
xn--8-636b,8月,Chinese/Japanese/Korean,August
preternaturalism,,,
coralife,,,
naturevillage,,,
soilgift,,,
shakespearefishing,,,
xn--beachlife-u355h,🌊beachlife,,
blinddev,,,
circumfix,,,
trainx,,,
xn--2p8hq0f,👑🤙,,
zencorner,,,
xn--dpqaaa,传传传传,Chinese/Japanese/Korean,"Pass on, pass on"
domainame,,,
tryone,,,
xn--r3f,ᱵ,,
seawaterpump,,,
wampersdorf,,,
boatingsupplies,,,
forestphoto,,,
fundamentalparticle,,,
waldfeld,,,
kinsdorf,,,
scubashack,,,
isuggire,,,
catholicist,,,
xn--qiq305abwg,小撸丸,Chinese/Japanese/Korean,Shohinmaru
acronystic,,,
nvpc,,,
escapefund,,,
welsdorf,,,
andropogon,,,
dailyhero,,,
cloudmode,,,
ch46,,,
routinists,,,
viehdorf,,,
xn--5-636b,5月,Chinese/Japanese/Korean,May
hnsopia,,,
xn--u1d6o,አዶ,,
fanwort,,,
ecotinyhomes,,,
seafoodplaces,,,
hnssld,,,
khunegg,,,
nextfest,,,
cb40,,,
bespectacled,,,
thingcoast,,,
poiz,,,
t-shirt,,,
freedomainbank,,,
xn--yxd8fogpn0f,መታወቂያ,,
unibag,,,
vulturism,,,
xn--rq8h1i84j,📷👩🦲,,
meropia,,,
hypelust,,,
tallymark,,,
xn--lp8h6k,👀📰,,
xn--6-636b,6月,Chinese/Japanese/Korean,June
klamberg,,,
jettypier,,,
earthour,,,
lumoz,,,
outhouses,,,
xn--53t698h,远征,Chinese/Japanese/Korean,expedition
audir,,,
hns4yr,,,
finrific,,,
runabouts,,,
univillage,,,
hetbeste,,,
kinham,,,
xn--g5hz430ozbd,📷🧔♂,,
vorderwinkel,,,
xn--pyd89a,ሲዲ,,
manualist,,,
guako,,,
islenft,,,
xn--qq8h3i24j,📷👨🦰,,
monkeybiz,,,
oceaninvest,,,
xn--59gz2nea,☮∞☯,,
rekk,,,
puzzlepix,,,
sunsetpics,,,
xn--4gq79s1ybj94d,第一大团,Chinese/Japanese/Korean,First group
apigov,,,
xn--pg8hi2c,🌉😍,,
xn--tao,,,
enplein,,,
pseudos,,,
wasserring,,,
xn--kyd9k9o,ቱዶር,,
xn--e77hibv7c,🇦🇺🌊,,
wagham,,,
xn--wcso80ahyv,美图控,Chinese/Japanese/Korean,Meitu control
heartmaster,,,
cayk,,,
mountainphotos,,,
warnungs,,,
picsee,,,
8bid8,,,
xn--yxd6a5c26b,መድረሻ,,
appdown,,,
earthdust,,,
xn--fiqv4aq9n72e,安佳中国,Chinese/Japanese/Korean,Anchor China
exotichns,,,
happykitty,,,
xn--rq8h1ih5j,📷👩🦳,,
xn--oz-o352akc,oz🇦🇺,,
shiningisland,,,
sabarkend,,,
couplecoach,,,
precreation,,,
bycicles,,,
cashblocks,,,
xn--hpab728el9qp4l,ʕಠᴥ❍ʔ,,
unterwollan,,,
travelpic,,,
wagenhub,,,
dotardism,,,
parataxic,,,
web3mium,,,
nagged,,,
ch22,,,
ccwww,,,
fishaboutin,,,
apphoto,,,
ok21,,,
hospitalblockchain,,,
xn--iy8hzb,🖕🕸,,
paganity,,,
xn--h4h8l,☠♾,,
shadow3d,,,
tallyadd,,,
theshipstudio,,,
herogear,,,
tri-statehemp,,,
endlessrabbithole,,,
verditz,,,
mutart,,,
chipwood,,,
ownhomes,,,
coastalflowers,,,
aleny,,,
macnutz,,,
sonywalkman,,,
navyuniformshop,,,
tatahitachico,,,
xn--fcv,效,Chinese/Japanese/Korean,effect
xn--h4h7l,♾☠,,
seapiece,,,
seases,,,
digenea,,,
xn--6g8hnt,👑🌚,,
simplewin,,,
adhdautism,,,
cumbre,,,
carijos,,,
unterwollanig,,,
occultaste,,,
cuevapunta,,,
xn--s1y,眛,Chinese/Japanese/Korean,unobservant
qazaxlar,,,
xn--12-5j8d,12月,Chinese/Japanese/Korean,December
onlyonetime,,,
xn--e77hibz7r,🗺🇦🇺,,
ofenegg,,,
truthstorm,,,
darwinfoundation,,,
kylianne,,,
draganici,,,
ch80,,,
bicyclingvacations,,,
waldreichs,,,
xn--m0d1r8b,ይዘት,,
w414w,,,
thefrontyard,,,
xn--qg8h12b,🕸🌊,,
vegx,,,
xn--g7q10v2lx,孕写真,Chinese/Japanese/Korean,Pregnancy photos
boxun,,,
xn--65qq04c13kplm,六月的茶,Chinese/Japanese/Korean,tea in june
mintink,,,
smartplatform,,,
dancecourses,,,
brushwithdeath,,,
hardfist,,,
newsmedialife,,,
xn--qq8h3iz4j,📷👨🦯,,
xn--qq8h3ih5j,📷👨🦳,,
kiblitz,,,
apidapps,,,
j414j,,,
rvnft,,,
diystores,,,
xn--qg8h22b,🌊🕸,,
nftmelbourne,,,
eumail,,,
ethunterz,,,
kenndorf,,,
heaveto,,,
cutre,,,
forehew,,,
swimmingholes,,,
handyplan,,,
xn--v4h83a5671i,☮✊🏿,,
outcomeocean,,,
davidic,,,
doabit,,,
maculose,,,
ecotool,,,
earthtwo,,,
xn--forex,又叒及,Chinese/Japanese/Korean,And again
libidinist,,,
antispastic,,,
xn--cmr372e,爱卿,Chinese/Japanese/Korean,Love you
dighari,,,
untedious,,,
bingolinks,,,
xn--qg8h7b,🌫🌊,,
k414k,,,
fomosapien,,,
xn--4o8hs3f,🐰🤩,,
tap2win,,,
xn--0sqs95e,游侠,Chinese/Japanese/Korean,Ranger
rv40,,,
boatservices,,,
convolutedstory,,,
geckoconft,,,
heathenist,,,
flahr,,,
xn--mnq52d,兔代,Chinese/Japanese/Korean,Usagi
whispee,,,
xn--hpab728efnz3s2l,ʕಠꈊ─ʔ,,
zzwww,,,
newspec,,,
xn--21xxx,獼牜,Chinese/Japanese/Korean,獼牜
glass-house,,,
agamogenesis,,,
yangfamily,,,
xn--ltu-bma,létu,,
policesky,,,
xn--xg8h5t,👑🌑,,
snarkify,,,
nutextractor,,,
hookwork,,,
riveradventures,,,
gemengraving,,,
tipfish,,,
seaforthia,,,
nftambassador,,,
xn--4dbhbca4b,הלוואה,Hebrew,a loan
wohasghgvvvanx,,,
kickenheim,,,
xn--3k8hnw,🔊🎣,,
owaz,,,
curryfish,,,
xn--og8h62i,🌈🧘,,
ahirt,,,
xn--41d7d,ዊኪ,,
mawf,,,
truthquarks,,,
sweetfish,,,
hnsclient,,,
shipsupplies,,,
whale-watch,,,
knitwork,,,
waasen,,,
discorde,,,
vordersauerwald,,,
farholiday,,,
xn--6oqv77aso8a,会计师,Chinese/Japanese/Korean,Accountant
waldberg,,,
caejywnoci,,,
playact,,,
xn--h95b,즁,,
shiq,,,
88b88,,,
xn--prst60e,益处,Chinese/Japanese/Korean,benefit
umbrine,,,
xn--lxd4psh,ክላብ,,
seasocks,,,
spanishmovies,,,
spotlighted,,,
xn--9my252c,生贡,Chinese/Japanese/Korean,pay tribute
xn--k91ae,蚆蚈,Chinese/Japanese/Korean,mulberry
absir,,,
lawrule,,,
aiyat,,,
codegptdev,,,
etchscratch,,,
xn--lm8hm8f,🏗🤝,,
xn--w4r085g,嘉约,Chinese/Japanese/Korean,Kaisei
xn--edu,悡,Chinese/Japanese/Korean,weak
ungifted,,,
xn--xv8h7o,😏🔞,,
incomprensible,,,
xn--fct73wj0lwol,智能家电,Chinese/Japanese/Korean,Smart home appliances
veldenamwortherseen,,,
xn--h4h4750o,☠🕸,,
cleanft,,,
xn--gmqy7wu0bdy9d,舰大官人,Chinese/Japanese/Korean,ship officer
verbannen,,,
windfather,,,
insectaria,,,
boredapedreams,,,
cantosujo,,,
truthhost,,,
hollyking,,,
setafloat,,,
ditchwater,,,
justsell,,,
tochinese,,,
unlodge,,,
silverizing,,,
hetericism,,,
xn--nxd2spe,አልት,,
fonetik,,,
4seas,,,
flippingreatdomains,,,
xn--easy-yga,easy®,,
maxnames,,,
temptia,,,
wawn,,,
unterzeiss,,,
naturepic,,,
freepdfeditor,,,
recipefor,,,
firewisp,,,
erthen,,,
tadgedryja,,,
podophyllous,,,
xn--g77hwa54o,🇨🇳🐴,,
neo-absurdism,,,
ahoy-hoy,,,
zh888,,,
xn--r77hna695c,🇺🇳🤝,,
renatured,,,
heaveinview,,,
vorderweisspriach,,,
wogfhhaabnasde,,,
capatana,,,
monometers,,,
clearance1hns,,,
bambos,,,
atdusk,,,
actionsea,,,
xn--7gqu0nv9fxx4d,七味子酱,Chinese/Japanese/Korean,shichimizi sauce
triptrail,,,
tidegauge,,,
nahualism,,,
bitcoincrook,,,
xn--xg8hial,🌑🌙🌕,,
z1n3,,,
ecoessentials,,,
kirchham,,,
sitotoxin,,,
weindlau,,,
glowmore,,,
gosalt,,,
raintanks,,,
fairmedia,,,
utschthal,,,
timici,,,
etheu,,,
lovementor,,,
cameracan,,,
retweetandfav,,,
ch28,,,
budgeree,,,
traderat,,,
deviart,,,
armything,,,
xn--iy8h1b,🖖🕸,,
t691,,,
newstree,,,
mutationist,,,
01km,,,
gamomachia,,,
concordi,,,
sixxxxxx,,,
knapsacked,,,
xn--i8s110l,雷子,Chinese/Japanese/Korean,Lei Zi
xn--ks8h3ep8a,📷😮💨,,
valleu,,,
xn--4gqt5yruvxp1ba,一大班鳮鳮,Chinese/Japanese/Korean,A large group of Taobao
brachypterous,,,
daoreg,,,
aeolotropic,,,
andabeer,,,
spendpower,,,
xn--r77hya21z,🇳🇿😀,,
ch57,,,
tidaltank,,,
lafoto,,,
bi11,,,
ch38,,,
foodoir,,,
cuestita,,,
wasserhofen,,,
tricolored,,,
lifetapestry,,,
forewritten,,,
ofnames,,,
bosspeak,,,
seapixel,,,
takemetotheriver,,,
phonophone,,,
xn--i1xu9n,版税,Chinese/Japanese/Korean,royalties
xn--rq8h1iz4j,📷👩🦯,,
xn--u1d8m,አይ,,
fishpurple,,,
kibahassmallpp,,,
xn--4gqx7jnva,向一北,Chinese/Japanese/Korean,To the north
seablockchain,,,
hnsaus,,,
xn--9g8hht,👑🌝,,
xn--sound,戰扙,Chinese/Japanese/Korean,戰扙
assio,,,
xn--e77hib449a,🇦🇺🥰,,
erraticism,,,
tidefly,,,
klaubling,,,
wavefinder,,,
4dags,,,
switchsea,,,
watertravel,,,
dinosaurset,,,
beridof,,,
xn--0zd6bwp,ውበት,,
xn--otx163g,鱼然,Chinese/Japanese/Korean,Yuran
qasad,,,
pezx,,,
reefnft,,,
xn--nxd3e2pja17d,አሰልጣኝ,,
wasendorf,,,
4buoy,,,
i-hub,,,
fencein,,,
kennelbach,,,
xn--8o8h8f,🐴💕,,
xn--fair-cqa,faðir,,
jampam,,,
nameopen,,,
saillay,,,
safewaterfilter,,,
ch36,,,
ozmeta,,,
worldhealthnews,,,
factorist,,,
xn--t7h9100oima,📷👨⚕,,
xn--pg8hh2c,😍🌉,,
powerspend,,,
fishcakerecipe,,,
kiesenberg,,,
webersberg,,,
tristatehemp,,,
xn--noodles-o974f,🍜noodles,,
slashetch,,,
crownt,,,
xn--g1q,僇,Chinese/Japanese/Korean,僇
charatipara,,,
nerrd,,,
keuschen,,,
vergross,,,
bosunschair,,,
byud,,,
waldzell,,,
seaducks,,,
lansare,,,
xn--ho8h94a,😋🐙,,
thetaichischool,,,
8yyy8,,,
harbormaster,,,
xn--cyberpunk,࢓ࢧ࢟ࢣ࢛ࢥ࢕,,
survival-skills,,,
knowblockchain,,,
uniquetree,,,
kernhof,,,
nonsatire,,,
nzrd,,,
milestonez,,,
wordflow,,,
xn--1996-uz33cpd,🇦🇺1996,,
xn--qei0818mqka,❤🎅🏿,,
cryptickatz,,,
teareport,,,
nolang,,,
walchegg,,,
theworldshotz,,,
schizothymia,,,
xn--e5h3430ozbd,📷🧔♀,,
firetactics,,,
lobbyman,,,
colouroffire,,,
newspapersonline,,,
hedgewizard,,,
beachphotos,,,
seefooddiet,,,
uberqueren,,,
urbersdorf,,,
xn--cgu63x,治愈,Chinese/Japanese/Korean,cure
unterwuhr,,,
joyoflearning,,,
888cn,,,
waldkirchenamwesen,,,
sulmaz,,,
journeyofmylife,,,
xn--49s82e,安庆,Chinese/Japanese/Korean,Anqing
v001,,,
unityuniverse,,,
unterzeiring,,,
dobring,,,
0xtrend,,,
medianewslife,,,
xn--8pr851fjxg,联合的,Chinese/Japanese/Korean,United
eatcrazy,,,
ppxe,,,
xn--9j8hn4b,😍🎆,,
newlivemedias,,,
timegrab,,,
testhns,,,
hillroad,,,
xn--tu8hu9ezc,📷🧑🦱,,
2--u,,,
autrina,,,
0xjpegs,,,
nextauthor,,,
xn--mg8ho2c,🌆😍,,
justship,,,
sweetio,,,
seacritters,,,
freegovernment,,,
chandrakilla,,,
australiantourism,,,
attractivist,,,
xn--4kqp8i97u,十二月,Chinese/Japanese/Korean,December
ensdb,,,
xn--mt7hr0h,😍🀄,,
youtubehowto,,,
l414l,,,
analfan,,,
nyctrade,,,
coralbleaching,,,
voidersdorf,,,
8bud8,,,
xn--kkrv36b4sl,暗白十,Chinese/Japanese/Korean,dark white ten
xn--b6hgge,♠♣♥♦,,
valentinshaft,,,
heaveintosight,,,
xn--rss41d,天宫,Chinese/Japanese/Korean,Tiangong
seascapeart,,,
xn--syd2g4jrw,ፌስቡክ,,
xn--6l8hmdu6p,🏉🦶🏿,,
yogeeism,,,
miscarry,,,
xn--7et36u,星尘,Chinese/Japanese/Korean,stardust
coastbird,,,
xn--yr8hqa,💓💛,,
johnny-jump-up,,,
nftreef,,,
charcoronation,,,
yentai,,,
sexxxyblondes,,,
stablenfts,,,
vordersdorf,,,
threepictures,,,
birdlook,,,
n414n,,,
4bris,,,
toholdwater,,,
peacehome,,,
pontoonsforsale,,,
xn--sm8h38a,😍🏞,,
rvmart,,,
o414o,,,
upshitcreekinabarbwirecanoe,,,
newfangled,,,
todaysheadlines,,,
skategoat,,,
xn--nm8hi9a,🏙😍,,
exoticyachts,,,
water-pipe,,,
xn--3-636b,3月,Chinese/Japanese/Korean,March
charbagala,,,
kiking,,,
xn--qyd6sle,ወሳኝ,,
monthlymeals,,,
xn--qg8hg2c,🌊😍,,
apathism,,,
werberg,,,
xn--rz8hzi,😱🖤,,
carpfish,,,
vichtau,,,
wildwaves,,,
xn--hpab728e3bw38i,ʕಠᴥರʔ,,
truthspins,,,
youranon,,,
seamossgel,,,
amazingfish,,,
water-sport,,,
navaids,,,
01etc,,,
furriends,,,
metabearz,,,
watervirus,,,
vorderschroffenau,,,
xn--57hxk,⛳⚡,,
bushfurniture,,,
angerdao,,,
xn--4o8h33f,🤯🐰,,
kienburg,,,
lossoflife,,,
ironists,,,
lifetlds,,,
xn--cloud,䔁䔩,,
burnhold,,,
midnightwater,,,
fungusgnat,,,
teaillegal,,,
goodonya,,,
aboriginals,,,
medialifenews,,,
mildish,,,
yphy,,,
xn--fiq73fnvbuz3e,中医养生,Chinese/Japanese/Korean,Traditional Chinese Medicine Health Care
botset,,,
oreol,,,
sailwar,,,
livingsail,,,
vericus,,,
xn--2lz1j,禾稼,Chinese/Japanese/Korean,crops
australiantaxoffice,,,
xn--wg8hr6d,🛹🌐,,
heaveintoview,,,
familyroots,,,
xn--7dvr85a,甄文,Chinese/Japanese/Korean,甄文
tablewater,,,
4folk,,,
daoclass,,,
picrific,,,
rawnews,,,
weissee,,,
bindowe,,,
xn--fxdq0x,ባህል,,
earsea,,,
oldswag,,,
knowaholic,,,
byuk,,,
zendoctor,,,
rvfans,,,
bookz,,,
yeah-no,,,
xn--nxd7r1fsz,ካፒታል,,
diamonddue,,,
sniperz,,,
unterwuchl,,,
nftisle,,,
diaphoresis,,,
kangakid,,,
riskofdeath,,,
bitcoinkills,,,
xn--8o8hgg,🐴💗,,
sevening,,,
wildpics,,,
weisshaus,,,
kendlersiedlung,,,
xn--ehq997gtsh,脏三疯,Chinese/Japanese/Korean,Dirty Three Crazy
foliages,,,
predatism,,,
aerialpingpong,,,
xn--7j8hfxq0i,📷🧑🎄,,
xn--8o8hug,🐴💞,,
0xassassin,,,
pichub,,,
i414i,,,
johncleese,,,
aerialpics,,,
weinegg,,,
hawtdog,,,
mopes,,,
floodtide,,,
kidkorner,,,
likemeta,,,
cacography,,,
xn--e28hp1d,🦘😀,,
dreamwhirl,,,
openfish,,,
xn--w4hw470o,☯🗺,,
registree,,,
xn--rd3a12a,费访,Chinese/Japanese/Korean,free visit
yachtboy,,,
stephenx,,,
newlivesmedia,,,
waterdrain,,,
xn--fcsp16dg6bm6t,疯狂园艺,Chinese/Japanese/Korean,Crazy gardening
winani,,,
water-drain,,,
laptopguy,,,
made-in-usa,,,
wenten,,,
sldepot,,,
subcloud,,,
glitchface,,,
xn--v4q876chxj,病柿儿,Chinese/Japanese/Korean,sick persimmon
ayrampu,,,
trekearth,,,
neopress,,,
xn--9wd6jmgsx,ሀሽታግ,,
whileawaythetime,,,
hnsldns,,,
kieneck,,,
dailyo,,,
xn--vej,ⰲ,,
verywater,,,
thatstrue,,,
jackpotx,,,
metapsychical,,,
xn--e1afbog,имени,Cyrillic (Russian/Ukrainian),name
adresism,,,
xn--cgtp7q,撒尿,Chinese/Japanese/Korean,pee
asnau,,,
veitsch,,,
stocksail,,,
botanicbank,,,
pleuremphytic,,,
isail,,,
xn--mnkey-ig34d,m🙉nkey,,
xpwn,,,
vorderwolch,,,
kiensass,,,
warnblick,,,
8ggg8,,,
earthwhirl,,,
trekgist,,,
piscatorialist,,,
buymugs,,,
seage,,,
e414e,,,
seashoes,,,
brainstew,,,
sharktracking,,,
campx,,,
xn--3xd0p,ምት,,
webzen,,,
frozensnacks,,,
gamophagia,,,
jpeghideout,,,
blastomycetes,,,
xn--8o8hfg,💗🐴,,
floweringplant,,,
xn--mo8h4o,🐞🔍,,
ratefee,,,
bugcake,,,
klachau,,,
d414d,,,
chrysophrysaustralis,,,
antineutrality,,,
welzeneggburgfried,,,
rivalship,,,
therainbow,,,
sldepotld,,,
xn--hz1a,蔥,Chinese/Japanese/Korean,蔥
digitalfiles,,,
woodcrash,,,
ebayart,,,
tankswim,,,
nationregion,,,
neutralistic,,,
domainal,,,
china8888,,,
xn--mbtv33k,鑒定,Chinese/Japanese/Korean,鑒定
chinawalk,,,
buffetnyc,,,
xn--ehq11txq5apbo,三国笑话,Chinese/Japanese/Korean,Three Kingdoms Joke
kierling,,,
hnscores,,,
offenegg,,,
guidedao,,,
xn--w1d2n,ኢዱ,,
xn--z3v507a,种植,Chinese/Japanese/Korean,planting
sysdev,,,
yzar,,,
seawings,,,
kerschham,,,
0xlite,,,
countersecurity,,,
pikcat,,,
anaxiphilia,,,
xn--qg8hf2c,😍🌊,,
bedknobsandbroomsticks,,,
0-me,,,
xn--fxdp7xic0g,ብልህነት,,
wagersbach,,,
addrea,,,
iinet,,,
chandpara,,,
tidedrifter,,,
entendres,,,
sdubs,,,
xn--tu8hq9e5c,📷🧑🦯,,
xn--u2t29l3ta2g120g,日月当空曌,Chinese/Japanese/Korean,sun and moon in the sky
xn--2nyw4as3q,画皮网,Chinese/Japanese/Korean,Huapi.com
xn--kg8hr2c,😍🌄,,
arossa,,,
amphigonous,,,
areadinho,,,
bicolors,,,
azureness,,,
wofdnsdjswoac,,,
moonlightrain,,,
captainaustralia,,,
zenhax,,,
xn--hpab728eei0ae33k,ʕಠꈊ◉ʔ,,
carphotos,,,
xn--6l8hldu6p,🦶🏿🏉,,
lifemedianews,,,
flatout,,,
blastactinota,,,
0__9,,,
daysea,,,
nimbleship,,,
xppe,,,
weinern,,,
whywater,,,
aquastick,,,
mercurian,,,
artjpeg,,,
xn--ng8hl2c,😍🌇,,
xn--hxyz3a,短的,Chinese/Japanese/Korean,short
metaversesnipe,,,
klebing,,,
screwlife,,,
wanderwave,,,
opponitz,,,
findbeats,,,
polyphyodont,,,
vorholz,,,
xn--mt7hs0h,🀄😍,,
annualpasses,,,
provedfact,,,
indenizen,,,
australianfederalgovernment,,,
thedancers,,,
xn--ng8hm2c,🌇😍,,
psychoda,,,
faithblind,,,
wellhellothere,,,
cqcoal,,,
turfsurf,,,
heavenless,,,
wenns,,,
xn--plane-el2c,plane✈,,
xn--5qs043gm4o,壱肆零,Chinese/Japanese/Korean,Yi Si Ling
mrsghost,,,
rafc,,,
xn--qfk,ㄙ,,
slavedealer,,,
xn--j1dv7a9t,አይካን,,
popmail,,,
8bad8,,,
xn--v4hy400o,☮🐐,,
wankham,,,
idkdao,,,
vogelberg,,,
sunnyglow,,,
xn--4gb0af,عون,Arabic/Urdu/Uyghur,Aoun
keepyuppy,,,
xn--4gqf1661b,苏七一,Chinese/Japanese/Korean,Su Qiyi
himward,,,
pezs,,,
xn--vn8h0e,🐄👑,,
plsplz,,,
4few,,,
cyrenaicism,,,
adiaphorism,,,
basketmaking,,,
fishnow,,,
petstor,,,
colorfulbird,,,
numbxrz,,,
garagemonkey,,,
helisite,,,
xn--80ahyzc1d,думать,Cyrillic (Russian/Ukrainian),think
xn--rsqared-gpf,πrsqared,Greek,πrsqared
webfed,,,
subsequences,,,
bellare,,,
rvarud,,,
galvanist,,,
rvstop,,,
xn--nm8hh9a,😍🏙,,
shi3,,,
bibliology,,,
xn--igt332e,立居,Chinese/Japanese/Korean,Settlement
euthanasy,,,
xn--hero,剬剳,Chinese/Japanese/Korean,剬剳
jokedev,,,
dogvscat,,,
newslifemedia,,,
itcafe,,,
mrgrant,,,
masculism,,,
bestnewswebsite,,,
comura,,,
exergame,,,
gainsays,,,
salesell,,,
xnip,,,
gracerios,,,
xn--6tuu7b,擦拭,Chinese/Japanese/Korean,wipe
isdao,,,
fishmobile,,,
1300smiles,,,
webbob,,,
garrarufafish,,,
acontinental,,,
brainruin,,,
pressdept,,,
rabbitwolf,,,
naturesseascape,,,
debbies,,,
blockface,,,
you-mail,,,
xn--jbt1d,密宗,Chinese/Japanese/Korean,Tantra
creafamainc,,,
miscarries,,,
velzur,,,
deathjoke,,,
xn--7n8hvi,💛🐐,,
yesud,,,
stakerx,,,
xn--6l8h08g,🏉🦶,,
ok13,,,
a414a,,,
campingtip,,,
sinism,,,
skilletfish,,,
byup,,,
parrotpal,,,
xn--is8he3f,💦🦘,,
moodguru,,,
anon-0,,,
yuleba,,,
xnyc,,,
mirical,,,
gamesforlife,,,
wanzbach,,,
tatahitachi,,,
xn--10-5j8d,10月,Chinese/Japanese/Korean,October
8nnn8,,,
idiologism,,,
weisland,,,
mskinner,,,
iross,,,
xn--rq8h1i54j,📷👩🦱,,
ch70,,,
g414g,,,
xn--jorw12fyws,双重的,Chinese/Japanese/Korean,double
seaninja,,,
actionfest,,,
8odo8,,,
shakeguide,,,
dreamreaver,,,
emigrations,,,
pluralizes,,,
solarimages,,,
ch40,,,
rain-water,,,
urfahr,,,
nihilify,,,
xn--cest9bgz1cspx,足球天地,Chinese/Japanese/Korean,football world
openseafisher,,,
isorropic,,,
24hournews,,,
chinesewhale,,,
keepsailing,,,
xn--n77hma016c,🇯🇵🤝,,
bluf,,,
xn--tkrp0qh7esqb021f,脑子慢半拍,Chinese/Japanese/Korean,My mind is slow
xtreme,,,
sabirkend,,,
xn--9-636b,9月,Chinese/Japanese/Korean,September
imagg,,,
niceweed,,,
xn--4ckvf0a,ゾーン,Japanese,zone
b4belief,,,
fuckabyte,,,
xn--syd5p9t,ነፍስ,,
ethereumos,,,
publicfish,,,
fasciate,,,
seniorgirl,,,
xn--tu8hkdo2m,📷🧑🔬,,
xn--8prq6v,合并,Chinese/Japanese/Korean,merge
ship-money,,,
boatpleasure,,,
emccarthy,,,
waidhausen,,,
thatsnotaname,,,
duboko,,,
koalapicks,,,
airvarie,,,
b4boat,,,
fractl,,,
xcook,,,
photohumor,,,
vormoos,,,
aquasurge,,,
maxtrips,,,
sunivers,,,
xn--l3hz591o,🤝☁,,
digsair,,,
xn--qg8h3y,💙🌊,,
shakebake,,,
tourismtasmania,,,
aussiewhale,,,
ch43,,,
xn--g1ajq,мзс,Cyrillic (Russian/Ukrainian),Ministry of Foreign Affairs
topnewsarticles,,,
ch48,,,
sigmate,,,
xn--wo8h3o,🔗🐨,,
watercity,,,
4bush,,,
tidechange,,,
truckerpath,,,
armyboats,,,
mediasnewlife,,,
phishery,,,
govapi,,,
xn--b6hgfd,♠♦♥♣,,
dongar,,,
walkfree,,,
unichord,,,
thisisaname,,,
boatlights,,,
conquien,,,
y414y,,,
policeblockchain,,,
xn--55q99d,公吨,Chinese/Japanese/Korean,mt
xn--yhq3d483n4rm,丝绸之路,Chinese/Japanese/Korean,silk road
webersdorf,,,
qasimalilar,,,
letitcook,,,
xn--jn2ar3z,行间,Chinese/Japanese/Korean,between lines
purrfectlife,,,
xn--krup14b6vt,抑郁症,Chinese/Japanese/Korean,depression
98au,,,
xn--essp57g,良夜,Chinese/Japanese/Korean,good night
moonwon,,,
misaltered,,,
cantofe,,,
tldepotld,,,
xn--bo8hf5a,😆🐓,,
web3donation,,,
wavescrash,,,
mylifesofar,,,
xn--wnuw08b,我看,Chinese/Japanese/Korean,I see
xtogether,,,
miothermic,,,
