domains,unicode,descript-IDNA,translate-IDNA,tags
10873,,,,5D
13610,,,,5D
24107,,,,5D
25569,,,,5D
51012,,,,5D
66100,,,,5D
73810,,,,5D
74227,,,,5D
80100,,,,5D
98100,,,,5D
99100,,,,5D
1357924680,,,,
brandapparel,,,,
xn--dis,垽,Chinese/Japanese/Korean,,"PUNY_IDNA,CJK"
vatersreith,,,,
evolvefish,,,,
goldsecret,,,,
wohsdgsdbxcso,,,,
journeyx,,,,
hardbase,,,,
newsau,,,,
queenslandcountrybank,,,,
creatext,,,,
artomatix,,,,
cumn,,,,4L
treeexit,,,,
icook,,,,5L
petglam,,,,
xn--1di7188m,❌🕉,"Letters + CROSS MARK, OM SYMBOL",,PUNY_IDNA
xn--fxd1c6b3qd,ትምህርት,"Letters + ETHIOPIC SYLLABLE TE, ETHIOPIC SYLLABLE ME, ETHIOPIC SYLLABLE HE, ETHIOPIC SYLLABLE RE, ETHIOPIC SYLLABLE TE",,PUNY_IDNA
xn--sleep,ᔷᔹᔾ,"Letters + CANADIAN SYLLABICS YWOO, CANADIAN SYLLABICS YWA, CANADIAN SYLLABICS Y",,PUNY_IDNA
messagefirst,,,,
depotld,,,,
zoodash,,,,
xn--7dbev,דול,Hebrew,,"PUNY_IDNA,Hebrew"
xn--j3d1v,ፒዛ,"Letters + ETHIOPIC SYLLABLE PI, ETHIOPIC SYLLABLE ZAA",,PUNY_IDNA
rv18,,,,4C
nextwatch,,,,
oceanbot,,,,
oneirology,,,,
venuswater,,,,
bubulcusibis,,,,
seacontact,,,,
taxsmile,,,,
xn--11-5j8d,11月,Chinese/Japanese/Korean,,"PUNY_IDNA,CJK"
f414f,,,,5C
shakefork,,,,
yywww,,,,5L
boatdeep,,,,
secretgold,,,,
sailorfish,,,,
xn--7hvv09b,简易,Chinese/Japanese/Korean,,"PUNY_IDNA,CJK"
xn--em8ht8f,🤚🏐,"Letters + RAISED BACK OF HAND, VOLLEYBALL",,PUNY_IDNA
weissenbachegg,,,,
riset,,,,5L
fingertea,,,,
changerchar,,,,
xn--vxd2cyi,ባሕር,"Letters + ETHIOPIC SYLLABLE BAA, ETHIOPIC SYLLABLE HHE, ETHIOPIC SYLLABLE RE",,PUNY_IDNA
rat-bag,,,,
arreios,,,,
offersalt,,,,
xn--4k9a,ꥷ,Letters + HANGUL CHOSEONG IEUNG-HIEUH,,PUNY_IDNA
basedcolleges,,,,
xn--m77hka96i,🇮🇳🍴,"Letters + REGIONAL INDICATOR SYMBOL LETTER I, REGIONAL INDICATOR SYMBOL LETTER N, FORK AND KNIFE",,PUNY_IDNA
jumping-betty,,,,
polytomy,,,,
xn--yerbamat-i1a,yerbamaté,Letters + LATIN SMALL LETTER E WITH ACUTE,,PUNY_IDNA
urscha,,,,
newscomau,,,,
xn--6g8hg1c,🌚😍,NEW MOON WITH FACE + SMILING FACE WITH HEART-SHAPED EYES,,PUNY_IDNA
0xroadmap,,,,
xn--xpqr20g,玩伴,Chinese/Japanese/Korean,,"PUNY_IDNA,CJK"
necrotised,,,,
beachease,,,,
golfforbeginners,,,,
nft4d,,,,5C
xn--sm8h48a,🏞😍,"Letters + NATIONAL PARK, SMILING FACE WITH HEART-SHAPED EYES",,PUNY_IDNA
xn--3r8hga,💘💛,HEART WITH ARROW + YELLOW HEART,,PUNY_IDNA
starwars-toys,,,,
wittywanderlust,,,,
waterbid,,,,
xn--hpab728e2mx4yp,ʕಠ⌓メʔ,Japanese,,"PUNY_IDNA,Japanese"
wangheim,,,,
olling,,,,
xn--kbru3ai78eyr2a,十题百分,Chinese/Japanese/Korean,,"PUNY_IDNA,CJK"
waldburg,,,,
viehbach,,,,
convay,,,,
worldforums,,,,
volcani,,,,
woodboy,,,,
xn--u8jil9w,かんこく,Japanese,,"PUNY_IDNA,Japanese"
yhtio,,,,5L
xn--t7hx200ofma,📷👩⚕,"Letters + CAMERA, WOMAN, STAFF OF AESCULAPIUS",,PUNY_IDNA
weisheim,,,,
polopony,,,,
xn--rs8hpy,😷💯,FACE WITH MEDICAL MASK + HUNDRED POINTS SYMBOL,,PUNY_IDNA
xn--toilet-hy84e,🚻toilet,Letters + RESTROOM,,PUNY_IDNA
hugd,,,,4L
noscam,,,,
xn--4kqv49f02g,犯二精,Chinese/Japanese/Korean,,"PUNY_IDNA,CJK"
yfish,,,,5L
weinling,,,,
pictureapp,,,,
xn--wgbp0bxbdv,عُمَرْ,,,"PUNY_ALT,Arabic"
xn--co2as1x,链表,Chinese/Japanese/Korean,,"PUNY_IDNA,CJK"
xn--idev-lw4b,i❤dev,LATIN SMALL LETTER I + HEAVY BLACK HEART + LATIN SMALL LETTER D + LATIN SMALL LETTER E + LATIN SMALL LETTER V,,PUNY_IDNA
codinghelp,,,,
foodwash,,,,
xn--r7h0480o,⚓🚦,"Letters + ANCHOR, VERTICAL TRAFFIC LIGHT",,PUNY_IDNA
worldget,,,,
phycography,,,,
feminacy,,,,
shipcats,,,,
xn--no8hx4a,😋🐟,"Letters + FACE SAVOURING DELICIOUS FOOD, FISH",,PUNY_IDNA
typetime,,,,
fishbook,,,,
spiritjunkie,,,,
kienberg,,,,
rivermorning,,,,
xn--movienight-7q16i,🎬movienight,Letters + CLAPPER BOARD,,PUNY_IDNA
oasisstay,,,,
flag-ship-store,,,,
blastomycete,,,,
doctorew,,,,
3xist,,,,5C
bidlock,,,,
osmoses,,,,
tinyhouselayout,,,,
healthyou,,,,
88c88,,,,5C
united_earth,,,,
boatlease,,,,
nightpics,,,,
b414b,,,,5C
dotau,,,,5L
rvshed,,,,
xn--5p9hwh,🤝🦘,"Letters + HANDSHAKE, KANGAROO",,PUNY_IDNA
giftauthor,,,,
funnypower,,,,
kinexon,,,,
digitalharbor,,,,
acetennis,,,,
absolutebeginner,,,,
tidehead,,,,
roughwater,,,,
xn--tu8hs9e2c,📷🧑🦰,"Letters + CAMERA, ADULT, EMOJI COMPONENT RED HAIR",,PUNY_IDNA
aud1,,,,4C
xn--1o8hsh,🐭💦,MOUSE FACE + SPLASHING SWEAT SYMBOL,,PUNY_IDNA
pictureweb,,,,
fishguide,,,,
xn--15q846c,全栈,Chinese/Japanese/Korean,,"PUNY_IDNA,CJK"
shipaward,,,,
sundayism,,,,
leftoverfish,,,,
muriphobia,,,,
watercruz,,,,
world-changing,,,,
tradetide,,,,
depressively,,,,
livenewsmedia,,,,
w3btek,,,,
vergalden,,,,
oceanlogistic,,,,
kindthal,,,,
floodwater,,,,
p414p,,,,5C
vvwww,,,,5L
monosyllabism,,,,
termsea,,,,
kathrynai,,,,
wallsee,,,,
biarchy,,,,
d414b,,,,5C
chandrahar,,,,
saliant,,,,
interlabial,,,,
naturetravels,,,,
nft-goats,,,,
outdared,,,,
ezgolf,,,,
hmart,,,,5L
petlife,,,,
z414z,,,,5C
xn--r77hna502a,🇺🇳😀,REGIONAL INDICATOR SYMBOL LETTER U + REGIONAL INDICATOR SYMBOL LETTER N + GRINNING FACE,,PUNY_IDNA
yachtcam,,,,
wagendorf,,,,
xn--ihqw43bt1a,悔不归,Chinese/Japanese/Korean,,"PUNY_IDNA,CJK"
waymaps,,,,
blameme,,,,
gardenoffice,,,,
ceddawicked,,,,
gypsology,,,,
xn--7or316ba,木木古,Chinese/Japanese/Korean,,"PUNY_IDNA,CJK"
caravancamping,,,,
xn--rsvx71g,构造,Chinese/Japanese/Korean,,"PUNY_IDNA,CJK"
genepublic,,,,
linkmate,,,,
ecowhales,,,,
xn--rss99nx8o,恒天然,Chinese/Japanese/Korean,,"PUNY_IDNA,CJK"
meaner,,,,
shitcreek,,,,
fretent,,,,
naturalgoals,,,,
xn--hpab728el9qf0l,ʕಠᴥ✯ʔ,LATIN LETTER PHARYNGEAL VOICED FRICATIVE + KANNADA LETTER TTHA + LATIN LETTER AIN + PINWHEEL STAR + LATIN LETTER GLOTTAL STOP,,PUNY_IDNA
nexuses,,,,
xn--5i8hhe,🎣🍟,"Letters + FISHING POLE AND FISH, FRENCH FRIES",,PUNY_IDNA
tvez,,,,4L
lifetimelimit,,,,
cosmikdust,,,,
chapuria,,,,
kerath,,,,
xn--oyster-o825e,🦪oyster,Letters + OYSTER,,PUNY_IDNA
cosmicwisdom,,,,
urfahrwand,,,,
xn--wfrr87a,手办,Chinese/Japanese/Korean,,"PUNY_IDNA,CJK"
mokyn,,,,5L
nurseship,,,,
xn--h0d0a3rtn,ተጫዋች,"Letters + ETHIOPIC SYLLABLE TA, ETHIOPIC SYLLABLE CHAA, ETHIOPIC SYLLABLE WAA, ETHIOPIC SYLLABLE CE",,PUNY_IDNA
xn--2-636b,2月,Chinese/Japanese/Korean,,"PUNY_IDNA,CJK"
xn--56hx971o,🤩♾,"Letters + GRINNING FACE WITH STAR EYES, PERMANENT PAPER SIGN",,PUNY_IDNA
xn--f7ix929m,⭐🪰,"Letters + WHITE MEDIUM STAR, FLY",,PUNY_IDNA
xn--qq8h3i54j,📷👨🦱,"Letters + CAMERA, MAN, EMOJI COMPONENT CURLY HAIR",,PUNY_IDNA
xn--81b9a9b,मजा,Devanagari (Hindi),,"PUNY_IDNA,Hindi"
xn--n77hma03l,🇯🇵🏍,"Letters + REGIONAL INDICATOR SYMBOL LETTER J, REGIONAL INDICATOR SYMBOL LETTER P, RACING MOTORCYCLE",,PUNY_IDNA
xn--tu8hm0e,📷🤝,"Letters + CAMERA, HANDSHAKE",,PUNY_IDNA
reductivism,,,,
xn--9j8ho4b,🎆😍,"Letters + FIREWORKS, SMILING FACE WITH HEART-SHAPED EYES",,PUNY_IDNA
speciesoffish,,,,
centurycu,,,,
oudini,,,,
xn--zbss4c,回复,Chinese/Japanese/Korean,,"PUNY_IDNA,CJK"
888web,,,,
cariva,,,,
xn--gmq052a1idqui,安人心智,Chinese/Japanese/Korean,,"PUNY_IDNA,CJK"
seaworn,,,,
shitfight,,,,
earthdrive,,,,
ddwww,,,,5L
fishdirect,,,,
repolished,,,,
windysurf,,,,
xn--8o8h7f,💕🐴,TWO HEARTS + HORSE FACE,,PUNY_IDNA
xn--mgbup0cj,القرض,Arabic/Urdu/Uyghur,,"PUNY_IDNA,Arabic"
xn--ns8hxes0b,📷😵💫,"Letters + CAMERA, DIZZY FACE, DIZZY SYMBOL",,PUNY_IDNA
natural-law,,,,
harbormate,,,,
xn--z3d3e,ጎያ,"Letters + ETHIOPIC SYLLABLE GO, ETHIOPIC SYLLABLE YAA",,PUNY_IDNA
waterprice,,,,
disabledworld,,,,
webrief,,,,
moreapps,,,,
seespot,,,,
xn--oo8hv4a,😋🐠,"Letters + FACE SAVOURING DELICIOUS FOOD, TROPICAL FISH",,PUNY_IDNA
bluelickwater,,,,
niceblunt,,,,
xn--2m8hk8a,🏨😍,"Letters + HOTEL, SMILING FACE WITH HEART-SHAPED EYES",,PUNY_IDNA
fishytails,,,,
majava,,,,
twoness,,,,
wernersdorf,,,,
waterstudy,,,,
xn--ibiv788m,⛳🔗,"Letters + FLAG IN HOLE, LINK SYMBOL",,PUNY_IDNA
mintsite,,,,
sendtransfer,,,,
hotimg,,,,
weberberg,,,,
wackers,,,,
donaram,,,,
xn--nnuo6i,戈朗,Chinese/Japanese/Korean,,"PUNY_IDNA,CJK"
watersidepaths,,,,
walddorf,,,,
villmannsdorf,,,,
v414v,,,,5C
qauk,,,,4L
ch32,,,,4C
xn--4o8hx3f,🤬🐰,SERIOUS FACE WITH SYMBOLS COVERING MOUTH + RABBIT FACE,,PUNY_IDNA
adayoff,,,,
xn--g77hwa48o,🇨🇳👁,"Letters + REGIONAL INDICATOR SYMBOL LETTER C, REGIONAL INDICATOR SYMBOL LETTER N, EYE",,PUNY_IDNA
free2u,,,,
bravewind,,,,
penpushers,,,,
unzdorf,,,,
theorizies,,,,
elburrito,,,,
xn--qtr38n,宝咂,Chinese/Japanese/Korean,,"PUNY_IDNA,CJK"
fanfishes,,,,
web3spider,,,,
desalinization,,,,
xn--oz-m352akc,🇦🇺oz,REGIONAL INDICATOR SYMBOL LETTER A + REGIONAL INDICATOR SYMBOL LETTER U + LATIN SMALL LETTER O + LATIN SMALL LETTER Z,,PUNY_IDNA
underwaterlife,,,,
asiancow,,,,
roofwater,,,,
waterdiver,,,,
watermovie,,,,
obstructionistic,,,,
moonlightonwater,,,,
famish,,,,
whalemagic,,,,
xn--gdvp76a,敬畏,Chinese/Japanese/Korean,,"PUNY_IDNA,CJK"
lifetimeword,,,,
parkfried,,,,
surfista,,,,
kadidi,,,,
justarts,,,,
australiangrown,,,,
xn--yxd2dvjseyy,መንግስት,"Letters + ETHIOPIC SYLLABLE MA, ETHIOPIC SYLLABLE NE, ETHIOPIC SYLLABLE GE, ETHIOPIC SYLLABLE SE, ETHIOPIC SYLLABLE TE",,PUNY_IDNA
waterdoor,,,,
eliminant,,,,
morename,,,,
tideofthings,,,,
boatllc,,,,
maxfoods,,,,
xn--w4hw781o,☯🤑,"Letters + YIN YANG, MONEY-MOUTH FACE",,PUNY_IDNA
udderlysmooth,,,,
midbowman,,,,
genome,,,,
newmediaslive,,,,
lateens,,,,
sailbear,,,,
boatmusic,,,,
gossipry,,,,
veganfta,,,,
xn--3d-bzbb,3̼d̼,"Letters + COMBINING SEAGULL BELOW, COMBINING SEAGULL BELOW",,PUNY_IDNA
xn--56h5800o,💀♾,"Letters + SKULL, PERMANENT PAPER SIGN",,PUNY_IDNA
itaucorp,,,,
cosmic-ai,,,,
kienzerle,,,,
seagrant,,,,
shht,,,,4L
ecoyachts,,,,
xn--sprr0j,壽司,Chinese/Japanese/Korean,,"PUNY_IDNA,CJK"
peze,,,,4L
cayp,,,,4L
overdare,,,,
manftrades,,,,
catandrat,,,,
chasetree,,,,
handshake-hns,,,,
warstars,,,,
anonymo,,,,
xn--gk8he3b,🎌🗾,"Letters + CROSSED FLAGS, SILHOUETTE OF JAPAN",,PUNY_IDNA
waternorth,,,,
handybug,,,,
phonetic,,,,
donethat,,,,
sinitic,,,,
yumfish,,,,
anaxonia,,,,
xn--0et699l,少鯰,Chinese/Japanese/Korean,,"PUNY_IDNA,CJK"
kirchau,,,,
enzed,,,,5L
wowza,,,,5L
xn--food,䕯䕭,"Letters + CJK UNIFIED IDEOGRAPH-456F, CJK UNIFIED IDEOGRAPH-456D",,PUNY_IDNA
xn--5eyv2omohvtn,篮球部落,Chinese/Japanese/Korean,,"PUNY_IDNA,CJK"
kittenhood,,,,
poormaster,,,,
marinefishtanks,,,,
expresstruck,,,,
xn--jisw73a,埃斯,Chinese/Japanese/Korean,,"PUNY_IDNA,CJK"
riverraft,,,,
soulpeace,,,,
handymind,,,,
powerstaff,,,,
childdao,,,,
aforeman,,,,
naturewonders,,,,
bullaria,,,,
victoriathomas,,,,
xn--5ey295at7g4jd,足球部落,Chinese/Japanese/Korean,,"PUNY_IDNA,CJK"
autistress,,,,
xn--w4h9370o,🗺☯,"Letters + WORLD MAP, YIN YANG",,PUNY_IDNA
xn--e6qp4v,孔兴,Chinese/Japanese/Korean,,"PUNY_IDNA,CJK"
xn--m3d,ዞ,Letters + ETHIOPIC SYLLABLE ZO,,PUNY_IDNA
t414t,,,,5C
xn--kg8hs2c,🌄😍,"Letters + SUNRISE OVER MOUNTAINS, SMILING FACE WITH HEART-SHAPED EYES",,PUNY_IDNA
spaceghxst,,,,
yogita,,,,
fishcarpet,,,,
uptown-sushi,,,,
skatan,,,,
domaria,,,,
cowscene,,,,
xn--y9s633f,它组,Chinese/Japanese/Korean,,"PUNY_IDNA,CJK"
xn--l5u,摼,Chinese/Japanese/Korean,,"PUNY_IDNA,CJK"
xn--2m8hj8a,😍🏨,"Letters + SMILING FACE WITH HEART-SHAPED EYES, HOTEL",,PUNY_IDNA
isospore,,,,
xn--crabs-kh74d,🦀crabs,Letters + CRAB,,PUNY_IDNA
reknot,,,,
prawner,,,,
waterpipe,,,,
actuallife,,,,
cumuni,,,,
xn--1xd4a7a0tuj,ማትሪክስ,"Letters + ETHIOPIC SYLLABLE MAA, ETHIOPIC SYLLABLE TE, ETHIOPIC SYLLABLE RI, ETHIOPIC SYLLABLE KE, ETHIOPIC SYLLABLE SE",,PUNY_IDNA
q414q,,,,5C
fossickthrough,,,,
missis,,,,
stringbody,,,,
surfbar,,,,
intersale,,,,
oxozone,,,,
coastnet,,,,
m3xico,,,,
usanonymous,,,,
addnote,,,,
fishvideo,,,,
humaniform,,,,
fishingmagazines,,,,
oceanfoundation,,,,
q414p,,,,5C
kematen,,,,
e-bio,,,,5C
linuxdev,,,,
domainsninja,,,,
sailtough,,,,
authtools,,,,
0x0g,,,,4C
oasiscoral,,,,
stereotomy,,,,
jamesonwilson,,,,
xn--mgb2dl,اول,Arabic/Urdu/Uyghur,,"PUNY_IDNA,Arabic"
nextbeach,,,,
macropterous,,,,
rayjon,,,,
opencargo,,,,
recklessdao,,,,
xn--kxd0e7h,ሊብራ,"Letters + ETHIOPIC SYLLABLE LI, ETHIOPIC SYLLABLE BE, ETHIOPIC SYLLABLE RAA",,PUNY_IDNA
qasbina,,,,
fishhunt,,,,
newsight,,,,
vrdisplay,,,,
baitpump,,,,
kerschenbach,,,,
evetide,,,,
4szn,,,,4C
oscah,,,,5L
phavor,,,,
xn--3xd9k,ቡም,"Letters + ETHIOPIC SYLLABLE BU, ETHIOPIC SYLLABLE ME",,PUNY_IDNA
xn--xv8hz8d,🤫🔞,FACE WITH FINGER COVERING CLOSED LIPS + NO ONE UNDER EIGHTEEN SYMBOL,,PUNY_IDNA
regionnation,,,,
funship,,,,
floatative,,,,
xn--mg8hn2c,😍🌆,"Letters + SMILING FACE WITH HEART-SHAPED EYES, CITYSCAPE AT DUSK",,PUNY_IDNA
homophylic,,,,
arasinda,,,,
beallfor,,,,
xn--4gq34g41ft06a9ne9yg,净土一片空白,Chinese/Japanese/Korean,,"PUNY_IDNA,CJK"
fishingislife,,,,
turizm,,,,
alternativefact,,,,
swiftships,,,,
xn--1-636b,1月,Chinese/Japanese/Korean,,"PUNY_IDNA,CJK"
xn--7-636b,7月,Chinese/Japanese/Korean,,"PUNY_IDNA,CJK"
0xwhitepaper,,,,
govdb,,,,5L
god0,,,,4C
falklands,,,,
agoat,,,,5L
weitgraben,,,,
sld-sales,,,,
thewaterdao,,,,
ringoftruth,,,,
bredz,,,,5L
greasywrench,,,,
coologi,,,,
poxham,,,,
roadie,,,,
xn--kyd5a00ca,ሽግግር,"Letters + ETHIOPIC SYLLABLE SHE, ETHIOPIC SYLLABLE GE, ETHIOPIC SYLLABLE GE, ETHIOPIC SYLLABLE RE",,PUNY_IDNA
xn--547hr7b,👑🆘,"Letters + CROWN, SQUARED SOS",,PUNY_IDNA
xn--yxdqy22a,መሠረት,"Letters + ETHIOPIC SYLLABLE MA, ETHIOPIC SYLLABLE SZA, ETHIOPIC SYLLABLE RA, ETHIOPIC SYLLABLE TE",,PUNY_IDNA
nihilianistic,,,,
buystime,,,,
fidgetoys,,,,
pageless,,,,
xn--4kq62h49jxs4a,小二票务,Chinese/Japanese/Korean,,"PUNY_IDNA,CJK"
xn--sense,㽓㾂,"Letters + CJK UNIFIED IDEOGRAPH-3F53, CJK UNIFIED IDEOGRAPH-3F82",,PUNY_IDNA
lapofhonour,,,,
davyjonesslocker,,,,
xn--oceano-o12n50a,海洋oceano,Chinese/Japanese/Korean,,"PUNY_IDNA,CJK"
xn--opensea,ᗆᗌᗍᗍᖿ,"Letters + CANADIAN SYLLABICS CARRIER GHE, CANADIAN SYLLABICS CARRIER RE, CANADIAN SYLLABICS CARRIER REE, CANADIAN SYLLABICS CARRIER REE, CANADIAN SYLLABICS BLACKFOOT KA",,PUNY_IDNA
wartegg,,,,
countdata,,,,
dm73,,,,4C
genteelish,,,,
magicfun,,,,
stellarai,,,,
catcapers,,,,
darkaccount,,,,
lanina,,,,
notmove,,,,
fishabroad,,,,
sailorizing,,,,
amuseyourself,,,,
boatapp,,,,
trackproduct,,,,
nametrustee,,,,
unzmarkt,,,,
lobscuse,,,,
kepling,,,,
care24,,,,
xn--bo8h04a,🐓😀,"Letters + ROOSTER, GRINNING FACE",,PUNY_IDNA
meta-face,,,,
worldweariness,,,,
solarpass,,,,
rizzomed,,,,
lifenewsmedia,,,,
firtar,,,,
seaphoto,,,,
seasports,,,,
ch51,,,,4C
qazidara,,,,
xn--uisp1p,影城,Chinese/Japanese/Korean,,"PUNY_IDNA,CJK"
8dab8,,,,5C
boatharbor,,,,
timetrekker,,,,
overwet,,,,
areopolis,,,,
eternitydao,,,,
rubyroo,,,,
nonewnews,,,,
digitaljpeg,,,,
xn--p8t,怠,Chinese/Japanese/Korean,,"PUNY_IDNA,CJK"
swimmap,,,,
savingstop,,,,
shakedif,,,,
naturalpursuits,,,,
taol,,,,4L
suboffice,,,,
feelthe,,,,
meetdeath,,,,
tabooist,,,,
timeswelivein,,,,
leafwhisper,,,,
ietv,,,,4L
handshake-gear,,,,
xn--water,¦¡,,,"PUNY_ALT,PUNY_INVALID"
bacillusanthracis,,,,
mistervr,,,,
devilfishes,,,,
ecoeating,,,,
anonko,,,,
rapeye,,,,
grandscoop,,,,
bangtailmuster,,,,
todaolist,,,,
pandeism,,,,
xn--g77hka436c,🇨🇭🤝,"Letters + REGIONAL INDICATOR SYMBOL LETTER C, REGIONAL INDICATOR SYMBOL LETTER H, HANDSHAKE",,PUNY_IDNA
leaf-mold,,,,
aawww,,,,5L
foodfish,,,,
wagrin,,,,
0xrape,,,,
3-ds,,,,4C
waldsdorf,,,,
ofmydreams,,,,
openxxxsea,,,,
xn--g5hz430oucd,📷🧞♂,"Letters + CAMERA, GENIE, MALE SIGN",,PUNY_IDNA
ethereumeth2,,,,
repugna,,,,
seedwetrust,,,,
escry,,,,5L
8xox8,,,,5C
larian,,,,
imtimt,,,,
tonicless,,,,
xn--lg8hlq,🐋🌅,"Letters + WHALE, SUNRISE",,PUNY_IDNA
hnsiot,,,,
channeldao,,,,
russica,,,,
ens-india,,,,
quiltingnook,,,,
bnbme,,,,5L
kirnberg,,,,
livenewmedias,,,,
friendshop,,,,
xn--yyd07a,ሻይ,"Letters + ETHIOPIC SYLLABLE SHAA, ETHIOPIC SYLLABLE YE",,PUNY_IDNA
ens1dao,,,,
caym,,,,4L
xn--4gq759ctz4a,一日酱,Chinese/Japanese/Korean,,"PUNY_IDNA,CJK"
kirschlag,,,,
ghostbat,,,,
sabirkand,,,,
floodins,,,,
tugd,,,,4L
euphemizer,,,,
xn--oorw50i,发芽,Chinese/Japanese/Korean,,"PUNY_IDNA,CJK"
buxeria,,,,
unterwolligen,,,,
0xsenses,,,,
antigoyism,,,,
8non8,,,,5C
xn--os5bog,융자,"Letters + HANGUL SYLLABLE YUNG, HANGUL SYLLABLE JA",,PUNY_IDNA
waasenberg,,,,
rizalar,,,,
fisherpeople,,,,
sissyism,,,,
marinecargo,,,,
b4birth,,,,
xn--6stqm,币库,Chinese/Japanese/Korean,,"PUNY_IDNA,CJK"
xn--nxdv32bvb,መልአክ,"Letters + ETHIOPIC SYLLABLE MA, ETHIOPIC SYLLABLE LE, ETHIOPIC SYLLABLE GLOTTAL A, ETHIOPIC SYLLABLE KE",,PUNY_IDNA
edmeds,,,,
stereovision,,,,
fishtoday,,,,
pseudonymic,,,,
isleof,,,,
collectanea,,,,
waveskipper,,,,
mindlessdao,,,,
daopensea,,,,
xn--k0da6h2o,ታይታን,"Letters + ETHIOPIC SYLLABLE TAA, ETHIOPIC SYLLABLE YE, ETHIOPIC SYLLABLE TAA, ETHIOPIC SYLLABLE NE",,PUNY_IDNA
rspi,,,,4L
xn--t7h1220oqbd,📷🧑⚕,"Letters + CAMERA, ADULT, STAFF OF AESCULAPIUS",,PUNY_IDNA
physicalism,,,,
8obo8,,,,5C
firstnumber,,,,
xn--jxd24a,ሉክ,"Letters + ETHIOPIC SYLLABLE LU, ETHIOPIC SYLLABLE KE",,PUNY_IDNA
thent,,,,5L
regalio,,,,
johh,,,,4L
xn--whale-gha,whale©,Letters + COPYRIGHT SIGN,,PUNY_IDNA
xn--kcr34o,失利,Chinese/Japanese/Korean,,"PUNY_IDNA,CJK"
valentinhaft,,,,
ebooklist,,,,
firemuse,,,,
kickendorf,,,,
warbach,,,,
graymullet,,,,
seaborder,,,,
chainvirus,,,,
woolest,,,,
byronbaycookies,,,,
news24seven,,,,
cryptodrillin,,,,
s414s,,,,5C
ecology365,,,,
buvau,,,,5L
sugarmilf,,,,
xn--ygb1a1a,فيس,Arabic/Urdu/Uyghur,,"PUNY_IDNA,Arabic"
tigerstripes,,,,
u414u,,,,5C
yachtgig,,,,
xn--b6hggd,♠♣♦♥,"Letters + BLACK SPADE SUIT, BLACK CLUB SUIT, BLACK DIAMOND SUIT, BLACK HEART SUIT",,PUNY_IDNA
xn--e1apa9c,ныне,Cyrillic (Russian/Ukrainian),,"PUNY_IDNA,Cyrillic"
earthtales,,,,
sabirli,,,,
abrief,,,,
sneekz,,,,
roadstock,,,,
transtheism,,,,
drawstraws,,,,
sunology,,,,
unadjoined,,,,
lucky-dip,,,,
dwebpc,,,,
ch59,,,,4C
walkersdorf,,,,
ensplan,,,,
diger,,,,5L
dohai,,,,5L
mechanicalguru,,,,
kienzen,,,,
xn--tu8hy9etc,📷🧑🦳,"Letters + CAMERA, ADULT, EMOJI COMPONENT WHITE HAIR",,PUNY_IDNA
kirchental,,,,
5best,,,,5C
phytotomist,,,,
hnsgear,,,,
vierlings,,,,
waterlevel,,,,
thallogen,,,,
measuretime,,,,
dolua,,,,5L
oftering,,,,
xn--nxd1a1ptq,ማዕበል,"Letters + ETHIOPIC SYLLABLE MAA, ETHIOPIC SYLLABLE PHARYNGEAL E, ETHIOPIC SYLLABLE BA, ETHIOPIC SYLLABLE LE",,PUNY_IDNA
folkfest,,,,
xn--4-636b,4月,Chinese/Japanese/Korean,,"PUNY_IDNA,CJK"
anglephone,,,,
xn--4qwq02h,气魄,Chinese/Japanese/Korean,,"PUNY_IDNA,CJK"
deeeznuts,,,,
viehausen,,,,
weisserhof,,,,
magginoodles,,,,
vinier,,,,
watersad,,,,
xefe,,,,4L
vichtenstein,,,,
tld1hns,,,,
coolfellow,,,,
ch55,,,,4C
xn--qg8hvy,💕🌊,"Letters + TWO HEARTS, WATER WAVE",,PUNY_IDNA
thenorrisnuts,,,,
xn--p77hlai,🇺🇷🇱,REGIONAL INDICATOR SYMBOL LETTER U + REGIONAL INDICATOR SYMBOL LETTER R + REGIONAL INDICATOR SYMBOL LETTER L,,PUNY_IDNA
treemax,,,,
xn--b1abqa1abor,говорити,Cyrillic (Russian/Ukrainian),,"PUNY_IDNA,Cyrillic"
kigerl,,,,
boatswainschair,,,,
authpass,,,,
ele7en,,,,
driftwoodpics,,,,
e-gift,,,,
dildwar,,,,
natureself,,,,
simim,,,,5L
b414d,,,,5C
holdwater,,,,
blokman,,,,
seanut,,,,
wendbach,,,,
xn--7or33cz1i,小嘎古,Chinese/Japanese/Korean,,"PUNY_IDNA,CJK"
cookingherbs,,,,
xn--2p8h84h,👑🪢,"Letters + CROWN, KNOT",,PUNY_IDNA
xn--4gqz7lx5b01a,一只坏噜,Chinese/Japanese/Korean,,"PUNY_IDNA,CJK"
yearsgrowth,,,,
xn--cest9bgz1cwhh,篮球天地,Chinese/Japanese/Korean,,"PUNY_IDNA,CJK"
p414q,,,,5C
boatselfie,,,,
driftwoodphotos,,,,
adultwater,,,,
opusculum,,,,
tradidas,,,,
xn--93d8bwl,ድጋፍ,"Letters + ETHIOPIC SYLLABLE DE, ETHIOPIC SYLLABLE GAA, ETHIOPIC SYLLABLE FE",,PUNY_IDNA
dragovici,,,,
domainse,,,,
bighealth,,,,
xn--6yde4vwt,ጥቃቅን,"Letters + ETHIOPIC SYLLABLE THE, ETHIOPIC SYLLABLE QAA, ETHIOPIC SYLLABLE QE, ETHIOPIC SYLLABLE NE",,PUNY_IDNA
xn--lxde5mxe,በቀላል,"Letters + ETHIOPIC SYLLABLE BA, ETHIOPIC SYLLABLE QA, ETHIOPIC SYLLABLE LAA, ETHIOPIC SYLLABLE LE",,PUNY_IDNA
veichltal,,,,
moreroad,,,,
stereofoto,,,,
ch24,,,,4C
greennrg,,,,
xn--zlv572c,暗網,Chinese/Japanese/Korean,,"PUNY_IDNA,CJK"
hyperbiz,,,,
totemism,,,,
sabatlar,,,,
ch71,,,,4C
xn--9hq5kk73n,亡丨语,Chinese/Japanese/Korean,,"PUNY_IDNA,CJK"
absoluteyarn,,,,
kpass,,,,5L
nremsleep,,,,
xn--8-636b,8月,Chinese/Japanese/Korean,,"PUNY_IDNA,CJK"
preternaturalism,,,,
coralife,,,,
naturevillage,,,,
soilgift,,,,
shakespearefishing,,,,
xn--beachlife-u355h,🌊beachlife,Letters + WATER WAVE,,PUNY_IDNA
blinddev,,,,
circumfix,,,,
trainx,,,,
xn--2p8hq0f,👑🤙,"Letters + CROWN, CALL ME HAND",,PUNY_IDNA
zencorner,,,,
xn--dpqaaa,传传传传,Chinese/Japanese/Korean,,"PUNY_IDNA,CJK"
domainame,,,,
tryone,,,,
xn--r3f,ᱵ,Letters + OL CHIKI LETTER OB,,PUNY_IDNA
seawaterpump,,,,
wampersdorf,,,,
boatingsupplies,,,,
forestphoto,,,,
fundamentalparticle,,,,
waldfeld,,,,
kinsdorf,,,,
scubashack,,,,
isuggire,,,,
catholicist,,,,
xn--qiq305abwg,小撸丸,Chinese/Japanese/Korean,,"PUNY_IDNA,CJK"
acronystic,,,,
nvpc,,,,4L
escapefund,,,,
welsdorf,,,,
andropogon,,,,
dailyhero,,,,
cloudmode,,,,
ch46,,,,4C
routinists,,,,
viehdorf,,,,
xn--5-636b,5月,Chinese/Japanese/Korean,,"PUNY_IDNA,CJK"
hnsopia,,,,
xn--u1d6o,አዶ,"Letters + ETHIOPIC SYLLABLE GLOTTAL A, ETHIOPIC SYLLABLE DO",,PUNY_IDNA
fanwort,,,,
ecotinyhomes,,,,
seafoodplaces,,,,
hnssld,,,,
khunegg,,,,
nextfest,,,,
cb40,,,,4C
bespectacled,,,,
thingcoast,,,,
poiz,,,,4L
t-shirt,,,,
freedomainbank,,,,
xn--yxd8fogpn0f,መታወቂያ,"Letters + ETHIOPIC SYLLABLE MA, ETHIOPIC SYLLABLE TAA, ETHIOPIC SYLLABLE WA, ETHIOPIC SYLLABLE QI, ETHIOPIC SYLLABLE YAA",,PUNY_IDNA
unibag,,,,
vulturism,,,,
xn--rq8h1i84j,📷👩🦲,"Letters + CAMERA, WOMAN, EMOJI COMPONENT BALD",,PUNY_IDNA
meropia,,,,
hypelust,,,,
tallymark,,,,
xn--lp8h6k,👀📰,"Letters + EYES, NEWSPAPER",,PUNY_IDNA
xn--6-636b,6月,Chinese/Japanese/Korean,,"PUNY_IDNA,CJK"
klamberg,,,,
jettypier,,,,
earthour,,,,
lumoz,,,,5L
outhouses,,,,
xn--53t698h,远征,Chinese/Japanese/Korean,,"PUNY_IDNA,CJK"
audir,,,,5L
hns4yr,,,,
finrific,,,,
runabouts,,,,
univillage,,,,
hetbeste,,,,
kinham,,,,
xn--g5hz430ozbd,📷🧔♂,"Letters + CAMERA, BEARDED PERSON, MALE SIGN",,PUNY_IDNA
vorderwinkel,,,,
xn--pyd89a,ሲዲ,"Letters + ETHIOPIC SYLLABLE SI, ETHIOPIC SYLLABLE DI",,PUNY_IDNA
manualist,,,,
guako,,,,5L
islenft,,,,
xn--qq8h3i24j,📷👨🦰,"Letters + CAMERA, MAN, EMOJI COMPONENT RED HAIR",,PUNY_IDNA
monkeybiz,,,,
oceaninvest,,,,
xn--59gz2nea,☮∞☯,"Letters + PEACE SYMBOL, INFINITY, YIN YANG",,PUNY_IDNA
rekk,,,,4L
puzzlepix,,,,
sunsetpics,,,,
xn--4gq79s1ybj94d,第一大团,Chinese/Japanese/Korean,,"PUNY_IDNA,CJK"
apigov,,,,
xn--pg8hi2c,🌉😍,"Letters + BRIDGE AT NIGHT, SMILING FACE WITH HEART-SHAPED EYES",,PUNY_IDNA
xn--tao,,,,PUNY_INVALID
enplein,,,,
pseudos,,,,
wasserring,,,,
xn--kyd9k9o,ቱዶር,"Letters + ETHIOPIC SYLLABLE TU, ETHIOPIC SYLLABLE DO, ETHIOPIC SYLLABLE RE",,PUNY_IDNA
xn--e77hibv7c,🇦🇺🌊,"Letters + REGIONAL INDICATOR SYMBOL LETTER A, REGIONAL INDICATOR SYMBOL LETTER U, WATER WAVE",,PUNY_IDNA
wagham,,,,
xn--wcso80ahyv,美图控,Chinese/Japanese/Korean,,"PUNY_IDNA,CJK"
heartmaster,,,,
cayk,,,,4L
mountainphotos,,,,
warnungs,,,,
picsee,,,,
8bid8,,,,5C
xn--yxd6a5c26b,መድረሻ,"Letters + ETHIOPIC SYLLABLE MA, ETHIOPIC SYLLABLE DE, ETHIOPIC SYLLABLE RA, ETHIOPIC SYLLABLE SHAA",,PUNY_IDNA
appdown,,,,
earthdust,,,,
xn--fiqv4aq9n72e,安佳中国,Chinese/Japanese/Korean,,"PUNY_IDNA,CJK"
exotichns,,,,
happykitty,,,,
xn--rq8h1ih5j,📷👩🦳,"Letters + CAMERA, WOMAN, EMOJI COMPONENT WHITE HAIR",,PUNY_IDNA
xn--oz-o352akc,oz🇦🇺,LATIN SMALL LETTER O + LATIN SMALL LETTER Z + REGIONAL INDICATOR SYMBOL LETTER A + REGIONAL INDICATOR SYMBOL LETTER U,,PUNY_IDNA
shiningisland,,,,
sabarkend,,,,
couplecoach,,,,
precreation,,,,
bycicles,,,,
cashblocks,,,,
xn--hpab728el9qp4l,ʕಠᴥ❍ʔ,"Letters + LATIN LETTER PHARYNGEAL VOICED FRICATIVE, KANNADA LETTER TTHA, LATIN LETTER AIN, SHADOWED WHITE CIRCLE, LATIN LETTER GLOTTAL STOP",,PUNY_IDNA
unterwollan,,,,
travelpic,,,,
wagenhub,,,,
dotardism,,,,
parataxic,,,,
web3mium,,,,
nagged,,,,
ch22,,,,4C
ccwww,,,,5L
fishaboutin,,,,
apphoto,,,,
ok21,,,,4C
hospitalblockchain,,,,
xn--iy8hzb,🖕🕸,"Letters + REVERSED HAND WITH MIDDLE FINGER EXTENDED, SPIDER WEB",,PUNY_IDNA
paganity,,,,
xn--h4h8l,☠♾,"Letters + SKULL AND CROSSBONES, PERMANENT PAPER SIGN",,PUNY_IDNA
shadow3d,,,,
tallyadd,,,,
theshipstudio,,,,
herogear,,,,
tri-statehemp,,,,
endlessrabbithole,,,,
verditz,,,,
mutart,,,,
chipwood,,,,
ownhomes,,,,
coastalflowers,,,,
aleny,,,,5L
macnutz,,,,
sonywalkman,,,,
navyuniformshop,,,,
tatahitachico,,,,
xn--fcv,效,Chinese/Japanese/Korean,,"PUNY_IDNA,CJK"
xn--h4h7l,♾☠,"Letters + PERMANENT PAPER SIGN, SKULL AND CROSSBONES",,PUNY_IDNA
seapiece,,,,
seases,,,,
digenea,,,,
xn--6g8hnt,👑🌚,"Letters + CROWN, NEW MOON WITH FACE",,PUNY_IDNA
simplewin,,,,
adhdautism,,,,
cumbre,,,,
carijos,,,,
unterwollanig,,,,
occultaste,,,,
cuevapunta,,,,
xn--s1y,眛,Chinese/Japanese/Korean,,"PUNY_IDNA,CJK"
qazaxlar,,,,
xn--12-5j8d,12月,Chinese/Japanese/Korean,,"PUNY_IDNA,CJK"
onlyonetime,,,,
xn--e77hibz7r,🗺🇦🇺,"Letters + WORLD MAP, REGIONAL INDICATOR SYMBOL LETTER A, REGIONAL INDICATOR SYMBOL LETTER U",,PUNY_IDNA
ofenegg,,,,
truthstorm,,,,
darwinfoundation,,,,
kylianne,,,,
draganici,,,,
ch80,,,,4C
bicyclingvacations,,,,
waldreichs,,,,
xn--m0d1r8b,ይዘት,"Letters + ETHIOPIC SYLLABLE YE, ETHIOPIC SYLLABLE ZA, ETHIOPIC SYLLABLE TE",,PUNY_IDNA
w414w,,,,5C
thefrontyard,,,,
xn--qg8h12b,🕸🌊,"Letters + SPIDER WEB, WATER WAVE",,PUNY_IDNA
vegx,,,,4L
xn--g7q10v2lx,孕写真,Chinese/Japanese/Korean,,"PUNY_IDNA,CJK"
boxun,,,,5L
xn--65qq04c13kplm,六月的茶,Chinese/Japanese/Korean,,"PUNY_IDNA,CJK"
mintink,,,,
smartplatform,,,,
dancecourses,,,,
brushwithdeath,,,,
hardfist,,,,
newsmedialife,,,,
xn--qq8h3iz4j,📷👨🦯,"Letters + CAMERA, MAN, PROBING CANE",,PUNY_IDNA
xn--qq8h3ih5j,📷👨🦳,"Letters + CAMERA, MAN, EMOJI COMPONENT WHITE HAIR",,PUNY_IDNA
kiblitz,,,,
apidapps,,,,
j414j,,,,5C
rvnft,,,,5L
diystores,,,,
xn--qg8h22b,🌊🕸,"Letters + WATER WAVE, SPIDER WEB",,PUNY_IDNA
nftmelbourne,,,,
eumail,,,,
ethunterz,,,,
kenndorf,,,,
heaveto,,,,
cutre,,,,5L
forehew,,,,
swimmingholes,,,,
handyplan,,,,
xn--v4h83a5671i,☮✊🏿,"Letters + PEACE SYMBOL, RAISED FIST, EMOJI MODIFIER FITZPATRICK TYPE-6",,PUNY_IDNA
outcomeocean,,,,
davidic,,,,
doabit,,,,
maculose,,,,
ecotool,,,,
earthtwo,,,,
xn--forex,又叒及,Chinese/Japanese/Korean,,"PUNY_IDNA,CJK"
libidinist,,,,
antispastic,,,,
xn--cmr372e,爱卿,Chinese/Japanese/Korean,,"PUNY_IDNA,CJK"
dighari,,,,
untedious,,,,
bingolinks,,,,
xn--qg8h7b,🌫🌊,"Letters + FOG, WATER WAVE",,PUNY_IDNA
k414k,,,,5C
fomosapien,,,,
xn--4o8hs3f,🐰🤩,RABBIT FACE + GRINNING FACE WITH STAR EYES,,PUNY_IDNA
tap2win,,,,
xn--0sqs95e,游侠,Chinese/Japanese/Korean,,"PUNY_IDNA,CJK"
rv40,,,,4C
boatservices,,,,
convolutedstory,,,,
geckoconft,,,,
heathenist,,,,
flahr,,,,5L
xn--mnq52d,兔代,Chinese/Japanese/Korean,,"PUNY_IDNA,CJK"
whispee,,,,
xn--hpab728efnz3s2l,ʕಠꈊ─ʔ,"Letters + LATIN LETTER PHARYNGEAL VOICED FRICATIVE, KANNADA LETTER TTHA, YI SYLLABLE KET, BOX DRAWINGS LIGHT HORIZONTAL, LATIN LETTER GLOTTAL STOP",,PUNY_IDNA
zzwww,,,,5L
newspec,,,,
xn--21xxx,獼牜,Chinese/Japanese/Korean,,"PUNY_IDNA,CJK"
glass-house,,,,
agamogenesis,,,,
yangfamily,,,,
xn--ltu-bma,létu,Letters + LATIN SMALL LETTER E WITH ACUTE,,PUNY_IDNA
policesky,,,,
xn--xg8h5t,👑🌑,"Letters + CROWN, NEW MOON SYMBOL",,PUNY_IDNA
snarkify,,,,
nutextractor,,,,
hookwork,,,,
riveradventures,,,,
gemengraving,,,,
tipfish,,,,
seaforthia,,,,
nftambassador,,,,
xn--4dbhbca4b,הלוואה,Hebrew,,"PUNY_IDNA,Hebrew"
wohasghgvvvanx,,,,
kickenheim,,,,
xn--3k8hnw,🔊🎣,"Letters + SPEAKER WITH THREE SOUND WAVES, FISHING POLE AND FISH",,PUNY_IDNA
owaz,,,,4L
curryfish,,,,
xn--og8h62i,🌈🧘,"Letters + RAINBOW, PERSON IN LOTUS POSITION",,PUNY_IDNA
ahirt,,,,5L
xn--41d7d,ዊኪ,"Letters + ETHIOPIC SYLLABLE WI, ETHIOPIC SYLLABLE KI",,PUNY_IDNA
mawf,,,,4L
truthquarks,,,,
sweetfish,,,,
hnsclient,,,,
shipsupplies,,,,
whale-watch,,,,
knitwork,,,,
waasen,,,,
discorde,,,,
vordersauerwald,,,,
farholiday,,,,
xn--6oqv77aso8a,会计师,Chinese/Japanese/Korean,,"PUNY_IDNA,CJK"
waldberg,,,,
caejywnoci,,,,
playact,,,,
xn--h95b,즁,Letters + HANGUL SYLLABLE JYUNG,,PUNY_IDNA
shiq,,,,4L
88b88,,,,5C
xn--prst60e,益处,Chinese/Japanese/Korean,,"PUNY_IDNA,CJK"
umbrine,,,,
xn--lxd4psh,ክላብ,"Letters + ETHIOPIC SYLLABLE KE, ETHIOPIC SYLLABLE LAA, ETHIOPIC SYLLABLE BE",,PUNY_IDNA
seasocks,,,,
spanishmovies,,,,
spotlighted,,,,
xn--9my252c,生贡,Chinese/Japanese/Korean,,"PUNY_IDNA,CJK"
xn--k91ae,蚆蚈,Chinese/Japanese/Korean,,"PUNY_IDNA,CJK"
absir,,,,5L
lawrule,,,,
aiyat,,,,5L
codegptdev,,,,
etchscratch,,,,
xn--lm8hm8f,🏗🤝,"Letters + BUILDING CONSTRUCTION, HANDSHAKE",,PUNY_IDNA
xn--w4r085g,嘉约,Chinese/Japanese/Korean,,"PUNY_IDNA,CJK"
xn--edu,悡,Chinese/Japanese/Korean,,"PUNY_IDNA,CJK"
ungifted,,,,
xn--xv8h7o,😏🔞,SMIRKING FACE + NO ONE UNDER EIGHTEEN SYMBOL,,PUNY_IDNA
incomprensible,,,,
xn--fct73wj0lwol,智能家电,Chinese/Japanese/Korean,,"PUNY_IDNA,CJK"
veldenamwortherseen,,,,
xn--h4h4750o,☠🕸,"Letters + SKULL AND CROSSBONES, SPIDER WEB",,PUNY_IDNA
cleanft,,,,
xn--gmqy7wu0bdy9d,舰大官人,Chinese/Japanese/Korean,,"PUNY_IDNA,CJK"
verbannen,,,,
windfather,,,,
insectaria,,,,
boredapedreams,,,,
cantosujo,,,,
truthhost,,,,
hollyking,,,,
setafloat,,,,
ditchwater,,,,
justsell,,,,
tochinese,,,,
unlodge,,,,
silverizing,,,,
hetericism,,,,
xn--nxd2spe,አልት,"Letters + ETHIOPIC SYLLABLE GLOTTAL A, ETHIOPIC SYLLABLE LE, ETHIOPIC SYLLABLE TE",,PUNY_IDNA
fonetik,,,,
4seas,,,,5C
flippingreatdomains,,,,
xn--easy-yga,easy®,Letters + REGISTERED SIGN,,PUNY_IDNA
maxnames,,,,
temptia,,,,
wawn,,,,4L
unterzeiss,,,,
naturepic,,,,
freepdfeditor,,,,
recipefor,,,,
firewisp,,,,
erthen,,,,
tadgedryja,,,,
podophyllous,,,,
xn--g77hwa54o,🇨🇳🐴,REGIONAL INDICATOR SYMBOL LETTER C + REGIONAL INDICATOR SYMBOL LETTER N + HORSE FACE,,PUNY_IDNA
neo-absurdism,,,,
ahoy-hoy,,,,
zh888,,,,5C
xn--r77hna695c,🇺🇳🤝,"Letters + REGIONAL INDICATOR SYMBOL LETTER U, REGIONAL INDICATOR SYMBOL LETTER N, HANDSHAKE",,PUNY_IDNA
renatured,,,,
heaveinview,,,,
vorderweisspriach,,,,
wogfhhaabnasde,,,,
capatana,,,,
monometers,,,,
clearance1hns,,,,
bambos,,,,
atdusk,,,,
actionsea,,,,
xn--7gqu0nv9fxx4d,七味子酱,Chinese/Japanese/Korean,,"PUNY_IDNA,CJK"
triptrail,,,,
tidegauge,,,,
nahualism,,,,
bitcoincrook,,,,
xn--xg8hial,🌑🌙🌕,"Letters + NEW MOON SYMBOL, CRESCENT MOON, FULL MOON SYMBOL",,PUNY_IDNA
z1n3,,,,4C
ecoessentials,,,,
kirchham,,,,
sitotoxin,,,,
weindlau,,,,
glowmore,,,,
gosalt,,,,
raintanks,,,,
fairmedia,,,,
utschthal,,,,
timici,,,,
etheu,,,,5L
lovementor,,,,
cameracan,,,,
retweetandfav,,,,
ch28,,,,4C
budgeree,,,,
traderat,,,,
deviart,,,,
armything,,,,
xn--iy8h1b,🖖🕸,"Letters + RAISED HAND WITH PART BETWEEN MIDDLE AND RING FINGERS, SPIDER WEB",,PUNY_IDNA
t691,,,,4C
newstree,,,,
mutationist,,,,
01km,,,,4C
gamomachia,,,,
concordi,,,,
sixxxxxx,,,,
knapsacked,,,,
xn--i8s110l,雷子,Chinese/Japanese/Korean,,"PUNY_IDNA,CJK"
xn--ks8h3ep8a,📷😮💨,"Letters + CAMERA, FACE WITH OPEN MOUTH, DASH SYMBOL",,PUNY_IDNA
valleu,,,,
xn--4gqt5yruvxp1ba,一大班鳮鳮,Chinese/Japanese/Korean,,"PUNY_IDNA,CJK"
brachypterous,,,,
daoreg,,,,
aeolotropic,,,,
andabeer,,,,
spendpower,,,,
xn--r77hya21z,🇳🇿😀,REGIONAL INDICATOR SYMBOL LETTER N + REGIONAL INDICATOR SYMBOL LETTER Z + GRINNING FACE,,PUNY_IDNA
ch57,,,,4C
tidaltank,,,,
lafoto,,,,
bi11,,,,4C
ch38,,,,4C
foodoir,,,,
cuestita,,,,
wasserhofen,,,,
tricolored,,,,
lifetapestry,,,,
forewritten,,,,
ofnames,,,,
bosspeak,,,,
seapixel,,,,
takemetotheriver,,,,
phonophone,,,,
xn--i1xu9n,版税,Chinese/Japanese/Korean,,"PUNY_IDNA,CJK"
xn--rq8h1iz4j,📷👩🦯,"Letters + CAMERA, WOMAN, PROBING CANE",,PUNY_IDNA
xn--u1d8m,አይ,"Letters + ETHIOPIC SYLLABLE GLOTTAL A, ETHIOPIC SYLLABLE YE",,PUNY_IDNA
fishpurple,,,,
kibahassmallpp,,,,
xn--4gqx7jnva,向一北,Chinese/Japanese/Korean,,"PUNY_IDNA,CJK"
seablockchain,,,,
hnsaus,,,,
xn--9g8hht,👑🌝,"Letters + CROWN, FULL MOON WITH FACE",,PUNY_IDNA
xn--sound,戰扙,Chinese/Japanese/Korean,,"PUNY_IDNA,CJK"
assio,,,,5L
xn--e77hib449a,🇦🇺🥰,REGIONAL INDICATOR SYMBOL LETTER A + REGIONAL INDICATOR SYMBOL LETTER U + SMILING FACE WITH SMILING EYES AND THREE HEARTS,,PUNY_IDNA
erraticism,,,,
tidefly,,,,
klaubling,,,,
wavefinder,,,,
4dags,,,,5C
switchsea,,,,
watertravel,,,,
dinosaurset,,,,
beridof,,,,
xn--0zd6bwp,ውበት,"Letters + ETHIOPIC SYLLABLE WE, ETHIOPIC SYLLABLE BA, ETHIOPIC SYLLABLE TE",,PUNY_IDNA
xn--otx163g,鱼然,Chinese/Japanese/Korean,,"PUNY_IDNA,CJK"
qasad,,,,5L
pezx,,,,4L
reefnft,,,,
xn--nxd3e2pja17d,አሰልጣኝ,"Letters + ETHIOPIC SYLLABLE GLOTTAL A, ETHIOPIC SYLLABLE SA, ETHIOPIC SYLLABLE LE, ETHIOPIC SYLLABLE THAA, ETHIOPIC SYLLABLE NYE",,PUNY_IDNA
wasendorf,,,,
4buoy,,,,5C
i-hub,,,,5C
fencein,,,,
kennelbach,,,,
xn--8o8h8f,🐴💕,HORSE FACE + TWO HEARTS,,PUNY_IDNA
xn--fair-cqa,faðir,Letters + LATIN SMALL LETTER ETH,,PUNY_IDNA
jampam,,,,
nameopen,,,,
saillay,,,,
safewaterfilter,,,,
ch36,,,,4C
ozmeta,,,,
worldhealthnews,,,,
factorist,,,,
xn--t7h9100oima,📷👨⚕,"Letters + CAMERA, MAN, STAFF OF AESCULAPIUS",,PUNY_IDNA
xn--pg8hh2c,😍🌉,"Letters + SMILING FACE WITH HEART-SHAPED EYES, BRIDGE AT NIGHT",,PUNY_IDNA
powerspend,,,,
fishcakerecipe,,,,
kiesenberg,,,,
webersberg,,,,
tristatehemp,,,,
xn--noodles-o974f,🍜noodles,Letters + STEAMING BOWL,,PUNY_IDNA
slashetch,,,,
crownt,,,,
xn--g1q,僇,Chinese/Japanese/Korean,,"PUNY_IDNA,CJK"
charatipara,,,,
nerrd,,,,5L
keuschen,,,,
vergross,,,,
bosunschair,,,,
byud,,,,4L
waldzell,,,,
seaducks,,,,
lansare,,,,
xn--ho8h94a,😋🐙,"Letters + FACE SAVOURING DELICIOUS FOOD, OCTOPUS",,PUNY_IDNA
thetaichischool,,,,
8yyy8,,,,5C
harbormaster,,,,
xn--cyberpunk,࢓ࢧ࢟ࢣ࢛ࢥ࢕,"Letters + ࢓, ARABIC LETTER MEEM WITH THREE DOTS ABOVE, ARABIC HALF MADDA OVER MADDA, ARABIC LETTER TAH WITH TWO DOTS ABOVE, ARABIC SMALL LOW WORD TASHEEL, ARABIC LETTER QAF WITH DOT BELOW, ࢕",,PUNY_IDNA
survival-skills,,,,
knowblockchain,,,,
uniquetree,,,,
kernhof,,,,
nonsatire,,,,
nzrd,,,,4L
milestonez,,,,
wordflow,,,,
xn--1996-uz33cpd,🇦🇺1996,REGIONAL INDICATOR SYMBOL LETTER A + REGIONAL INDICATOR SYMBOL LETTER U + DIGIT ONE + DIGIT NINE + DIGIT NINE + DIGIT SIX,,PUNY_IDNA
xn--qei0818mqka,❤🎅🏿,"Letters + HEAVY BLACK HEART, FATHER CHRISTMAS, EMOJI MODIFIER FITZPATRICK TYPE-6",,PUNY_IDNA
cryptickatz,,,,
teareport,,,,
nolang,,,,
walchegg,,,,
theworldshotz,,,,
schizothymia,,,,
xn--e5h3430ozbd,📷🧔♀,"Letters + CAMERA, BEARDED PERSON, FEMALE SIGN",,PUNY_IDNA
firetactics,,,,
lobbyman,,,,
colouroffire,,,,
newspapersonline,,,,
hedgewizard,,,,
beachphotos,,,,
seefooddiet,,,,
uberqueren,,,,
urbersdorf,,,,
xn--cgu63x,治愈,Chinese/Japanese/Korean,,"PUNY_IDNA,CJK"
unterwuhr,,,,
joyoflearning,,,,
888cn,,,,5C
waldkirchenamwesen,,,,
sulmaz,,,,
journeyofmylife,,,,
xn--49s82e,安庆,Chinese/Japanese/Korean,,"PUNY_IDNA,CJK"
v001,,,,4C
unityuniverse,,,,
unterzeiring,,,,
dobring,,,,
0xtrend,,,,
medianewslife,,,,
xn--8pr851fjxg,联合的,Chinese/Japanese/Korean,,"PUNY_IDNA,CJK"
eatcrazy,,,,
ppxe,,,,4L
xn--9j8hn4b,😍🎆,"Letters + SMILING FACE WITH HEART-SHAPED EYES, FIREWORKS",,PUNY_IDNA
newlivemedias,,,,
timegrab,,,,
testhns,,,,
hillroad,,,,
xn--tu8hu9ezc,📷🧑🦱,"Letters + CAMERA, ADULT, EMOJI COMPONENT CURLY HAIR",,PUNY_IDNA
2--u,,,,4C
autrina,,,,
0xjpegs,,,,
nextauthor,,,,
xn--mg8ho2c,🌆😍,"Letters + CITYSCAPE AT DUSK, SMILING FACE WITH HEART-SHAPED EYES",,PUNY_IDNA
justship,,,,
sweetio,,,,
seacritters,,,,
freegovernment,,,,
chandrakilla,,,,
australiantourism,,,,
attractivist,,,,
xn--4kqp8i97u,十二月,Chinese/Japanese/Korean,,"PUNY_IDNA,CJK"
ensdb,,,,5L
xn--mt7hr0h,😍🀄,"Letters + SMILING FACE WITH HEART-SHAPED EYES, MAHJONG TILE RED DRAGON",,PUNY_IDNA
youtubehowto,,,,
l414l,,,,5C
analfan,,,,
nyctrade,,,,
coralbleaching,,,,
voidersdorf,,,,
8bud8,,,,5C
xn--kkrv36b4sl,暗白十,Chinese/Japanese/Korean,,"PUNY_IDNA,CJK"
xn--b6hgge,♠♣♥♦,"Letters + BLACK SPADE SUIT, BLACK CLUB SUIT, BLACK HEART SUIT, BLACK DIAMOND SUIT",,PUNY_IDNA
valentinshaft,,,,
heaveintosight,,,,
xn--rss41d,天宫,Chinese/Japanese/Korean,,"PUNY_IDNA,CJK"
seascapeart,,,,
xn--syd2g4jrw,ፌስቡክ,"Letters + ETHIOPIC SYLLABLE FEE, ETHIOPIC SYLLABLE SE, ETHIOPIC SYLLABLE BU, ETHIOPIC SYLLABLE KE",,PUNY_IDNA
xn--6l8hmdu6p,🏉🦶🏿,"Letters + RUGBY FOOTBALL, FOOT, EMOJI MODIFIER FITZPATRICK TYPE-6",,PUNY_IDNA
yogeeism,,,,
miscarry,,,,
xn--7et36u,星尘,Chinese/Japanese/Korean,,"PUNY_IDNA,CJK"
coastbird,,,,
xn--yr8hqa,💓💛,BEATING HEART + YELLOW HEART,,PUNY_IDNA
johnny-jump-up,,,,
nftreef,,,,
charcoronation,,,,
yentai,,,,
sexxxyblondes,,,,
stablenfts,,,,
vordersdorf,,,,
threepictures,,,,
birdlook,,,,
n414n,,,,5C
4bris,,,,5C
toholdwater,,,,
peacehome,,,,
pontoonsforsale,,,,
xn--sm8h38a,😍🏞,"Letters + SMILING FACE WITH HEART-SHAPED EYES, NATIONAL PARK",,PUNY_IDNA
rvmart,,,,
o414o,,,,5C
upshitcreekinabarbwirecanoe,,,,
newfangled,,,,
todaysheadlines,,,,
skategoat,,,,
xn--nm8hi9a,🏙😍,"Letters + CITYSCAPE, SMILING FACE WITH HEART-SHAPED EYES",,PUNY_IDNA
exoticyachts,,,,
water-pipe,,,,
xn--3-636b,3月,Chinese/Japanese/Korean,,"PUNY_IDNA,CJK"
charbagala,,,,
kiking,,,,
xn--qyd6sle,ወሳኝ,"Letters + ETHIOPIC SYLLABLE WA, ETHIOPIC SYLLABLE SAA, ETHIOPIC SYLLABLE NYE",,PUNY_IDNA
monthlymeals,,,,
xn--qg8hg2c,🌊😍,"Letters + WATER WAVE, SMILING FACE WITH HEART-SHAPED EYES",,PUNY_IDNA
apathism,,,,
werberg,,,,
xn--rz8hzi,😱🖤,FACE SCREAMING IN FEAR + BLACK HEART,,PUNY_IDNA
carpfish,,,,
vichtau,,,,
wildwaves,,,,
xn--hpab728e3bw38i,ʕಠᴥರʔ,"Letters + LATIN LETTER PHARYNGEAL VOICED FRICATIVE, KANNADA LETTER TTHA, LATIN LETTER AIN, KANNADA LETTER RA, LATIN LETTER GLOTTAL STOP",,PUNY_IDNA
truthspins,,,,
youranon,,,,
seamossgel,,,,
amazingfish,,,,
water-sport,,,,
navaids,,,,
01etc,,,,5C
furriends,,,,
metabearz,,,,
watervirus,,,,
vorderschroffenau,,,,
xn--57hxk,⛳⚡,"Letters + FLAG IN HOLE, HIGH VOLTAGE SIGN",,PUNY_IDNA
bushfurniture,,,,
angerdao,,,,
xn--4o8h33f,🤯🐰,SHOCKED FACE WITH EXPLODING HEAD + RABBIT FACE,,PUNY_IDNA
kienburg,,,,
lossoflife,,,,
ironists,,,,
lifetlds,,,,
xn--cloud,䔁䔩,"Letters + CJK UNIFIED IDEOGRAPH-4501, CJK UNIFIED IDEOGRAPH-4529",,PUNY_IDNA
burnhold,,,,
midnightwater,,,,
fungusgnat,,,,
teaillegal,,,,
goodonya,,,,
aboriginals,,,,
medialifenews,,,,
mildish,,,,
yphy,,,,4L
xn--fiq73fnvbuz3e,中医养生,Chinese/Japanese/Korean,,"PUNY_IDNA,CJK"
botset,,,,
oreol,,,,5L
sailwar,,,,
livingsail,,,,
vericus,,,,
xn--2lz1j,禾稼,Chinese/Japanese/Korean,,"PUNY_IDNA,CJK"
australiantaxoffice,,,,
xn--wg8hr6d,🛹🌐,"Letters + SKATEBOARD, GLOBE WITH MERIDIANS",,PUNY_IDNA
heaveintoview,,,,
familyroots,,,,
xn--7dvr85a,甄文,Chinese/Japanese/Korean,,"PUNY_IDNA,CJK"
tablewater,,,,
4folk,,,,5C
daoclass,,,,
picrific,,,,
rawnews,,,,
weissee,,,,
bindowe,,,,
xn--fxdq0x,ባህል,"Letters + ETHIOPIC SYLLABLE BAA, ETHIOPIC SYLLABLE HE, ETHIOPIC SYLLABLE LE",,PUNY_IDNA
earsea,,,,
oldswag,,,,
knowaholic,,,,
byuk,,,,4L
zendoctor,,,,
rvfans,,,,
bookz,,,,5L
yeah-no,,,,
xn--nxd7r1fsz,ካፒታል,"Letters + ETHIOPIC SYLLABLE KAA, ETHIOPIC SYLLABLE PI, ETHIOPIC SYLLABLE TAA, ETHIOPIC SYLLABLE LE",,PUNY_IDNA
diamonddue,,,,
sniperz,,,,
unterwuchl,,,,
nftisle,,,,
diaphoresis,,,,
kangakid,,,,
riskofdeath,,,,
bitcoinkills,,,,
xn--8o8hgg,🐴💗,HORSE FACE + GROWING HEART,,PUNY_IDNA
sevening,,,,
wildpics,,,,
weisshaus,,,,
kendlersiedlung,,,,
xn--ehq997gtsh,脏三疯,Chinese/Japanese/Korean,,"PUNY_IDNA,CJK"
foliages,,,,
predatism,,,,
aerialpingpong,,,,
xn--7j8hfxq0i,📷🧑🎄,"Letters + CAMERA, ADULT, CHRISTMAS TREE",,PUNY_IDNA
xn--8o8hug,🐴💞,HORSE FACE + REVOLVING HEARTS,,PUNY_IDNA
0xassassin,,,,
pichub,,,,
i414i,,,,5C
johncleese,,,,
aerialpics,,,,
weinegg,,,,
hawtdog,,,,
mopes,,,,5L
floodtide,,,,
kidkorner,,,,
likemeta,,,,
cacography,,,,
xn--e28hp1d,🦘😀,"Letters + KANGAROO, GRINNING FACE",,PUNY_IDNA
dreamwhirl,,,,
openfish,,,,
xn--w4hw470o,☯🗺,"Letters + YIN YANG, WORLD MAP",,PUNY_IDNA
registree,,,,
xn--rd3a12a,费访,Chinese/Japanese/Korean,,"PUNY_IDNA,CJK"
yachtboy,,,,
stephenx,,,,
newlivesmedia,,,,
waterdrain,,,,
xn--fcsp16dg6bm6t,疯狂园艺,Chinese/Japanese/Korean,,"PUNY_IDNA,CJK"
winani,,,,
water-drain,,,,
laptopguy,,,,
made-in-usa,,,,
wenten,,,,
sldepot,,,,
subcloud,,,,
glitchface,,,,
xn--v4q876chxj,病柿儿,Chinese/Japanese/Korean,,"PUNY_IDNA,CJK"
ayrampu,,,,
trekearth,,,,
neopress,,,,
xn--9wd6jmgsx,ሀሽታግ,"Letters + ETHIOPIC SYLLABLE HA, ETHIOPIC SYLLABLE SHE, ETHIOPIC SYLLABLE TAA, ETHIOPIC SYLLABLE GE",,PUNY_IDNA
whileawaythetime,,,,
hnsldns,,,,
kieneck,,,,
dailyo,,,,
xn--vej,ⰲ,Letters + GLAGOLITIC SMALL LETTER VEDE,,PUNY_IDNA
verywater,,,,
thatstrue,,,,
jackpotx,,,,
metapsychical,,,,
xn--e1afbog,имени,Cyrillic (Russian/Ukrainian),,"PUNY_IDNA,Cyrillic"
adresism,,,,
xn--cgtp7q,撒尿,Chinese/Japanese/Korean,,"PUNY_IDNA,CJK"
asnau,,,,5L
veitsch,,,,
stocksail,,,,
botanicbank,,,,
pleuremphytic,,,,
isail,,,,5L
xn--mnkey-ig34d,m🙉nkey,Letters + HEAR-NO-EVIL MONKEY,,PUNY_IDNA
xpwn,,,,4L
vorderwolch,,,,
kiensass,,,,
warnblick,,,,
8ggg8,,,,5C
earthwhirl,,,,
trekgist,,,,
piscatorialist,,,,
buymugs,,,,
seage,,,,5L
e414e,,,,5C
seashoes,,,,
brainstew,,,,
sharktracking,,,,
campx,,,,5L
xn--3xd0p,ምት,"Letters + ETHIOPIC SYLLABLE ME, ETHIOPIC SYLLABLE TE",,PUNY_IDNA
webzen,,,,
frozensnacks,,,,
gamophagia,,,,
jpeghideout,,,,
blastomycetes,,,,
xn--8o8hfg,💗🐴,GROWING HEART + HORSE FACE,,PUNY_IDNA
floweringplant,,,,
xn--mo8h4o,🐞🔍,"Letters + LADY BEETLE, LEFT-POINTING MAGNIFYING GLASS",,PUNY_IDNA
ratefee,,,,
bugcake,,,,
klachau,,,,
d414d,,,,5C
chrysophrysaustralis,,,,
antineutrality,,,,
welzeneggburgfried,,,,
rivalship,,,,
therainbow,,,,
sldepotld,,,,
xn--hz1a,蔥,Chinese/Japanese/Korean,,"PUNY_IDNA,CJK"
digitalfiles,,,,
woodcrash,,,,
ebayart,,,,
tankswim,,,,
nationregion,,,,
neutralistic,,,,
domainal,,,,
china8888,,,,
xn--mbtv33k,鑒定,Chinese/Japanese/Korean,,"PUNY_IDNA,CJK"
chinawalk,,,,
buffetnyc,,,,
xn--ehq11txq5apbo,三国笑话,Chinese/Japanese/Korean,,"PUNY_IDNA,CJK"
kierling,,,,
hnscores,,,,
offenegg,,,,
guidedao,,,,
xn--w1d2n,ኢዱ,"Letters + ETHIOPIC SYLLABLE GLOTTAL I, ETHIOPIC SYLLABLE DU",,PUNY_IDNA
xn--z3v507a,种植,Chinese/Japanese/Korean,,"PUNY_IDNA,CJK"
sysdev,,,,
yzar,,,,4L
seawings,,,,
kerschham,,,,
0xlite,,,,
countersecurity,,,,
pikcat,,,,
anaxiphilia,,,,
xn--qg8hf2c,😍🌊,"Letters + SMILING FACE WITH HEART-SHAPED EYES, WATER WAVE",,PUNY_IDNA
bedknobsandbroomsticks,,,,
0-me,,,,4C
xn--fxdp7xic0g,ብልህነት,"Letters + ETHIOPIC SYLLABLE BE, ETHIOPIC SYLLABLE LE, ETHIOPIC SYLLABLE HE, ETHIOPIC SYLLABLE NA, ETHIOPIC SYLLABLE TE",,PUNY_IDNA
wagersbach,,,,
addrea,,,,
iinet,,,,5L
chandpara,,,,
tidedrifter,,,,
entendres,,,,
sdubs,,,,5L
xn--tu8hq9e5c,📷🧑🦯,"Letters + CAMERA, ADULT, PROBING CANE",,PUNY_IDNA
xn--u2t29l3ta2g120g,日月当空曌,Chinese/Japanese/Korean,,"PUNY_IDNA,CJK"
xn--2nyw4as3q,画皮网,Chinese/Japanese/Korean,,"PUNY_IDNA,CJK"
xn--kg8hr2c,😍🌄,"Letters + SMILING FACE WITH HEART-SHAPED EYES, SUNRISE OVER MOUNTAINS",,PUNY_IDNA
arossa,,,,
amphigonous,,,,
areadinho,,,,
bicolors,,,,
azureness,,,,
wofdnsdjswoac,,,,
moonlightrain,,,,
captainaustralia,,,,
zenhax,,,,
xn--hpab728eei0ae33k,ʕಠꈊ◉ʔ,"Letters + LATIN LETTER PHARYNGEAL VOICED FRICATIVE, KANNADA LETTER TTHA, YI SYLLABLE KET, FISHEYE, LATIN LETTER GLOTTAL STOP",,PUNY_IDNA
carphotos,,,,
xn--6l8hldu6p,🦶🏿🏉,"Letters + FOOT, EMOJI MODIFIER FITZPATRICK TYPE-6, RUGBY FOOTBALL",,PUNY_IDNA
lifemedianews,,,,
flatout,,,,
blastactinota,,,,
0__9,,,,4C
daysea,,,,
nimbleship,,,,
xppe,,,,4L
weinern,,,,
whywater,,,,
aquastick,,,,
mercurian,,,,
artjpeg,,,,
xn--ng8hl2c,😍🌇,"Letters + SMILING FACE WITH HEART-SHAPED EYES, SUNSET OVER BUILDINGS",,PUNY_IDNA
xn--hxyz3a,短的,Chinese/Japanese/Korean,,"PUNY_IDNA,CJK"
metaversesnipe,,,,
klebing,,,,
screwlife,,,,
wanderwave,,,,
opponitz,,,,
findbeats,,,,
polyphyodont,,,,
vorholz,,,,
xn--mt7hs0h,🀄😍,"Letters + MAHJONG TILE RED DRAGON, SMILING FACE WITH HEART-SHAPED EYES",,PUNY_IDNA
annualpasses,,,,
provedfact,,,,
indenizen,,,,
australianfederalgovernment,,,,
thedancers,,,,
xn--ng8hm2c,🌇😍,"Letters + SUNSET OVER BUILDINGS, SMILING FACE WITH HEART-SHAPED EYES",,PUNY_IDNA
psychoda,,,,
faithblind,,,,
wellhellothere,,,,
cqcoal,,,,
turfsurf,,,,
heavenless,,,,
wenns,,,,5L
xn--plane-el2c,plane✈,Letters + AIRPLANE,,PUNY_IDNA
xn--5qs043gm4o,壱肆零,Chinese/Japanese/Korean,,"PUNY_IDNA,CJK"
mrsghost,,,,
rafc,,,,4L
xn--qfk,ㄙ,Letters + BOPOMOFO LETTER S,,PUNY_IDNA
slavedealer,,,,
xn--j1dv7a9t,አይካን,"Letters + ETHIOPIC SYLLABLE GLOTTAL A, ETHIOPIC SYLLABLE YE, ETHIOPIC SYLLABLE KAA, ETHIOPIC SYLLABLE NE",,PUNY_IDNA
popmail,,,,
8bad8,,,,5C
xn--v4hy400o,☮🐐,"Letters + PEACE SYMBOL, GOAT",,PUNY_IDNA
wankham,,,,
idkdao,,,,
vogelberg,,,,
sunnyglow,,,,
xn--4gb0af,عون,Arabic/Urdu/Uyghur,,"PUNY_IDNA,Arabic"
keepyuppy,,,,
xn--4gqf1661b,苏七一,Chinese/Japanese/Korean,,"PUNY_IDNA,CJK"
himward,,,,
pezs,,,,4L
xn--vn8h0e,🐄👑,"Letters + COW, CROWN",,PUNY_IDNA
plsplz,,,,
4few,,,,4C
cyrenaicism,,,,
adiaphorism,,,,
basketmaking,,,,
fishnow,,,,
petstor,,,,
colorfulbird,,,,
numbxrz,,,,
garagemonkey,,,,
helisite,,,,
xn--80ahyzc1d,думать,Cyrillic (Russian/Ukrainian),,"PUNY_IDNA,Cyrillic"
xn--rsqared-gpf,πrsqared,Greek,,"PUNY_IDNA,Greek"
webfed,,,,
subsequences,,,,
bellare,,,,
rvarud,,,,
galvanist,,,,
rvstop,,,,
xn--nm8hh9a,😍🏙,"Letters + SMILING FACE WITH HEART-SHAPED EYES, CITYSCAPE",,PUNY_IDNA
shi3,,,,4C
bibliology,,,,
xn--igt332e,立居,Chinese/Japanese/Korean,,"PUNY_IDNA,CJK"
euthanasy,,,,
xn--hero,剬剳,Chinese/Japanese/Korean,,"PUNY_IDNA,CJK"
jokedev,,,,
dogvscat,,,,
newslifemedia,,,,
itcafe,,,,
mrgrant,,,,
masculism,,,,
bestnewswebsite,,,,
comura,,,,
exergame,,,,
gainsays,,,,
salesell,,,,
xnip,,,,4L
gracerios,,,,
xn--6tuu7b,擦拭,Chinese/Japanese/Korean,,"PUNY_IDNA,CJK"
isdao,,,,5L
fishmobile,,,,
1300smiles,,,,
webbob,,,,
garrarufafish,,,,
acontinental,,,,
brainruin,,,,
pressdept,,,,
rabbitwolf,,,,
naturesseascape,,,,
debbies,,,,
blockface,,,,
you-mail,,,,
xn--jbt1d,密宗,Chinese/Japanese/Korean,,"PUNY_IDNA,CJK"
creafamainc,,,,
miscarries,,,,
velzur,,,,
deathjoke,,,,
xn--7n8hvi,💛🐐,"Letters + YELLOW HEART, GOAT",,PUNY_IDNA
yesud,,,,5L
stakerx,,,,
xn--6l8h08g,🏉🦶,"Letters + RUGBY FOOTBALL, FOOT",,PUNY_IDNA
ok13,,,,4C
a414a,,,,5C
campingtip,,,,
sinism,,,,
skilletfish,,,,
byup,,,,4L
parrotpal,,,,
xn--is8he3f,💦🦘,"Letters + SPLASHING SWEAT SYMBOL, KANGAROO",,PUNY_IDNA
moodguru,,,,
anon-0,,,,
yuleba,,,,
xnyc,,,,4L
mirical,,,,
gamesforlife,,,,
wanzbach,,,,
tatahitachi,,,,
xn--10-5j8d,10月,Chinese/Japanese/Korean,,"PUNY_IDNA,CJK"
8nnn8,,,,5C
idiologism,,,,
weisland,,,,
mskinner,,,,
iross,,,,5L
xn--rq8h1i54j,📷👩🦱,"Letters + CAMERA, WOMAN, EMOJI COMPONENT CURLY HAIR",,PUNY_IDNA
ch70,,,,4C
g414g,,,,5C
xn--jorw12fyws,双重的,Chinese/Japanese/Korean,,"PUNY_IDNA,CJK"
seaninja,,,,
actionfest,,,,
8odo8,,,,5C
shakeguide,,,,
dreamreaver,,,,
emigrations,,,,
pluralizes,,,,
solarimages,,,,
ch40,,,,4C
rain-water,,,,
urfahr,,,,
nihilify,,,,
xn--cest9bgz1cspx,足球天地,Chinese/Japanese/Korean,,"PUNY_IDNA,CJK"
openseafisher,,,,
isorropic,,,,
24hournews,,,,
chinesewhale,,,,
keepsailing,,,,
xn--n77hma016c,🇯🇵🤝,"Letters + REGIONAL INDICATOR SYMBOL LETTER J, REGIONAL INDICATOR SYMBOL LETTER P, HANDSHAKE",,PUNY_IDNA
bluf,,,,4L
xn--tkrp0qh7esqb021f,脑子慢半拍,Chinese/Japanese/Korean,,"PUNY_IDNA,CJK"
xtreme,,,,
sabirkend,,,,
xn--9-636b,9月,Chinese/Japanese/Korean,,"PUNY_IDNA,CJK"
imagg,,,,5L
niceweed,,,,
xn--4ckvf0a,ゾーン,Japanese,,"PUNY_IDNA,Japanese"
b4belief,,,,
fuckabyte,,,,
xn--syd5p9t,ነፍስ,"Letters + ETHIOPIC SYLLABLE NA, ETHIOPIC SYLLABLE FE, ETHIOPIC SYLLABLE SE",,PUNY_IDNA
ethereumos,,,,
publicfish,,,,
fasciate,,,,
seniorgirl,,,,
xn--tu8hkdo2m,📷🧑🔬,"Letters + CAMERA, ADULT, MICROSCOPE",,PUNY_IDNA
xn--8prq6v,合并,Chinese/Japanese/Korean,,"PUNY_IDNA,CJK"
ship-money,,,,
boatpleasure,,,,
emccarthy,,,,
waidhausen,,,,
thatsnotaname,,,,
duboko,,,,
koalapicks,,,,
airvarie,,,,
b4boat,,,,
fractl,,,,
xcook,,,,5L
photohumor,,,,
vormoos,,,,
aquasurge,,,,
maxtrips,,,,
sunivers,,,,
xn--l3hz591o,🤝☁,"Letters + HANDSHAKE, CLOUD",,PUNY_IDNA
digsair,,,,
xn--qg8h3y,💙🌊,"Letters + BLUE HEART, WATER WAVE",,PUNY_IDNA
shakebake,,,,
tourismtasmania,,,,
aussiewhale,,,,
ch43,,,,4C
xn--g1ajq,мзс,Cyrillic (Russian/Ukrainian),,"PUNY_IDNA,Cyrillic"
topnewsarticles,,,,
ch48,,,,4C
sigmate,,,,
xn--wo8h3o,🔗🐨,"Letters + LINK SYMBOL, KOALA",,PUNY_IDNA
watercity,,,,
4bush,,,,5C
tidechange,,,,
truckerpath,,,,
armyboats,,,,
mediasnewlife,,,,
phishery,,,,
govapi,,,,
xn--b6hgfd,♠♦♥♣,"Letters + BLACK SPADE SUIT, BLACK DIAMOND SUIT, BLACK HEART SUIT, BLACK CLUB SUIT",,PUNY_IDNA
dongar,,,,
walkfree,,,,
unichord,,,,
thisisaname,,,,
boatlights,,,,
conquien,,,,
y414y,,,,5C
policeblockchain,,,,
xn--55q99d,公吨,Chinese/Japanese/Korean,,"PUNY_IDNA,CJK"
xn--yhq3d483n4rm,丝绸之路,Chinese/Japanese/Korean,,"PUNY_IDNA,CJK"
webersdorf,,,,
qasimalilar,,,,
letitcook,,,,
xn--jn2ar3z,行间,Chinese/Japanese/Korean,,"PUNY_IDNA,CJK"
purrfectlife,,,,
xn--krup14b6vt,抑郁症,Chinese/Japanese/Korean,,"PUNY_IDNA,CJK"
98au,,,,4C
xn--essp57g,良夜,Chinese/Japanese/Korean,,"PUNY_IDNA,CJK"
moonwon,,,,
misaltered,,,,
cantofe,,,,
tldepotld,,,,
xn--bo8hf5a,😆🐓,"Letters + SMILING FACE WITH OPEN MOUTH AND TIGHTLY-CLOSED EYES, ROOSTER",,PUNY_IDNA
web3donation,,,,
wavescrash,,,,
mylifesofar,,,,
xn--wnuw08b,我看,Chinese/Japanese/Korean,,"PUNY_IDNA,CJK"
xtogether,,,,
miothermic,,,,
